// Auto-generated by design/make_icons.py from design/main_screen_mockup.png
// RGB565 icons, 32x32, transparent key 0xF81F
#pragma once
#include <stdint.h>

#define ICON_SIZE 32
#define ICON_KEY 0xF81F

const uint16_t icon_heart[1024] PROGMEM = {
  0xF81F, 0xF81F, 0xF81F, 0xF81F, 0xF81F, 0xF81F, 0xF81F, 0xF81F, 0xF81F, 0xF81F, 0xF81F, 0xF81F, 0xF81F, 0xF81F, 0xF81F, 0xF81F,
  0xF81F, 0xF81F, 0xF81F, 0xF81F, 0xF81F, 0xF81F, 0xF81F, 0xF81F, 0xF81F, 0xF81F, 0xF81F, 0xF81F, 0xF81F, 0xF81F, 0xF81F, 0xF81F,
  0xF81F, 0xF81F, 0xF81F, 0xF81F, 0xF81F, 0xF81F, 0xF81F, 0xF81F, 0xF81F, 0xF81F, 0xF81F, 0xF81F, 0xF81F, 0xF81F, 0xF81F, 0xF81F,
  0xF81F, 0xF81F, 0xF81F, 0xF81F, 0xF81F, 0xF81F, 0xF81F, 0xF81F, 0xF81F, 0xF81F, 0xF81F, 0xF81F, 0xF81F, 0xF81F, 0xF81F, 0xF81F,
  0xF81F, 0xF81F, 0xF81F, 0xF81F, 0xF81F, 0xF81F, 0xF81F, 0xF81F, 0xF81F, 0xF81F, 0xF81F, 0xF81F, 0xF81F, 0xF81F, 0xF81F, 0xF81F,
  0xF81F, 0xF81F, 0xF81F, 0xF81F, 0xFB16, 0xFBB7, 0xFBD7, 0xFBD7, 0xFB15, 0xF81F, 0xF81F, 0xF81F, 0xF81F, 0xF81F, 0xF81F, 0xF81F,
  0xF81F, 0xF81F, 0xF81F, 0xF81F, 0xF81F, 0xF81F, 0xF81F, 0xF81F, 0xF81F, 0xF81F, 0xF81F, 0xF81F, 0xF81F, 0xF81F, 0xF81F, 0xF81F,
  0xF81F, 0xF81F, 0xF81F, 0xFBD8, 0xFB97, 0xFB76, 0xFB76, 0xFB76, 0xFB97, 0xFBF8, 0xF84E, 0xF81F, 0xF81F, 0xF81F, 0xF81F, 0xF81F,
  0xF81F, 0xF81F, 0xF81F, 0xF81F, 0xF81F, 0xF81F, 0xF81F, 0xF81F, 0xF81F, 0xF81F, 0xF81F, 0xF81F, 0xF81F, 0xF81F, 0xF81F, 0xF81F,
  0xF81F, 0xF81F, 0xFBD8, 0xFB56, 0xFB75, 0xFB76, 0xFB76, 0xFB96, 0xFB76, 0xFB56, 0xFBF8, 0xF81F, 0xF81F, 0xF81F, 0xF81F, 0xF81F,
  0xF81F, 0xF81F, 0xF81F, 0xF81F, 0xF81F, 0xF81F, 0xF81F, 0xF81F, 0xF81F, 0xF81F, 0xF81F, 0xF81F, 0xF81F, 0xF81F, 0xF81F, 0xF81F,
  0xF81F, 0xFB76, 0xFB76, 0xFB76, 0xFB76, 0xFB76, 0xFB76, 0xFB76, 0xFB96, 0xFB76, 0xFB97, 0xFAD4, 0xF81F, 0xF81F, 0xF81F, 0xF81F,
  0xF81F, 0xF81F, 0xF81F, 0xF81F, 0xF81F, 0xF81F, 0xF81F, 0xF81F, 0xF81F, 0xF81F, 0xF81F, 0xF81F, 0xF81F, 0xF81F, 0xF81F, 0xF81F,
  0xF0F1, 0xFBD8, 0xFB55, 0xFB76, 0xFB76, 0xFB76, 0xFB76, 0xFB76, 0xFB96, 0xFB96, 0xFB76, 0xFBF7, 0xF81F, 0xF81F, 0xF81F, 0xF81F,
  0xF81F, 0xF81F, 0xF81F, 0xF81F, 0xF81F, 0xF81F, 0xF81F, 0xF81F, 0xF81F, 0xF81F, 0xF81F, 0xF81F, 0xF81F, 0xF81F, 0xF81F, 0xF81F,
  0xFB35, 0xFB97, 0xFB76, 0xFB96, 0xFB96, 0xFB76, 0xFB76, 0xFB76, 0xFB96, 0xFB96, 0xFB76, 0xFBF8, 0xF910, 0xF81F, 0xF81F, 0xF81F,
  0xF81F, 0xF81F, 0xF81F, 0xF81F, 0xF81F, 0xF81F, 0xFA13, 0xFB16, 0xFB76, 0xFB76, 0xFAD5, 0xF81F, 0xF81F, 0xF81F, 0xF81F, 0xF81F,
  0xFBB7, 0xFB76, 0xFB96, 0xFB96, 0xFB96, 0xFB76, 0xFB96, 0xFB96, 0xFB96, 0xFB96, 0xFB76, 0xFBF8, 0xF971, 0xF81F, 0xF81F, 0xF81F,
  0xF81F, 0xF81F, 0xF81F, 0xF81F, 0xF81F, 0xFB97, 0xFBF8, 0xFBB7, 0xFB97, 0xFBB7, 0xFBD7, 0xFBD8, 0xFB36, 0xF81F, 0xF81F, 0xF150,
  0xFBD8, 0xFB76, 0xFB96, 0xFB96, 0xFB96, 0xFB96, 0xFB96, 0xFB96, 0xFB96, 0xFB96, 0xFB96, 0xFBD7, 0xFA93, 0xF81F, 0xF81F, 0xF81F,
  0xF81F, 0xF81F, 0xF81F, 0xF81F, 0xFBB7, 0xFBB7, 0xFB75, 0xFB76, 0xFB76, 0xFB96, 0xFB76, 0xFB76, 0xFB97, 0xFBD8, 0xF81F, 0xF8F0,
  0xFBD8, 0xFB76, 0xFB96, 0xFB96, 0xFB96, 0xFB96, 0xFB96, 0xFB96, 0xFB96, 0xFB96, 0xFB96, 0xFBD8, 0xF88E, 0xF81F, 0xF81F, 0xF81F,
  0xF81F, 0xF81F, 0xF81F, 0xFB35, 0xFBB7, 0xFB76, 0xFB96, 0xFB96, 0xFB96, 0xFB96, 0xFB96, 0xFB96, 0xFB76, 0xFB96, 0xFB96, 0xFB55,
  0xFB97, 0xFB96, 0xFB96, 0xFB96, 0xFB96, 0xFB96, 0xFB96, 0xFB96, 0xFB96, 0xFB96, 0xFB76, 0xFBD8, 0xF170, 0xF81F, 0xF81F, 0xF81F,
  0xF81F, 0xF81F, 0xF81F, 0xFBB7, 0xFB76, 0xFB96, 0xFB96, 0xFB96, 0xFB96, 0xFB96, 0xFB96, 0xFB96, 0xFB96, 0xFB96, 0xFB96, 0xFBD7,
  0xFB96, 0xFB96, 0xFB96, 0xFB96, 0xFB96, 0xFB96, 0xFB96, 0xFB96, 0xFB96, 0xFB96, 0xFB76, 0xFBD8, 0xF0AE, 0xF81F, 0xF81F, 0xF81F,
  0xF81F, 0xF81F, 0xF81F, 0xFBB7, 0xFB76, 0xFB96, 0xFB96, 0xFB96, 0xFB96, 0xFB96, 0xFB96, 0xFB96, 0xFB96, 0xFB96, 0xFB96, 0xFB96,
  0xFB96, 0xFB96, 0xFB96, 0xFB96, 0xFB96, 0xFB96, 0xFB96, 0xFB96, 0xFBB6, 0xFB96, 0xFB76, 0xFBD7, 0xF81F, 0xF81F, 0xF81F, 0xF81F,
  0xF81F, 0xF81F, 0xF81F, 0xFBD8, 0xFB76, 0xFB96, 0xFB96, 0xFB96, 0xFB96, 0xFB96, 0xFB96, 0xFB96, 0xFB96, 0xFBB6, 0xFB96, 0xFBB6,
  0xFBB6, 0xFB96, 0xFB96, 0xFB96, 0xFB96, 0xFB96, 0xFB96, 0xFB96, 0xFBB6, 0xFB96, 0xFB96, 0xFBB6, 0xF81F, 0xF81F, 0xF81F, 0xF81F,
  0xF81F, 0xF81F, 0xF81F, 0xFBB7, 0xFB76, 0xFB96, 0xFB96, 0xFB96, 0xFB96, 0xFB96, 0xFB96, 0xFB96, 0xFB96, 0xFBB6, 0xFBB6, 0xFB96,
  0xFB96, 0xFB96, 0xFB96, 0xFB96, 0xFB96, 0xFB96, 0xFB96, 0xFB96, 0xFBB6, 0xFB96, 0xFBD7, 0xFAD4, 0xF81F, 0xF81F, 0xF81F, 0xF81F,
  0xF81F, 0xF81F, 0xF81F, 0xFB75, 0xFB96, 0xFB96, 0xFB96, 0xFB96, 0xFB96, 0xFB96, 0xFB96, 0xFB96, 0xFB96, 0xFBB6, 0xFBB6, 0xFB96,
  0xFB96, 0xFBB6, 0xFB96, 0xFB96, 0xFB96, 0xFB96, 0xFB96, 0xFB96, 0xFBB6, 0xFB96, 0xFC18, 0xF81F, 0xF81F, 0xF81F, 0xF81F, 0xF81F,
  0xF81F, 0xF81F, 0xF81F, 0xF9F2, 0xFBD8, 0xFB76, 0xFB96, 0xFB96, 0xFB96, 0xFB96, 0xFB96, 0xFB96, 0xFB96, 0xFBB6, 0xFB96, 0xFBB6,
  0xFB96, 0xFB96, 0xFB96, 0xFB96, 0xFB96, 0xFB96, 0xFB96, 0xFB96, 0xFB96, 0xFB96, 0xFBB6, 0xF81F, 0xF81F, 0xF81F, 0xF81F, 0xF81F,
  0xF81F, 0xF81F, 0xF81F, 0xF81F, 0xFBB7, 0xFB76, 0xFB96, 0xFB96, 0xFB96, 0xFB96, 0xFB96, 0xFB96, 0xFB96, 0xFB96, 0xFB96, 0xFBB6,
  0xFB96, 0xFB96, 0xFB96, 0xFB96, 0xFB96, 0xFB96, 0xFB96, 0xFB96, 0xFB96, 0xFBD8, 0xFA53, 0xF81F, 0xF81F, 0xF81F, 0xF81F, 0xF81F,
  0xF81F, 0xF81F, 0xF81F, 0xF81F, 0xF991, 0xFBF8, 0xFB76, 0xFB96, 0xFB96, 0xFB96, 0xFB96, 0xFB96, 0xFB96, 0xFB96, 0xFB96, 0xFB96,
  0xFB96, 0xFB96, 0xFB96, 0xFB96, 0xFB96, 0xFB96, 0xFB96, 0xFB96, 0xFB76, 0xFBB7, 0xF81F, 0xF81F, 0xF81F, 0xF81F, 0xF81F, 0xF81F,
  0xF81F, 0xF81F, 0xF81F, 0xF81F, 0xF81F, 0xFB15, 0xFBD8, 0xFB76, 0xFB96, 0xFB96, 0xFB96, 0xFB96, 0xFB96, 0xFB96, 0xFB96, 0xFB96,
  0xFB96, 0xFB96, 0xFB96, 0xFB96, 0xFB96, 0xFB96, 0xFB96, 0xFB76, 0xFBD8, 0xFA53, 0xF81F, 0xF81F, 0xF81F, 0xF81F, 0xF81F, 0xF81F,
  0xF81F, 0xF81F, 0xF81F, 0xF81F, 0xF81F, 0xF81F, 0xFB15, 0xFBF8, 0xFB76, 0xFB96, 0xFB96, 0xFB96, 0xFB96, 0xFB96, 0xFB96, 0xFB96,
  0xFB96, 0xFB96, 0xFB96, 0xFB96, 0xFB96, 0xFB96, 0xFB96, 0xFB96, 0xFBD7, 0xF81F, 0xF81F, 0xF81F, 0xF81F, 0xF81F, 0xF81F, 0xF81F,
  0xF81F, 0xF81F, 0xF81F, 0xF81F, 0xF81F, 0xF81F, 0xF81F, 0xFA74, 0xFBF8, 0xFB96, 0xFB76, 0xFB96, 0xFB96, 0xFB96, 0xFB96, 0xFB96,
  0xFB96, 0xFB96, 0xFB96, 0xFB96, 0xFB96, 0xFBB6, 0xFB96, 0xFBF8, 0xF8AF, 0xF81F, 0xF81F, 0xF81F, 0xF81F, 0xF81F, 0xF81F, 0xF81F,
  0xF81F, 0xF81F, 0xF81F, 0xF81F, 0xF81F, 0xF81F, 0xF81F, 0xF81F, 0xF06E, 0xFBB6, 0xFBD8, 0xFB96, 0xFB96, 0xFB96, 0xFB96, 0xFB96,
  0xFB96, 0xFB96, 0xFB96, 0xFB96, 0xFB96, 0xFB96, 0xFBB6, 0xFB96, 0xF81F, 0xF81F, 0xF81F, 0xF81F, 0xF81F, 0xF81F, 0xF81F, 0xF81F,
  0xF81F, 0xF81F, 0xF81F, 0xF81F, 0xF81F, 0xF81F, 0xF81F, 0xF81F, 0xF81F, 0xF81F, 0xFAB4, 0xFBB6, 0xFBB7, 0xFB76, 0xFB76, 0xFB96,
  0xFB96, 0xFB96, 0xFB96, 0xFB96, 0xFB96, 0xFB76, 0xFBF7, 0xF81F, 0xF81F, 0xF81F, 0xF81F, 0xF81F, 0xF81F, 0xF81F, 0xF81F, 0xF81F,
  0xF81F, 0xF81F, 0xF81F, 0xF81F, 0xF81F, 0xF81F, 0xF81F, 0xF81F, 0xF81F, 0xF81F, 0xF81F, 0xF81F, 0xFB56, 0xFBD7, 0xFBB7, 0xFB76,
  0xFB76, 0xFB96, 0xFB96, 0xFB96, 0xFB76, 0xFBD8, 0xFA32, 0xF81F, 0xF81F, 0xF81F, 0xF81F, 0xF81F, 0xF81F, 0xF81F, 0xF81F, 0xF81F,
  0xF81F, 0xF81F, 0xF81F, 0xF81F, 0xF81F, 0xF81F, 0xF81F, 0xF81F, 0xF81F, 0xF81F, 0xF81F, 0xF81F, 0xF81F, 0xF81F, 0xFAF5, 0xFBD7,
  0xFBB7, 0xFB76, 0xFB75, 0xFB76, 0xFBB7, 0xFB76, 0xF81F, 0xF81F, 0xF81F, 0xF81F, 0xF81F, 0xF81F, 0xF81F, 0xF81F, 0xF81F, 0xF81F,
  0xF81F, 0xF81F, 0xF81F, 0xF81F, 0xF81F, 0xF81F, 0xF81F, 0xF81F, 0xF81F, 0xF81F, 0xF81F, 0xF81F, 0xF81F, 0xF81F, 0xF81F, 0xF81F,
  0xFB15, 0xFBF7, 0xFBD8, 0xFBD8, 0xFBF7, 0xF81F, 0xF81F, 0xF81F, 0xF81F, 0xF81F, 0xF81F, 0xF81F, 0xF81F, 0xF81F, 0xF81F, 0xF81F,
  0xF81F, 0xF81F, 0xF81F, 0xF81F, 0xF81F, 0xF81F, 0xF81F, 0xF81F, 0xF81F, 0xF81F, 0xF81F, 0xF81F, 0xF81F, 0xF81F, 0xF81F, 0xF81F,
  0xF81F, 0xF81F, 0xF9B2, 0xFA96, 0xF81F, 0xF81F, 0xF81F, 0xF81F, 0xF81F, 0xF81F, 0xF81F, 0xF81F, 0xF81F, 0xF81F, 0xF81F, 0xF81F,
  0xF81F, 0xF81F, 0xF81F, 0xF81F, 0xF81F, 0xF81F, 0xF81F, 0xF81F, 0xF81F, 0xF81F, 0xF81F, 0xF81F, 0xF81F, 0xF81F, 0xF81F, 0xF81F,
  0xF81F, 0xF81F, 0xF81F, 0xF81F, 0xF81F, 0xF81F, 0xF81F, 0xF81F, 0xF81F, 0xF81F, 0xF81F, 0xF81F, 0xF81F, 0xF81F, 0xF81F, 0xF81F,
  0xF81F, 0xF81F, 0xF81F, 0xF81F, 0xF81F, 0xF81F, 0xF81F, 0xF81F, 0xF81F, 0xF81F, 0xF81F, 0xF81F, 0xF81F, 0xF81F, 0xF81F, 0xF81F,
  0xF81F, 0xF81F, 0xF81F, 0xF81F, 0xF81F, 0xF81F, 0xF81F, 0xF81F, 0xF81F, 0xF81F, 0xF81F, 0xF81F, 0xF81F, 0xF81F, 0xF81F, 0xF81F,
  0xF81F, 0xF81F, 0xF81F, 0xF81F, 0xF81F, 0xF81F, 0xF81F, 0xF81F, 0xF81F, 0xF81F, 0xF81F, 0xF81F, 0xF81F, 0xF81F, 0xF81F, 0xF81F,
  0xF81F, 0xF81F, 0xF81F, 0xF81F, 0xF81F, 0xF81F, 0xF81F, 0xF81F, 0xF81F, 0xF81F, 0xF81F, 0xF81F, 0xF81F, 0xF81F, 0xF81F, 0xF81F,
};

const uint16_t icon_flower[1024] PROGMEM = {
  0xF81F, 0xF81F, 0xF81F, 0xF81F, 0xF81F, 0xF81F, 0xF81F, 0xF81F, 0xF81F, 0xF81F, 0xF81F, 0xF81F, 0xF81F, 0xF81F, 0xF81F, 0xF81F,
  0xF81F, 0xF81F, 0xF81F, 0xF81F, 0xF81F, 0xF81F, 0xF81F, 0xF81F, 0xF81F, 0xF81F, 0xF81F, 0xF81F, 0xF81F, 0xF81F, 0xF81F, 0xF81F,
  0xF81F, 0xF81F, 0xF81F, 0xF81F, 0xF81F, 0xF81F, 0xF81F, 0xF81F, 0xF81F, 0xF81F, 0xF81F, 0xF81F, 0xF81F, 0xF81F, 0xF81F, 0xF81F,
  0xF81F, 0xF81F, 0xF955, 0xFB58, 0xFB38, 0xFB58, 0xF954, 0xF81F, 0xF81F, 0xF81F, 0xF81F, 0xF81F, 0xF81F, 0xF81F, 0xF81F, 0xF81F,
  0xF81F, 0xF81F, 0xF81F, 0xF81F, 0xF81F, 0xF81F, 0xF81F, 0xF81F, 0xF81F, 0xF81F, 0xF81F, 0xF81F, 0xF81F, 0xF81F, 0xF81F, 0xF81F,
  0xF81F, 0xFB38, 0xFC1A, 0xFBF9, 0xFBB9, 0xFBD9, 0xFC5A, 0xF993, 0xF81F, 0xF81F, 0xF81F, 0xF81F, 0xF81F, 0xF81F, 0xF81F, 0xF81F,
  0xF81F, 0xF81F, 0xF81F, 0xF81F, 0xF81F, 0xF81F, 0xF81F, 0xF81F, 0xF81F, 0xF81F, 0xF81F, 0xF81F, 0xF81F, 0xF81F, 0xF81F, 0xF81F,
  0xFB99, 0xFBDA, 0xFB98, 0xFBB8, 0xFBB8, 0xFBB8, 0xFBD8, 0xFC5A, 0xF81F, 0xF81F, 0xF81F, 0xF81F, 0xF81F, 0xF81F, 0xF81F, 0xF81F,
  0xF81F, 0xF81F, 0xF81F, 0xF81F, 0xF81F, 0xF81F, 0xF81F, 0xF81F, 0xF81F, 0xF81F, 0xF81F, 0xF81F, 0xF81F, 0xF81F, 0xF81F, 0xFAD6,
  0xFBFA, 0xFB77, 0xFB98, 0xFBB8, 0xFBD8, 0xFBD8, 0xFBB8, 0xFBFA, 0xF9B4, 0xF81F, 0xF81F, 0xF81F, 0xF81F, 0xF81F, 0xF81F, 0xF81F,
  0xF81F, 0xF81F, 0xF81F, 0xF81F, 0xF81F, 0xF81F, 0xF81F, 0xF81F, 0xF81F, 0xF81F, 0xF81F, 0xF81F, 0xF81F, 0xF81F, 0xF81F, 0xFBF9,
  0xFB98, 0xFBB8, 0xFBB8, 0xFBB8, 0xFBB8, 0xFBD8, 0xFBB8, 0xFBB9, 0xFAF7, 0xF81F, 0xF81F, 0xF81F, 0xF81F, 0xF81F, 0xF81F, 0xF81F,
  0xF81F, 0xF81F, 0xF81F, 0xF81F, 0xF81F, 0xF81F, 0xF81F, 0xF81F, 0xFAF7, 0xFB98, 0xFB78, 0xFAF8, 0xF81F, 0xF81F, 0xF954, 0xFBD9,
  0xFB98, 0xFBB8, 0xFBB8, 0xFBB8, 0xFBB8, 0xFBD8, 0xFBB8, 0xFBB9, 0xFB98, 0xF81F, 0xF81F, 0xF81F, 0xF81F, 0xF81F, 0xF81F, 0xF81F,
  0xF81F, 0xF81F, 0xF81F, 0xF81F, 0xF81F, 0xF81F, 0xFAB7, 0xFC1A, 0xFC1A, 0xFBD9, 0xFB99, 0xFBBA, 0xFBF9, 0xF81F, 0xFB38, 0xFB99,
  0xFB98, 0xFBB8, 0xFBB8, 0xFBB8, 0xFBB8, 0xFBB8, 0xFBB8, 0xFBDA, 0xF9D5, 0xF81F, 0xF81F, 0xF81F, 0xF81F, 0xF81F, 0xF81F, 0xF81F,
  0xF81F, 0xF81F, 0xF81F, 0xF81F, 0xF81F, 0xFB98, 0xFBBA, 0xFB98, 0xFBB8, 0xFBB8, 0xFB98, 0xFB98, 0xFB98, 0xFBD8, 0xFBD8, 0xFB98,
  0xFBB8, 0xFBB8, 0xFBB8, 0xFBB8, 0xFBB8, 0xFBB8, 0xFBB8, 0xFC1A, 0xF8F3, 0xF81F, 0xF81F, 0xF81F, 0xF81F, 0xF81F, 0xF81F, 0xF81F,
  0xF81F, 0xF81F, 0xF81F, 0xF81F, 0xFAD6, 0xFBDA, 0xFB77, 0xFB98, 0xFBB8, 0xFBB8, 0xFBB8, 0xFBB8, 0xFB97, 0xFB98, 0xFB98, 0xFBB8,
  0xFBB8, 0xFBB8, 0xFBB8, 0xFBB8, 0xFBB8, 0xFBB8, 0xFBB8, 0xFC19, 0xF81F, 0xF81F, 0xF81F, 0xF81F, 0xF81F, 0xF81F, 0xF81F, 0xF81F,
  0xF81F, 0xF81F, 0xF81F, 0xF81F, 0xFC19, 0xFBB8, 0xFBB8, 0xFB98, 0xFBB8, 0xFBB8, 0xFBB8, 0xFBB8, 0xFB98, 0xFB98, 0xFBB7, 0xFBB8,
  0xFB98, 0xFB98, 0xFBB8, 0xFBB8, 0xFBB8, 0xFB98, 0xFBD9, 0xFBD8, 0xF81F, 0xFB18, 0xFB78, 0xFB78, 0xFAF7, 0xF81F, 0xF81F, 0xF81F,
  0xF81F, 0xF81F, 0xF81F, 0xFAB7, 0xFBD9, 0xFBB8, 0xFBB8, 0xFBB8, 0xFB98, 0xFBB8, 0xFBB8, 0xFBB8, 0xFBB8, 0xFB98, 0xFB79, 0xFBF8,
  0xFC96, 0xFC75, 0xFBB7, 0xFB78, 0xFB98, 0xFB98, 0xFBB8, 0xFC18, 0xFC5A, 0xFBFA, 0xFBD9, 0xFBF9, 0xFBFA, 0xFBF9, 0xF81F, 0xF81F,
  0xF81F, 0xF81F, 0xF81F, 0xFB17, 0xFB99, 0xFBB8, 0xFBB8, 0xFBB8, 0xFB98, 0xFBB8, 0xFBB8, 0xFBD8, 0xFBB8, 0xFBB8, 0xFD72, 0xFECE,
  0xFF0C, 0xFF0C, 0xFE6E, 0xFC35, 0xFB58, 0xFBB8, 0xFBB8, 0xFBD8, 0xFBB8, 0xFBB8, 0xFBB8, 0xFB98, 0xFB78, 0xFBB9, 0xFBB8, 0xF81F,
  0xF81F, 0xF81F, 0xF81F, 0xFBB8, 0xFB98, 0xFBB8, 0xFBB8, 0xFBB8, 0xFBB8, 0xFBB8, 0xFBB8, 0xFBB8, 0xFBB8, 0xFDD1, 0xFF4C, 0xFEEC,
  0xFECC, 0xFECC, 0xFF0C, 0xFEAC, 0xFBF5, 0xFB98, 0xFBB8, 0xFBB8, 0xFBB8, 0xFBB8, 0xFBB8, 0xFB98, 0xFB98, 0xFB98, 0xFBD8, 0xF81F,
  0xF81F, 0xF81F, 0xF81F, 0xFBB8, 0xFBB8, 0xFBB8, 0xFBB8, 0xFBB8, 0xFBB8, 0xFBB8, 0xFBB8, 0xFB98, 0xFC96, 0xFF0D, 0xFECD, 0xFEED,
  0xFEED, 0xFECD, 0xFECD, 0xFF0C, 0xFD91, 0xFB79, 0xFBB8, 0xFB98, 0xFBB8, 0xFBB8, 0xFBB8, 0xFB98, 0xFB98, 0xFB98, 0xFBF9, 0xF81F,
  0xF81F, 0xF81F, 0xF81F, 0xF235, 0xFC5B, 0xFB97, 0xFB98, 0xFBB8, 0xFBD8, 0xFBD8, 0xFBB8, 0xFB79, 0xFD54, 0xFF2D, 0xFECD, 0xFEED,
  0xFEED, 0xFEED, 0xFEED, 0xFF0D, 0xFE30, 0xFB98, 0xFBB8, 0xFB98, 0xFBB8, 0xFBB8, 0xFBB8, 0xFBB8, 0xFBB8, 0xFBB8, 0xFBF9, 0xF81F,
  0xF81F, 0xF81F, 0xF81F, 0xF81F, 0xFA96, 0xFBFA, 0xFB99, 0xFB98, 0xFBB8, 0xFBD8, 0xFBD8, 0xFB79, 0xFD92, 0xFF0D, 0xFECD, 0xFEED,
  0xFEED, 0xFEED, 0xFECD, 0xFF0D, 0xFE11, 0xFBB8, 0xFBB8, 0xFB98, 0xFB98, 0xFBB8, 0xFBB8, 0xFBB8, 0xFBB8, 0xFB98, 0xFBD8, 0xF81F,
  0xF81F, 0xF81F, 0xF81F, 0xF81F, 0xF81F, 0xF8D5, 0xFB59, 0xFB58, 0xFBD8, 0xFBD8, 0xFBD8, 0xFB79, 0xFCF4, 0xFF2C, 0xFECD, 0xFEED,
  0xFEED, 0xFEED, 0xFECD, 0xFF2C, 0xFD54, 0xFB99, 0xFBB8, 0xFBB8, 0xFB98, 0xFB98, 0xFBB8, 0xFBD8, 0xFBB8, 0xFC1A, 0xFA36, 0xF81F,
  0xF81F, 0xF81F, 0xF81F, 0xF81F, 0xF81F, 0xF81F, 0xF81F, 0xF81F, 0xFC19, 0xFBB8, 0xFBB8, 0xFBB8, 0xFBB8, 0xFE4F, 0xFF4C, 0xFEED,
  0xFEED, 0xFECD, 0xFF2C, 0xFE4F, 0xFBD8, 0xFBB8, 0xFBB8, 0xFBB8, 0xFBB8, 0xFB98, 0xFB98, 0xFBD8, 0xFC3A, 0xFBD9, 0xF81F, 0xF81F,
  0xF81F, 0xF81F, 0xF81F, 0xF81F, 0xF81F, 0xF81F, 0xF81F, 0xFA15, 0xFBDA, 0xFB98, 0xFBB8, 0xFBB8, 0xFB98, 0xFBF7, 0xFE31, 0xFF0E,
  0xFF0D, 0xFEED, 0xFDEF, 0xFBD7, 0xFB78, 0xFBB8, 0xFBB8, 0xFBB8, 0xFBB8, 0xFBFA, 0xFBFA, 0xFBF9, 0xFAF7, 0xF81F, 0xF81F, 0xF81F,
  0xF81F, 0xF81F, 0xF81F, 0xF81F, 0xF81F, 0xF81F, 0xF81F, 0xFC5A, 0xFBB8, 0xFB98, 0xFB98, 0xFBB8, 0xFBB8, 0xFB98, 0xFBB8, 0xFC97,
  0xFCD5, 0xFC35, 0xFB77, 0xFB78, 0xFB98, 0xFB98, 0xFB98, 0xFBB8, 0xFBD8, 0xFB17, 0xF814, 0xF81F, 0xF81F, 0xF81F, 0xF81F, 0xF81F,
  0xF81F, 0xF81F, 0xF81F, 0xF81F, 0xF81F, 0xF81F, 0xFB37, 0xFC1A, 0xFBB8, 0xFBB8, 0xFBB8, 0xFB98, 0xFB98, 0xFBB8, 0xFBD8, 0xFBB8,
  0xFB98, 0xFB78, 0xFB98, 0xFBB8, 0xFB98, 0xFB98, 0xFB98, 0xFB98, 0xFBF9, 0xF81F, 0xF81F, 0xF81F, 0xF81F, 0xF81F, 0xF81F, 0xF81F,
  0xF81F, 0xF81F, 0xF81F, 0xF81F, 0xF81F, 0xF81F, 0xFB77, 0xFBD9, 0xFBB8, 0xFBB8, 0xFBB8, 0xFB98, 0xFB98, 0xFB98, 0xFBB8, 0xFBB8,
  0xFBB8, 0xFB98, 0xFBB8, 0xFBB8, 0xFBB8, 0xFBB8, 0xFB98, 0xFB98, 0xFBD9, 0xFAD6, 0xF81F, 0xF81F, 0xF81F, 0xF81F, 0xF81F, 0xF81F,
  0xF81F, 0xF81F, 0xF81F, 0xF81F, 0xF81F, 0xF81F, 0xFBF9, 0xFB98, 0xFBD8, 0xFBB8, 0xFBB8, 0xFB98, 0xFB98, 0xFB98, 0xFBB8, 0xFB98,
  0xFB98, 0xFB98, 0xFBB8, 0xFBB8, 0xFBB8, 0xFBB8, 0xFBB8, 0xFB98, 0xFB99, 0xFB98, 0xF81F, 0xF81F, 0xF81F, 0xF81F, 0xF81F, 0xF81F,
  0xF81F, 0xF81F, 0xF81F, 0xF81F, 0xF81F, 0xF81F, 0xFBF8, 0xFBB8, 0xFBB8, 0xFBB8, 0xFB98, 0xFBB8, 0xFBB8, 0xFB98, 0xFB78, 0xFBB8,
  0xFB98, 0xFB98, 0xFBB8, 0xFBB8, 0xFBB8, 0xFBB8, 0xFBB8, 0xFBB8, 0xFBD9, 0xFB57, 0xF81F, 0xF81F, 0xF81F, 0xF81F, 0xF81F, 0xF81F,
  0xF81F, 0xF81F, 0xF81F, 0xF81F, 0xF81F, 0xF81F, 0xFB36, 0xFBF9, 0xFB77, 0xFB98, 0xFB98, 0xFBB8, 0xFBB8, 0xFB98, 0xFBD9, 0xF81F,
  0xFAD6, 0xFBD9, 0xFBB8, 0xFBB8, 0xFBB8, 0xFBB8, 0xFBB8, 0xFBB8, 0xFC3A, 0xF8F3, 0xF81F, 0xF81F, 0xF81F, 0xF81F, 0xF81F, 0xF81F,
  0xF81F, 0xF81F, 0xF81F, 0xF81F, 0xF81F, 0xF81F, 0xF81F, 0xFBB8, 0xFBB9, 0xFB77, 0xFB98, 0xFBB8, 0xFBF9, 0xFBF9, 0xFA35, 0xF81F,
  0xF81F, 0xFC19, 0xFBB8, 0xFBB7, 0xFB98, 0xFB98, 0xFB98, 0xFC19, 0xFBF8, 0xF81F, 0xF81F, 0xF81F, 0xF81F, 0xF81F, 0xF81F, 0xF81F,
  0xF81F, 0xF81F, 0xF81F, 0xF81F, 0xF81F, 0xF81F, 0xF81F, 0xF81F, 0xFB17, 0xFBB8, 0xFBD8, 0xFC19, 0xFBF9, 0xF81F, 0xF81F, 0xF81F,
  0xF81F, 0xF933, 0xFC3A, 0xFC1A, 0xFBD9, 0xFBB9, 0xFBFA, 0xFC3A, 0xF81F, 0xF81F, 0xF81F, 0xF81F, 0xF81F, 0xF81F, 0xF81F, 0xF81F,
  0xF81F, 0xF81F, 0xF81F, 0xF81F, 0xF81F, 0xF81F, 0xF81F, 0xF81F, 0xF81F, 0xF81F, 0xF81F, 0xF81F, 0xF81F, 0xF81F, 0xF81F, 0xF81F,
  0xF81F, 0xF81F, 0xF81F, 0xFAD7, 0xFBB8, 0xFB58, 0xFA77, 0xF81F, 0xF81F, 0xF81F, 0xF81F, 0xF81F, 0xF81F, 0xF81F, 0xF81F, 0xF81F,
  0xF81F, 0xF81F, 0xF81F, 0xF81F, 0xF81F, 0xF81F, 0xF81F, 0xF81F, 0xF81F, 0xF81F, 0xF81F, 0xF81F, 0xF81F, 0xF81F, 0xF81F, 0xF81F,
  0xF81F, 0xF81F, 0xF81F, 0xF81F, 0xF81F, 0xF81F, 0xF81F, 0xF81F, 0xF81F, 0xF81F, 0xF81F, 0xF81F, 0xF81F, 0xF81F, 0xF81F, 0xF81F,
  0xF81F, 0xF81F, 0xF81F, 0xF81F, 0xF81F, 0xF81F, 0xF81F, 0xF81F, 0xF81F, 0xF81F, 0xF81F, 0xF81F, 0xF81F, 0xF81F, 0xF81F, 0xF81F,
  0xF81F, 0xF81F, 0xF81F, 0xF81F, 0xF81F, 0xF81F, 0xF81F, 0xF81F, 0xF81F, 0xF81F, 0xF81F, 0xF81F, 0xF81F, 0xF81F, 0xF81F, 0xF81F,
  0xF81F, 0xF81F, 0xF81F, 0xF81F, 0xF81F, 0xF81F, 0xF81F, 0xF81F, 0xF81F, 0xF81F, 0xF81F, 0xF81F, 0xF81F, 0xF81F, 0xF81F, 0xF81F,
  0xF81F, 0xF81F, 0xF81F, 0xF81F, 0xF81F, 0xF81F, 0xF81F, 0xF81F, 0xF81F, 0xF81F, 0xF81F, 0xF81F, 0xF81F, 0xF81F, 0xF81F, 0xF81F,
};

const uint16_t icon_toothbrush[1024] PROGMEM = {
  0xF81F, 0xF81F, 0xF81F, 0xF81F, 0xF81F, 0xF81F, 0xF81F, 0xF81F, 0xF81F, 0xF81F, 0xF81F, 0xF81F, 0xF81F, 0xF81F, 0xF81F, 0xF81F,
  0xF81F, 0xF81F, 0xF81F, 0xF81F, 0xF81F, 0xF81F, 0xF81F, 0xF81F, 0xF81F, 0xF81F, 0xF81F, 0xF81F, 0xF81F, 0xF81F, 0xF81F, 0xF81F,
  0xF81F, 0xF81F, 0xF81F, 0xF81F, 0xF81F, 0xF81F, 0xF81F, 0xF81F, 0xF81F, 0xF81F, 0xF81F, 0xF81F, 0xF81F, 0xF81F, 0xF81F, 0xF81F,
  0xF81F, 0xF81F, 0xF81F, 0xF81F, 0xF81F, 0xF81F, 0xF81F, 0xF81F, 0xF81F, 0xF81F, 0xF81F, 0xF81F, 0xF81F, 0xF81F, 0xF81F, 0xF81F,
  0xF81F, 0xF81F, 0xF81F, 0xF81F, 0xF81F, 0xF81F, 0xF81F, 0xF81F, 0xF81F, 0xF81F, 0xF81F, 0xF81F, 0xF81F, 0xF81F, 0xF81F, 0xF81F,
  0xF81F, 0xF81F, 0xF81F, 0xF81F, 0xF81F, 0xF81F, 0xF81F, 0xF81F, 0xF81F, 0xF81F, 0xF81F, 0xF81F, 0xF81F, 0xF81F, 0xF81F, 0xF81F,
  0xF81F, 0xF81F, 0xF81F, 0xF81F, 0xF81F, 0xF81F, 0xF81F, 0xF81F, 0xF81F, 0xF81F, 0xF81F, 0xF81F, 0xF81F, 0xF81F, 0xF81F, 0xF81F,
  0xF81F, 0xF81F, 0xF81F, 0xF81F, 0xF81F, 0xF81F, 0xF81F, 0xF81F, 0xF81F, 0xF81F, 0xF81F, 0xF81F, 0xF81F, 0xF81F, 0xF81F, 0xF81F,
  0xF81F, 0xF81F, 0xF81F, 0xF81F, 0xF81F, 0xF81F, 0xF81F, 0xF81F, 0xF81F, 0x056C, 0x56B2, 0x04E8, 0xF81F, 0xF81F, 0xF81F, 0xF81F,
  0xF81F, 0xF81F, 0xF81F, 0xF81F, 0xF81F, 0xF81F, 0xF81F, 0xF81F, 0xF81F, 0xF81F, 0xF81F, 0xF81F, 0xF81F, 0xF81F, 0xF81F, 0xF81F,
  0xF81F, 0xF81F, 0xF81F, 0xF81F, 0xF81F, 0xF81F, 0xF81F, 0xF81F, 0x4651, 0x4651, 0x4651, 0x35AE, 0xF81F, 0xF81F, 0xF81F, 0xF81F,
  0xF81F, 0xF81F, 0xF81F, 0xF81F, 0xF81F, 0xF81F, 0xF81F, 0xF81F, 0xF81F, 0xF81F, 0xF81F, 0xF81F, 0xF81F, 0xF81F, 0xF81F, 0xF81F,
  0xF81F, 0xF81F, 0xF81F, 0xF81F, 0xF81F, 0xF81F, 0xF81F, 0xF81F, 0x4651, 0x3DEF, 0x4610, 0x4E31, 0xF81F, 0xF81F, 0xF81F, 0xF81F,
  0xF81F, 0xF81F, 0xF81F, 0xF81F, 0xF81F, 0xF81F, 0xF81F, 0xF81F, 0x1CFF, 0x45BF, 0xF81F, 0xF81F, 0xF81F, 0xF81F, 0xF81F, 0xF81F,
  0xF81F, 0xF81F, 0xF81F, 0xF81F, 0xF81F, 0xF81F, 0xF81F, 0xF81F, 0x04E9, 0x4E91, 0x3DEF, 0x4E91, 0x0465, 0xF81F, 0xF81F, 0xF81F,
  0xF81F, 0xF81F, 0xF81F, 0xF81F, 0xF81F, 0xF81F, 0x049F, 0x5E1F, 0x6E3F, 0x769F, 0x6E1F, 0xF81F, 0xF81F, 0xF81F, 0xF81F, 0xF81F,
  0xF81F, 0xF81F, 0xF81F, 0xF81F, 0xF81F, 0xF81F, 0xF81F, 0xF81F, 0xF81F, 0x35EF, 0x4651, 0x3E30, 0x258D, 0xF81F, 0xF81F, 0xF81F,
  0xF81F, 0xF81F, 0xF81F, 0xF81F, 0xF81F, 0x55DF, 0x76BF, 0x6E3F, 0xB6FF, 0x863F, 0x767F, 0xF81F, 0xF81F, 0xF81F, 0xF81F, 0xF81F,
  0xF81F, 0xF81F, 0xF81F, 0xF81F, 0xF81F, 0xF81F, 0xF81F, 0xF81F, 0xF81F, 0xF81F, 0x4631, 0x4691, 0x154D, 0xF81F, 0xF81F, 0xF81F,
  0xF81F, 0xF81F, 0xF81F, 0x55DF, 0x6E7F, 0x65DF, 0x4D5F, 0x6E1F, 0xB6FF, 0xDF7F, 0x6E7F, 0x1CDF, 0xF81F, 0xF81F, 0xF81F, 0xF81F,
  0xF81F, 0xF81F, 0xF81F, 0xF81F, 0xF81F, 0xF81F, 0xF81F, 0xF81F, 0xF81F, 0xF81F, 0xF81F, 0xF81F, 0xF81F, 0xF81F, 0xF81F, 0xF81F,
  0xF81F, 0x459F, 0x661F, 0x6E1F, 0x75FF, 0x6E3F, 0xF81F, 0x5DDF, 0x5DBF, 0xF81F, 0x661F, 0x457F, 0xF81F, 0xF81F, 0xF81F, 0xF81F,
  0xF81F, 0xF81F, 0xF81F, 0xF81F, 0xF81F, 0x25CF, 0x058C, 0xF81F, 0xF81F, 0xF81F, 0xF81F, 0xF81F, 0xF81F, 0xF81F, 0xF81F, 0xF81F,
  0x6E1F, 0x761F, 0x6E1F, 0x6DFF, 0xFFFF, 0x765F, 0x6DDF, 0x559F, 0x6E5F, 0xF81F, 0x5DDF, 0x6E1F, 0x557F, 0xF81F, 0xF81F, 0xF81F,
  0xF81F, 0xF81F, 0xF81F, 0xF81F, 0x0465, 0x4EB2, 0x4E72, 0x4E31, 0x3630, 0xF81F, 0xF81F, 0xF81F, 0xF81F, 0xF81F, 0xF81F, 0xF81F,
  0x6E5F, 0x965F, 0xE77F, 0x5DFF, 0xEF9F, 0xA6BF, 0x7E5F, 0xFFFF, 0x661F, 0xA6DF, 0x967F, 0x65FF, 0x5DBF, 0x241D, 0xF81F, 0xF81F,
  0xF81F, 0xF81F, 0xF81F, 0xF81F, 0x04E9, 0x4E72, 0x4E31, 0x4E92, 0x4EF3, 0xF81F, 0xF81F, 0xF81F, 0xF81F, 0xF81F, 0xF81F, 0xF81F,
  0x4DBF, 0x7E5F, 0xFFFF, 0x5DFF, 0x9EBF, 0xEFBF, 0x6E3F, 0xDF3F, 0x6DFF, 0x6E3F, 0x6DDF, 0x65BF, 0x451F, 0x1B9B, 0xF81F, 0xF81F,
  0xF81F, 0xF81F, 0xF81F, 0xF81F, 0xF81F, 0xF81F, 0xF81F, 0xF81F, 0xF81F, 0xF81F, 0xF81F, 0xF81F, 0xF81F, 0xF81F, 0xF81F, 0xF81F,
  0x04BF, 0x6E9F, 0x9E7F, 0xB6FF, 0x765F, 0xFFFF, 0x65FF, 0x6E1F, 0x65BF, 0x557F, 0x4D3E, 0x3C7D, 0x2C3F, 0x02BA, 0xF81F, 0xF81F,
  0xF81F, 0xF81F, 0xF81F, 0xF81F, 0xF81F, 0xF81F, 0xF81F, 0xF81F, 0xF81F, 0xF81F, 0xF81F, 0xF81F, 0xF81F, 0xF81F, 0xF81F, 0xF81F,
  0x34FF, 0x661F, 0x763F, 0xFFFF, 0x661F, 0x5DDF, 0x5DBF, 0x65DF, 0x555E, 0x345D, 0x23DC, 0x1B9B, 0x023B, 0xF81F, 0xF81F, 0xF81F,
  0xF81F, 0xF81F, 0xF81F, 0xF81F, 0xF81F, 0xF81F, 0xF81F, 0xF81F, 0xF81F, 0xF81F, 0xF81F, 0xF81F, 0xF81F, 0xF81F, 0xF81F, 0x2CDF,
  0x65DF, 0x5D9F, 0x6E1F, 0x6DFF, 0x5DBF, 0x65DF, 0x555F, 0x449D, 0x343D, 0x239A, 0x025A, 0xF81F, 0xF81F, 0xF81F, 0xF81F, 0xF81F,
  0xF81F, 0xF81F, 0xF81F, 0xF81F, 0xF81F, 0xF81F, 0xF81F, 0xF81F, 0xF81F, 0xF81F, 0xF81F, 0xF81F, 0xFAD4, 0xFB54, 0x9C9B, 0x5E1F,
  0x5D7F, 0x5D7F, 0x5D9F, 0x5DDF, 0x5D7F, 0x3CBE, 0x2C1C, 0x23DC, 0x02FC, 0xF81F, 0xF81F, 0xF81F, 0xF81F, 0xF81F, 0xF81F, 0xF81F,
  0xF81F, 0xF81F, 0xF81F, 0xF81F, 0xF81F, 0xF81F, 0xF81F, 0xF81F, 0xF81F, 0xF81F, 0xFB14, 0xFB75, 0xFB55, 0xFB33, 0xF375, 0x6D3E,
  0x44DE, 0x3CBE, 0x44FE, 0x44DE, 0x3C5D, 0x23DC, 0x02FA, 0xF81F, 0xF81F, 0xF81F, 0xF81F, 0xF81F, 0xF81F, 0xF81F, 0xF81F, 0xF81F,
  0xF81F, 0xF81F, 0xF81F, 0xF81F, 0xF81F, 0xF81F, 0xF81F, 0xF81F, 0xFA33, 0xFB95, 0xFB75, 0xFB33, 0xFB13, 0xFB54, 0xFAF2, 0x9B58,
  0x13DC, 0x133B, 0x2BDC, 0x2BDC, 0x135B, 0x005A, 0xF81F, 0xF81F, 0xF81F, 0xF81F, 0xF81F, 0xF81F, 0xF81F, 0xF81F, 0xF81F, 0xF81F,
  0xF81F, 0xF81F, 0xF81F, 0xF81F, 0xF81F, 0xF81F, 0xFA93, 0xFBB5, 0xFB55, 0xFB14, 0xFB34, 0xFB74, 0xFB54, 0xFAB2, 0xFA72, 0xEA32,
  0xF81F, 0xF81F, 0xF81F, 0xF81F, 0xF81F, 0xF81F, 0xF81F, 0xF81F, 0xF81F, 0xF81F, 0xF81F, 0xF81F, 0xF81F, 0xF81F, 0xF81F, 0xF81F,
  0xF81F, 0xF81F, 0xF81F, 0xF81F, 0xF930, 0xFB34, 0xFB55, 0xFB34, 0xFB34, 0xFB34, 0xFB54, 0xFB34, 0xFAB2, 0xFA72, 0xF96F, 0xF81F,
  0xF81F, 0xF81F, 0xF81F, 0xF81F, 0xF81F, 0xF81F, 0xF81F, 0xF81F, 0xF81F, 0xF81F, 0xF81F, 0xF81F, 0xF81F, 0xF81F, 0xF81F, 0xF81F,
  0xF81F, 0xF81F, 0xF81F, 0xFAF3, 0xFC17, 0xFDDA, 0xFC36, 0xFB33, 0xFB74, 0xFB34, 0xFAB2, 0xFA72, 0xFA31, 0xF809, 0xF81F, 0xF81F,
  0xF81F, 0xF81F, 0xF81F, 0xF81F, 0xF81F, 0xF81F, 0xF81F, 0xF81F, 0xF81F, 0xF81F, 0xF81F, 0xF81F, 0xF81F, 0xF81F, 0xF81F, 0xF81F,
  0xF81F, 0xF81F, 0xFB54, 0xFD39, 0xFFFF, 0xFFFF, 0xFC57, 0xFB33, 0xFB54, 0xFAB2, 0xFA71, 0xF84D, 0xF81F, 0xF81F, 0xF81F, 0xF81F,
  0xF81F, 0xF81F, 0xF81F, 0xF81F, 0xF81F, 0xF81F, 0xF81F, 0xF81F, 0xF81F, 0xF81F, 0xF81F, 0xF81F, 0xF81F, 0xF81F, 0xF81F, 0xF81F,
  0xF81F, 0xF88F, 0xFB95, 0xFD99, 0xFEBC, 0xFC16, 0xFAD3, 0xFA92, 0xFA92, 0xFA11, 0xF81F, 0xF81F, 0xF81F, 0xF81F, 0xF81F, 0xF81F,
  0xF81F, 0xF81F, 0xF81F, 0xF81F, 0xF81F, 0xF81F, 0xF81F, 0xF81F, 0xF81F, 0xF81F, 0xF81F, 0xF81F, 0xF81F, 0xF81F, 0xF81F, 0xF81F,
  0xF81F, 0xF81F, 0xFB35, 0xFB33, 0xFB74, 0xFAD2, 0xFA52, 0xFA10, 0xF80A, 0xF81F, 0xF81F, 0xF81F, 0xF81F, 0xF81F, 0xF81F, 0xF81F,
  0xF81F, 0xF81F, 0xF81F, 0xF81F, 0xF81F, 0xF81F, 0xF81F, 0xF81F, 0xF81F, 0xF81F, 0xF81F, 0xF81F, 0xF81F, 0xF81F, 0xF81F, 0xF81F,
  0xF81F, 0xF81F, 0xF0ED, 0xFAD3, 0xFAD2, 0xFA92, 0xF94F, 0xF81F, 0xF81F, 0xF81F, 0xF81F, 0xF81F, 0xF81F, 0xF81F, 0xF81F, 0xF81F,
  0xF81F, 0xF81F, 0xF81F, 0xF81F, 0xF81F, 0xF81F, 0xF81F, 0xF81F, 0xF81F, 0xF81F, 0xF81F, 0xF81F, 0xF81F, 0xF81F, 0xF81F, 0xF81F,
  0xF81F, 0xF81F, 0xF81F, 0xF802, 0xF80A, 0xF81F, 0xF81F, 0xF81F, 0xF81F, 0xF81F, 0xF81F, 0xF81F, 0xF81F, 0xF81F, 0xF81F, 0xF81F,
  0xF81F, 0xF81F, 0xF81F, 0xF81F, 0xF81F, 0xF81F, 0xF81F, 0xF81F, 0xF81F, 0xF81F, 0xF81F, 0xF81F, 0xF81F, 0xF81F, 0xF81F, 0xF81F,
  0xF81F, 0xF81F, 0xF81F, 0xF81F, 0xF81F, 0xF81F, 0xF81F, 0xF81F, 0xF81F, 0xF81F, 0xF81F, 0xF81F, 0xF81F, 0xF81F, 0xF81F, 0xF81F,
  0xF81F, 0xF81F, 0xF81F, 0xF81F, 0xF81F, 0xF81F, 0xF81F, 0xF81F, 0xF81F, 0xF81F, 0xF81F, 0xF81F, 0xF81F, 0xF81F, 0xF81F, 0xF81F,
  0xF81F, 0xF81F, 0xF81F, 0xF81F, 0xF81F, 0xF81F, 0xF81F, 0xF81F, 0xF81F, 0xF81F, 0xF81F, 0xF81F, 0xF81F, 0xF81F, 0xF81F, 0xF81F,
  0xF81F, 0xF81F, 0xF81F, 0xF81F, 0xF81F, 0xF81F, 0xF81F, 0xF81F, 0xF81F, 0xF81F, 0xF81F, 0xF81F, 0xF81F, 0xF81F, 0xF81F, 0xF81F,
  0xF81F, 0xF81F, 0xF81F, 0xF81F, 0xF81F, 0xF81F, 0xF81F, 0xF81F, 0xF81F, 0xF81F, 0xF81F, 0xF81F, 0xF81F, 0xF81F, 0xF81F, 0xF81F,
  0xF81F, 0xF81F, 0xF81F, 0xF81F, 0xF81F, 0xF81F, 0xF81F, 0xF81F, 0xF81F, 0xF81F, 0xF81F, 0xF81F, 0xF81F, 0xF81F, 0xF81F, 0xF81F,
  0xF81F, 0xF81F, 0xF81F, 0xF81F, 0xF81F, 0xF81F, 0xF81F, 0xF81F, 0xF81F, 0xF81F, 0xF81F, 0xF81F, 0xF81F, 0xF81F, 0xF81F, 0xF81F,
  0xF81F, 0xF81F, 0xF81F, 0xF81F, 0xF81F, 0xF81F, 0xF81F, 0xF81F, 0xF81F, 0xF81F, 0xF81F, 0xF81F, 0xF81F, 0xF81F, 0xF81F, 0xF81F,
};

const uint16_t icon_shirt[1024] PROGMEM = {
  0xF81F, 0xF81F, 0xF81F, 0xF81F, 0xF81F, 0xF81F, 0xF81F, 0xF81F, 0xF81F, 0xF81F, 0xF81F, 0xF81F, 0xF81F, 0xF81F, 0xF81F, 0xF81F,
  0xF81F, 0xF81F, 0xF81F, 0xF81F, 0xF81F, 0xF81F, 0xF81F, 0xF81F, 0xF81F, 0xF81F, 0xF81F, 0xF81F, 0xF81F, 0xF81F, 0xF81F, 0xF81F,
  0xF81F, 0xF81F, 0xF81F, 0xF81F, 0xF81F, 0xF81F, 0xF81F, 0xF81F, 0xF81F, 0xF81F, 0xF81F, 0xF81F, 0xF81F, 0xF81F, 0xF81F, 0xF81F,
  0xF81F, 0xF81F, 0xF81F, 0xF81F, 0xF81F, 0xF81F, 0xF81F, 0xF81F, 0xF81F, 0xF81F, 0xF81F, 0xF81F, 0xF81F, 0xF81F, 0xF81F, 0xF81F,
  0xF81F, 0xF81F, 0xF81F, 0xF81F, 0xF81F, 0xF81F, 0xF81F, 0xF81F, 0xF81F, 0xF81F, 0xF81F, 0xF81F, 0xF81F, 0xF81F, 0xF81F, 0xF81F,
  0xF81F, 0xF81F, 0xF81F, 0xF81F, 0xF81F, 0xF81F, 0xF81F, 0xF81F, 0xF81F, 0xF81F, 0xF81F, 0xF81F, 0xF81F, 0xF81F, 0xF81F, 0xF81F,
  0xF81F, 0xF81F, 0xF81F, 0xF81F, 0xF81F, 0xF81F, 0xF81F, 0xF81F, 0xF975, 0xFB37, 0xFA94, 0xF970, 0xF81F, 0xF81F, 0xF81F, 0xF81F,
  0xF81F, 0xF81F, 0xF81F, 0xE806, 0xFA53, 0xFAD5, 0xF994, 0xF81F, 0xF81F, 0xF81F, 0xF81F, 0xF81F, 0xF81F, 0xF81F, 0xF81F, 0xF81F,
  0xF81F, 0xF81F, 0xF81F, 0xF81F, 0xF81F, 0xF81F, 0xF914, 0xFBD9, 0xFC1A, 0xFB98, 0xF9F2, 0xFA74, 0xF80D, 0xF81F, 0xF81F, 0xF81F,
  0xF81F, 0xF81F, 0xF81F, 0xF273, 0xF9D1, 0xFB57, 0xFC19, 0xFBD8, 0xF9D5, 0xF81F, 0xF81F, 0xF81F, 0xF81F, 0xF81F, 0xF81F, 0xF81F,
  0xF81F, 0xF81F, 0xF81F, 0xF81F, 0xF81F, 0xFB78, 0xFBD9, 0xFBB8, 0xFB97, 0xFB77, 0xF253, 0xF211, 0xFA53, 0xF130, 0xF004, 0xF81F,
  0xF81F, 0xF06E, 0xF232, 0xF212, 0xF293, 0xFB77, 0xFB77, 0xFB77, 0xFBD9, 0xFB78, 0xF81F, 0xF81F, 0xF81F, 0xF81F, 0xF81F, 0xF81F,
  0xF81F, 0xF81F, 0xF81F, 0xF811, 0xFBB8, 0xFBB8, 0xFB77, 0xFB97, 0xFBB7, 0xFB77, 0xFB36, 0xF232, 0xF1F1, 0xFA12, 0xFA53, 0xFA93,
  0xFA73, 0xFA13, 0xF1D1, 0xF232, 0xFB97, 0xFB97, 0xFB77, 0xFB97, 0xFB97, 0xFBB8, 0xFBD8, 0xF810, 0xF81F, 0xF81F, 0xF81F, 0xF81F,
  0xF81F, 0xF81F, 0xF8B2, 0xFBF9, 0xFB97, 0xFB77, 0xFB97, 0xFBB7, 0xFB97, 0xFB77, 0xFBB8, 0xFB15, 0xF1F1, 0xF1F1, 0xF1F1, 0xF1F1,
  0xF1F1, 0xF1F1, 0xF1F1, 0xFB16, 0xFBB8, 0xFB97, 0xFB97, 0xFB97, 0xFBB7, 0xFB97, 0xFB77, 0xFBFA, 0xF830, 0xF81F, 0xF81F, 0xF81F,
  0xF81F, 0xFA75, 0xFBD9, 0xFB97, 0xFB97, 0xFB97, 0xFB97, 0xFBB7, 0xFB97, 0xFB97, 0xFB97, 0xFB98, 0xFB36, 0xFA93, 0xF252, 0xF211,
  0xF252, 0xFAD4, 0xFB57, 0xFB97, 0xFB77, 0xFB97, 0xFB97, 0xFBB7, 0xFB97, 0xFB97, 0xFB97, 0xFB77, 0xFBF9, 0xF811, 0xF81F, 0xF81F,
  0xF973, 0xFBD9, 0xFB77, 0xFB97, 0xFB97, 0xFB97, 0xFBB7, 0xFBB7, 0xFB97, 0xFB97, 0xFB97, 0xFB97, 0xFB98, 0xFBB8, 0xFB77, 0xFB77,
  0xFB97, 0xFBB8, 0xFB97, 0xFB77, 0xFB97, 0xFB97, 0xFB97, 0xFB97, 0xFB97, 0xFB97, 0xFB97, 0xFB97, 0xFB97, 0xFBF9, 0xF891, 0xF81F,
  0xFBD8, 0xFB97, 0xFB97, 0xFB97, 0xFB97, 0xFBB7, 0xFBB7, 0xFB97, 0xFB97, 0xFB97, 0xFB97, 0xFB97, 0xFB97, 0xFB97, 0xFB97, 0xFB97,
  0xFB97, 0xFB77, 0xFB97, 0xFB97, 0xFB97, 0xFB97, 0xFB97, 0xFB97, 0xFB97, 0xFB97, 0xFB97, 0xFB97, 0xFB97, 0xFB97, 0xFBF9, 0xF81F,
  0xFB98, 0xFB77, 0xFBB7, 0xFBB7, 0xFBB7, 0xFBB7, 0xFBB7, 0xFB97, 0xFB97, 0xFB97, 0xFB97, 0xFB97, 0xFB97, 0xFB97, 0xFB97, 0xFB97,
  0xFB97, 0xFB97, 0xFB97, 0xFB97, 0xFB97, 0xFB97, 0xFB97, 0xFB97, 0xFB97, 0xFB97, 0xFB97, 0xFB97, 0xFB97, 0xFB97, 0xFBF9, 0xF81F,
  0xFAF6, 0xFBB8, 0xFB97, 0xFB97, 0xFB97, 0xFBB7, 0xFB97, 0xFB97, 0xFB97, 0xFB97, 0xFB97, 0xFB97, 0xFB97, 0xFB97, 0xFB97, 0xFB77,
  0xFB97, 0xFB97, 0xFB97, 0xFB97, 0xFB97, 0xFB97, 0xFB97, 0xFB97, 0xFB97, 0xFBB7, 0xFBB7, 0xFB97, 0xFB57, 0xFBF9, 0xF912, 0xF81F,
  0xF81F, 0xFBB7, 0xFBD8, 0xFB77, 0xFB97, 0xFB97, 0xFB97, 0xFB97, 0xFB97, 0xFBB7, 0xFB97, 0xFB77, 0xFB97, 0xFB77, 0xFB77, 0xFB97,
  0xFB77, 0xFB97, 0xFB97, 0xFB77, 0xFB97, 0xFB97, 0xFB97, 0xFB97, 0xFB97, 0xFB97, 0xFB97, 0xFB77, 0xFB99, 0xFA76, 0xF81F, 0xF81F,
  0xF81F, 0xF81F, 0xFB98, 0xFB98, 0xFBD9, 0xFC18, 0xFB97, 0xFB97, 0xFB97, 0xFB97, 0xFB77, 0xFBB8, 0xFBB7, 0xFB77, 0xFBB8, 0xFB97,
  0xFBB8, 0xFB97, 0xFBF8, 0xFBB8, 0xFB97, 0xFB97, 0xFB97, 0xFB77, 0xFB77, 0xFBF8, 0xFBD8, 0xFBD9, 0xFB77, 0xF81F, 0xF81F, 0xF81F,
  0xF81F, 0xF81F, 0xF81F, 0xFC1A, 0xF9B4, 0xF9F4, 0xFBD9, 0xFB77, 0xFB97, 0xFB77, 0xFBB8, 0xF9D4, 0xF81F, 0xF81F, 0xFA54, 0xFC5A,
  0xF851, 0xF81F, 0xF81F, 0xFB37, 0xFBB8, 0xFB97, 0xFB97, 0xFB98, 0xFB17, 0xF81F, 0xFBB8, 0xFB98, 0xF81F, 0xF81F, 0xF81F, 0xF81F,
  0xF81F, 0xF81F, 0xF81F, 0xF81F, 0xF81F, 0xF80F, 0xFBD9, 0xFB77, 0xFB97, 0xFB97, 0xFB98, 0xF81F, 0xF81F, 0xF81F, 0xF81F, 0xF81F,
  0xF81F, 0xF81F, 0xF81F, 0xF81F, 0xFBD9, 0xFB97, 0xFB97, 0xFB98, 0xFB77, 0xF81F, 0xF81F, 0xF81F, 0xF81F, 0xF81F, 0xF81F, 0xF81F,
  0xF81F, 0xF81F, 0xF81F, 0xF81F, 0xF81F, 0xFA35, 0xFBB9, 0xFB97, 0xFBB7, 0xFBB8, 0xFB77, 0xF81F, 0xF81F, 0xF81F, 0xF81F, 0xF81F,
  0xF81F, 0xF81F, 0xF81F, 0xF81F, 0xFBB8, 0xFB97, 0xFB97, 0xFB77, 0xFC18, 0xF81F, 0xF81F, 0xF81F, 0xF81F, 0xF81F, 0xF81F, 0xF81F,
  0xF81F, 0xF81F, 0xF81F, 0xF81F, 0xF81F, 0xFA35, 0xFBB9, 0xFB97, 0xFB97, 0xFB97, 0xFB78, 0xF81F, 0xF81F, 0xF81F, 0xF81F, 0xF81F,
  0xF81F, 0xF81F, 0xF81F, 0xF831, 0xFBB9, 0xFB77, 0xFB97, 0xFB77, 0xFBD8, 0xF81F, 0xF81F, 0xF81F, 0xF81F, 0xF81F, 0xF81F, 0xF81F,
  0xF81F, 0xF81F, 0xF81F, 0xF81F, 0xF81F, 0xFB37, 0xFBB8, 0xFB97, 0xFB97, 0xFB77, 0xFBB9, 0xF9F4, 0xF81F, 0xF81F, 0xF81F, 0xF81F,
  0xF81F, 0xF81F, 0xF81F, 0xFB98, 0xFB97, 0xFB97, 0xFB97, 0xFB77, 0xFBD8, 0xF81F, 0xF81F, 0xF81F, 0xF81F, 0xF81F, 0xF81F, 0xF81F,
  0xF81F, 0xF81F, 0xF81F, 0xF81F, 0xF81F, 0xFB57, 0xFBB8, 0xFB97, 0xFB97, 0xFB97, 0xFB77, 0xFBF9, 0xF810, 0xF81F, 0xF81F, 0xF81F,
  0xF81F, 0xF81F, 0xFB77, 0xFBB8, 0xFB97, 0xFB97, 0xFB97, 0xFB77, 0xFBF9, 0xF912, 0xF81F, 0xF81F, 0xF81F, 0xF81F, 0xF81F, 0xF81F,
  0xF81F, 0xF81F, 0xF81F, 0xF81F, 0xF81F, 0xFBB7, 0xFB97, 0xFB97, 0xFB97, 0xFB97, 0xFB97, 0xFB97, 0xFBB8, 0xF912, 0xF81F, 0xF81F,
  0xF81F, 0xFB77, 0xFBD8, 0xFB77, 0xFB97, 0xFBB7, 0xFB97, 0xFB77, 0xFBF9, 0xF80E, 0xF81F, 0xF81F, 0xF81F, 0xF81F, 0xF81F, 0xF81F,
  0xF81F, 0xF81F, 0xF81F, 0xF81F, 0xF81F, 0xFBB8, 0xFB77, 0xFB97, 0xFB97, 0xFB97, 0xFB97, 0xFB97, 0xFB97, 0xFBD9, 0xFA75, 0xF810,
  0xFB57, 0xFBB8, 0xFB97, 0xFB97, 0xFBB7, 0xFBB7, 0xFB97, 0xFB97, 0xFBD9, 0xF870, 0xF81F, 0xF81F, 0xF81F, 0xF81F, 0xF81F, 0xF81F,
  0xF81F, 0xF81F, 0xF81F, 0xF81F, 0xF81F, 0xFBD9, 0xFB77, 0xFB97, 0xFB97, 0xFB97, 0xFB97, 0xFB97, 0xFB97, 0xFB97, 0xFBD8, 0xFBF9,
  0xFB98, 0xFB97, 0xFB97, 0xFBB7, 0xFBB7, 0xFBB7, 0xFBB7, 0xFB97, 0xFBD9, 0xFAB5, 0xF81F, 0xF81F, 0xF81F, 0xF81F, 0xF81F, 0xF81F,
  0xF81F, 0xF81F, 0xF81F, 0xF81F, 0xF811, 0xFBF9, 0xFB77, 0xFB97, 0xFB97, 0xFB97, 0xFB97, 0xFB97, 0xFBB7, 0xFBB7, 0xFB97, 0xFB97,
  0xFBB7, 0xFB97, 0xFB97, 0xFBB7, 0xFBB7, 0xFBB7, 0xFB97, 0xFB97, 0xFBF9, 0xF9B3, 0xF81F, 0xF81F, 0xF81F, 0xF81F, 0xF81F, 0xF81F,
  0xF81F, 0xF81F, 0xF81F, 0xF81F, 0xF994, 0xFBD9, 0xFB97, 0xFB97, 0xFB97, 0xFBB7, 0xFB97, 0xFB97, 0xFBB7, 0xFBB7, 0xFB97, 0xFBB7,
  0xFBB7, 0xFB97, 0xFB97, 0xFBB7, 0xFBB7, 0xFB97, 0xFB97, 0xFB97, 0xFBF9, 0xFA75, 0xF81F, 0xF81F, 0xF81F, 0xF81F, 0xF81F, 0xF81F,
  0xF81F, 0xF81F, 0xF81F, 0xF81F, 0xFA35, 0xFBB9, 0xFB97, 0xFB97, 0xFB97, 0xFBB7, 0xFBB7, 0xFB97, 0xFB97, 0xFBB7, 0xFB97, 0xFB97,
  0xFBB7, 0xFBB7, 0xFB97, 0xFBB7, 0xFBB7, 0xFB97, 0xFBB7, 0xFBB7, 0xFBD8, 0xFB36, 0xF81F, 0xF81F, 0xF81F, 0xF81F, 0xF81F, 0xF81F,
  0xF81F, 0xF81F, 0xF81F, 0xF81F, 0xFA96, 0xFB98, 0xFB97, 0xFB97, 0xFB97, 0xFB97, 0xFB97, 0xFB97, 0xFB97, 0xFBB7, 0xFBB7, 0xFB97,
  0xFBB7, 0xFBB7, 0xFBB7, 0xFB97, 0xFB97, 0xFB97, 0xFBB7, 0xFB97, 0xFBB8, 0xFB16, 0xF81F, 0xF81F, 0xF81F, 0xF81F, 0xF81F, 0xF81F,
  0xF81F, 0xF81F, 0xF81F, 0xF81F, 0xFB77, 0xFBDA, 0xFBB8, 0xFBD8, 0xFBB8, 0xFB97, 0xFB97, 0xFB97, 0xFB97, 0xFB97, 0xFB97, 0xFB97,
  0xFB97, 0xFB97, 0xFB97, 0xFB97, 0xFBB8, 0xFBB8, 0xFBD8, 0xFBB8, 0xFBDA, 0xFB97, 0xF81F, 0xF81F, 0xF81F, 0xF81F, 0xF81F, 0xF81F,
  0xF81F, 0xF81F, 0xF81F, 0xF81F, 0xF81F, 0xFA15, 0xFAD6, 0xFB77, 0xFB97, 0xFBF8, 0xFBF8, 0xFBF8, 0xFBF8, 0xFBF8, 0xFBF8, 0xFC18,
  0xFC18, 0xFBF8, 0xFC18, 0xFBF7, 0xFB57, 0xFBB7, 0xFB77, 0xFA96, 0xFA76, 0xF81F, 0xF81F, 0xF81F, 0xF81F, 0xF81F, 0xF81F, 0xF81F,
  0xF81F, 0xF81F, 0xF81F, 0xF81F, 0xF81F, 0xF81F, 0xF81F, 0xF81F, 0xF81F, 0xF81F, 0xF81F, 0xF81F, 0xF81F, 0xF81F, 0xF81F, 0xF81F,
  0xF81F, 0xF81F, 0xF81F, 0xF81F, 0xF81F, 0xF81F, 0xF81F, 0xF81F, 0xF81F, 0xF81F, 0xF81F, 0xF81F, 0xF81F, 0xF81F, 0xF81F, 0xF81F,
  0xF81F, 0xF81F, 0xF81F, 0xF81F, 0xF81F, 0xF81F, 0xF81F, 0xF81F, 0xF81F, 0xF81F, 0xF81F, 0xF81F, 0xF81F, 0xF81F, 0xF81F, 0xF81F,
  0xF81F, 0xF81F, 0xF81F, 0xF81F, 0xF81F, 0xF81F, 0xF81F, 0xF81F, 0xF81F, 0xF81F, 0xF81F, 0xF81F, 0xF81F, 0xF81F, 0xF81F, 0xF81F,
};

const uint16_t icon_cereal[1024] PROGMEM = {
  0xF81F, 0xF81F, 0xF81F, 0xF81F, 0xF81F, 0xF81F, 0xF81F, 0xF81F, 0xF81F, 0xF81F, 0xF81F, 0xF81F, 0xF81F, 0xF81F, 0xF81F, 0xF81F,
  0xF81F, 0xF81F, 0xF81F, 0xF81F, 0xF81F, 0xF81F, 0xF81F, 0xF81F, 0xF81F, 0xF81F, 0xF81F, 0xF81F, 0xF81F, 0xF81F, 0xF81F, 0xF81F,
  0xF81F, 0xF81F, 0xF81F, 0xF81F, 0xF81F, 0xF81F, 0xF81F, 0xF81F, 0xF81F, 0xF81F, 0xF81F, 0xF81F, 0xF81F, 0xF81F, 0xF81F, 0xF81F,
  0xF81F, 0xF81F, 0xF81F, 0xF81F, 0xF81F, 0xF81F, 0xF81F, 0xF81F, 0xF81F, 0xF81F, 0xF81F, 0xF81F, 0xF81F, 0xF81F, 0xF81F, 0xF81F,
  0xF81F, 0xF81F, 0xF81F, 0xF81F, 0xF81F, 0xF81F, 0xF81F, 0xF81F, 0xF81F, 0xF81F, 0xF81F, 0xF81F, 0xF81F, 0xF81F, 0xF81F, 0xF81F,
  0xF81F, 0xF81F, 0xF81F, 0xF81F, 0xF81F, 0xF81F, 0xF81F, 0xF81F, 0xF81F, 0xF81F, 0xF81F, 0x751F, 0x8DDF, 0x74FF, 0xF81F, 0xF81F,
  0xF81F, 0xF81F, 0xF81F, 0xF81F, 0xF81F, 0xF81F, 0xF81F, 0xF81F, 0xF81F, 0xF81F, 0xF81F, 0xF81F, 0xF81F, 0xF81F, 0xF81F, 0xF81F,
  0xF81F, 0xF81F, 0xF81F, 0xF81F, 0xF81F, 0xF81F, 0xF81F, 0xF81F, 0xF81F, 0xF81F, 0x6CDF, 0x961F, 0x8DDE, 0x9E5F, 0x545F, 0xF81F,
  0xF81F, 0xF81F, 0xF81F, 0xF81F, 0xF81F, 0xF81F, 0xF81F, 0xF81F, 0xF81F, 0xF81F, 0xF81F, 0xF81F, 0xF81F, 0xF81F, 0xF81F, 0xF81F,
  0xF81F, 0xF81F, 0xF81F, 0xF81F, 0xF81F, 0xF81F, 0xF81F, 0xF81F, 0xF81F, 0x5C5E, 0x961F, 0x859E, 0x8D9E, 0x95FF, 0x751F, 0xF81F,
  0xF81F, 0xF81F, 0xF81F, 0xF81F, 0xF81F, 0xF81F, 0xF81F, 0xF81F, 0xF81F, 0xF81F, 0xF81F, 0xF81F, 0xF81F, 0xF81F, 0xF81F, 0xF81F,
  0xF81F, 0xF81F, 0xF81F, 0xF81F, 0xF81F, 0xF81F, 0xF81F, 0xF81F, 0x22FF, 0x9E3F, 0x8D9E, 0x8DBE, 0x8D9E, 0x961F, 0xF81F, 0xF81F,
  0xF81F, 0xF81F, 0xF81F, 0xF81F, 0xF81F, 0xF81F, 0xF81F, 0xF81F, 0xF81F, 0x251F, 0x253F, 0x4DBF, 0x4D9F, 0x4D9F, 0x4D9F, 0x2D5F,
  0x35BF, 0x35BF, 0x251F, 0x041F, 0xF81F, 0xF81F, 0xF81F, 0xF81F, 0x8DBE, 0x95DF, 0x8D9E, 0x8D9E, 0x9E5F, 0x5C9F, 0xF81F, 0xF81F,
  0xF81F, 0xF81F, 0xF81F, 0xF81F, 0xF81F, 0x459F, 0x5DBF, 0x6DFF, 0x6E5F, 0x767F, 0x767F, 0x6E5F, 0x663F, 0x6E3F, 0x6E7F, 0x9E59,
  0xBE53, 0x9E79, 0x769F, 0x6E5F, 0x661F, 0x5DBF, 0x1CDF, 0x751E, 0x95FF, 0x8DBE, 0x8D9E, 0x9E1F, 0x753F, 0xF81F, 0xF81F, 0xF81F,
  0xF81F, 0xF81F, 0xF81F, 0x55DF, 0x765F, 0x765F, 0x6E3F, 0x65DF, 0x8E5F, 0x863F, 0x55BF, 0x65FF, 0xAEBF, 0xB71F, 0xBE35, 0xFDE5,
  0xFDA4, 0xFDA3, 0xB5D2, 0x65DF, 0x5D9F, 0x5DFF, 0x7E3F, 0x95FF, 0x8DBE, 0x8DBE, 0x95FF, 0x5C5F, 0xF81F, 0xF81F, 0xF81F, 0xF81F,
  0xF81F, 0xF81F, 0x763F, 0x765F, 0x6E1F, 0x6E1F, 0x457F, 0xE7DF, 0xFFFF, 0xFFFF, 0xA6BF, 0xEF9F, 0xFFFF, 0xFFFF, 0xFE4B, 0xFDC7,
  0xFDE8, 0xFDC7, 0xFDA6, 0xEF9D, 0xFFFF, 0x2C7F, 0x8DDF, 0x95BE, 0x95DE, 0x9E1F, 0x755F, 0xF81F, 0xF81F, 0xF81F, 0xF81F, 0xF81F,
  0xF81F, 0x351F, 0x767F, 0x65DF, 0x55DF, 0xA6DF, 0xE79F, 0xFF78, 0xFED1, 0xFE2A, 0xFEF3, 0xFFFF, 0xFFFF, 0xFFFF, 0xFEF5, 0xFDE8,
  0xFDC6, 0xFDA5, 0xFE09, 0xFFFE, 0xFFFF, 0x959F, 0x8DDF, 0x9E1F, 0x95FF, 0x75BE, 0x661F, 0xF81F, 0xF81F, 0xF81F, 0xF81F, 0xF81F,
  0xF81F, 0x455F, 0x765F, 0x65FF, 0xCF3F, 0xFFFF, 0xFFDC, 0xFE08, 0xFDC6, 0xFDC6, 0xFE09, 0xFFDE, 0xFFFF, 0xFFDE, 0xFFBD, 0xFFDD,
  0xFF36, 0xFEF3, 0xFFBC, 0xFFDF, 0xFF79, 0xEF9F, 0x95BF, 0x7D3F, 0x44BE, 0x3CFE, 0x6E3F, 0x55BF, 0xF81F, 0xF81F, 0xF81F, 0xF81F,
  0xF81F, 0x457F, 0x6E7F, 0x65DF, 0xFFFF, 0xFFFF, 0xFF16, 0xFDE5, 0xFDE6, 0xFDC5, 0xFE6E, 0xFFDF, 0xFF9B, 0xFE2B, 0xFDC7, 0xFEF4,
  0xFFFF, 0xFFFF, 0xFFDD, 0xFDE9, 0xFDA6, 0xFE6E, 0xFFFE, 0xFFFF, 0xF81F, 0x451E, 0x765F, 0x5DBF, 0xF81F, 0xF81F, 0xF81F, 0xF81F,
  0xF81F, 0x24BF, 0x6E5F, 0x6E1F, 0x865F, 0xD75F, 0xFFFF, 0xFF13, 0xFF14, 0xFF98, 0xFFFE, 0xFFFF, 0xFE8F, 0xFD63, 0xFDC7, 0xFDE7,
  0xFFBC, 0xFFFF, 0xFF16, 0xFD63, 0xFDA5, 0xFDE7, 0xFFDB, 0xFFFF, 0xEF7F, 0x559F, 0x767F, 0x455F, 0xF81F, 0xF81F, 0xF81F, 0xF81F,
  0xF81F, 0x039F, 0x765F, 0x6DFF, 0x6E1F, 0x65FF, 0x55BF, 0xBF3F, 0xF7FF, 0xFFFF, 0xFFFF, 0xFFFF, 0xFF57, 0xFE29, 0xFE08, 0xFEAF,
  0xFFFF, 0xFFFF, 0xFFFE, 0xFED2, 0xFE8F, 0xFF77, 0xEFBF, 0xA6BF, 0x761F, 0x65FF, 0x6E5F, 0x043F, 0xF81F, 0xF81F, 0xF81F, 0xF81F,
  0xF81F, 0xF81F, 0x763F, 0x65DF, 0x6DDF, 0x6DFF, 0x763F, 0x65FF, 0x6DFE, 0x65DF, 0x865F, 0x9E9F, 0xBF3F, 0xCF1F, 0xC6BC, 0xDF9F,
  0xDF7F, 0xBEDF, 0xC73F, 0xC75F, 0x9EDF, 0x763F, 0x6DFF, 0x65FF, 0x6DFF, 0x65DF, 0x763F, 0xF81F, 0xF81F, 0xF81F, 0xF81F, 0xF81F,
  0xF81F, 0xF81F, 0x6DFF, 0x6DFF, 0x65DF, 0x65DF, 0x6DDF, 0x6DFF, 0x6DFF, 0x6E1F, 0x6E1F, 0x65FF, 0x65FF, 0x5DDF, 0x5DDF, 0x6E1F,
  0x6DFF, 0x5DDF, 0x5DDF, 0x65DF, 0x65FF, 0x65FF, 0x6DFF, 0x6DFF, 0x6DFF, 0x6E1F, 0x65DF, 0xF81F, 0xF81F, 0xF81F, 0xF81F, 0xF81F,
  0xF81F, 0xF81F, 0x455F, 0x6E3F, 0x65DF, 0x65DF, 0x6DFF, 0x6DFF, 0x65FF, 0x65DF, 0x6DFF, 0x6DDF, 0x65DF, 0x6DFF, 0x6DFF, 0x65DF,
  0x6DFF, 0x6DFF, 0x6DFF, 0x6DFF, 0x6DFF, 0x65DF, 0x6DFF, 0x6DFF, 0x6DFF, 0x767F, 0x1CFF, 0xF81F, 0xF81F, 0xF81F, 0xF81F, 0xF81F,
  0xF81F, 0xF81F, 0xF81F, 0x6E3F, 0x65DF, 0x65DF, 0x6DDF, 0x65DF, 0x65FF, 0x6DFF, 0x6DFF, 0x6DFF, 0x6DFF, 0x6DFF, 0x6DFF, 0x6DFF,
  0x6DFF, 0x6DFF, 0x6DFF, 0x6DFF, 0x6DFF, 0x6DFF, 0x6DFF, 0x6DFF, 0x6DFF, 0x6E1F, 0xF81F, 0xF81F, 0xF81F, 0xF81F, 0xF81F, 0xF81F,
  0xF81F, 0xF81F, 0xF81F, 0x4D7F, 0x6E1F, 0x65DF, 0x65DF, 0x6DDF, 0x6DFF, 0x6DFF, 0x6DFF, 0x6DFF, 0x6DFF, 0x6DFF, 0x6DFF, 0x6DFF,
  0x6DFF, 0x6DFF, 0x6DFF, 0x6DFF, 0x6DFF, 0x6DFF, 0x6DFF, 0x65DF, 0x767F, 0x14BF, 0xF81F, 0xF81F, 0xF81F, 0xF81F, 0xF81F, 0xF81F,
  0xF81F, 0xF81F, 0xF81F, 0xF81F, 0x6E3F, 0x65DF, 0x65DF, 0x6DFF, 0x6DFF, 0x6DFF, 0x6DFF, 0x6DFF, 0x6DFF, 0x6DFF, 0x6DFF, 0x6DFF,
  0x6DFF, 0x6DFF, 0x6DFF, 0x6DFF, 0x6DFF, 0x6DFF, 0x6DDF, 0x6E3F, 0x65DF, 0xF81F, 0xF81F, 0xF81F, 0xF81F, 0xF81F, 0xF81F, 0xF81F,
  0xF81F, 0xF81F, 0xF81F, 0xF81F, 0x1C9F, 0x767F, 0x65DF, 0x65DF, 0x6DFF, 0x6DFF, 0x6DFF, 0x6DFF, 0x6DFF, 0x6DFF, 0x6DFF, 0x6DFF,
  0x6DFF, 0x6DFF, 0x6DFF, 0x6DFF, 0x6DFF, 0x65DF, 0x6E1F, 0x661F, 0xF81F, 0xF81F, 0xF81F, 0xF81F, 0xF81F, 0xF81F, 0xF81F, 0xF81F,
  0xF81F, 0xF81F, 0xF81F, 0xF81F, 0xF81F, 0x3D3F, 0x767F, 0x65FF, 0x65DF, 0x65FF, 0x65DF, 0x6DFF, 0x6DFF, 0x6DFF, 0x6DFF, 0x6DFF,
  0x6DFF, 0x6DFF, 0x6DFF, 0x6DFF, 0x65DF, 0x765F, 0x6E1F, 0xF81F, 0xF81F, 0xF81F, 0xF81F, 0xF81F, 0xF81F, 0xF81F, 0xF81F, 0xF81F,
  0xF81F, 0xF81F, 0xF81F, 0xF81F, 0xF81F, 0xF81F, 0x047F, 0x6E1F, 0x6E3F, 0x6DFF, 0x6DFF, 0x6DDF, 0x6DFF, 0x6DFF, 0x6DFF, 0x6DFF,
  0x6DFF, 0x6DFF, 0x6DFF, 0x6E1F, 0x767F, 0x5DFF, 0xF81F, 0xF81F, 0xF81F, 0xF81F, 0xF81F, 0xF81F, 0xF81F, 0xF81F, 0xF81F, 0xF81F,
  0xF81F, 0xF81F, 0xF81F, 0xF81F, 0xF81F, 0xF81F, 0xF81F, 0xF81F, 0x34FE, 0x559F, 0x6DFF, 0x6E1F, 0x6E1F, 0x6E1F, 0x6E1F, 0x6E1F,
  0x6E1F, 0x6DFF, 0x5DBF, 0x5D9E, 0xF81F, 0xF81F, 0xF81F, 0xF81F, 0xF81F, 0xF81F, 0xF81F, 0xF81F, 0xF81F, 0xF81F, 0xF81F, 0xF81F,
  0xF81F, 0xF81F, 0xF81F, 0xF81F, 0xF81F, 0xF81F, 0xF81F, 0xF81F, 0x00F8, 0x1C1D, 0x23FB, 0x2C3B, 0x349C, 0x3CBC, 0x3CDD, 0x3CBC,
  0x347C, 0x2C3B, 0x241C, 0x23DA, 0xF81F, 0xF81F, 0xF81F, 0xF81F, 0xF81F, 0xF81F, 0xF81F, 0xF81F, 0xF81F, 0xF81F, 0xF81F, 0xF81F,
  0xF81F, 0xF81F, 0xF81F, 0xF81F, 0xF81F, 0xF81F, 0xF81F, 0xF81F, 0xF81F, 0x037B, 0x241B, 0x1BFB, 0x1BFC, 0x1BFC, 0x1BFC, 0x1BFC,
  0x1BFC, 0x23FB, 0x2C1C, 0x0199, 0xF81F, 0xF81F, 0xF81F, 0xF81F, 0xF81F, 0xF81F, 0xF81F, 0xF81F, 0xF81F, 0xF81F, 0xF81F, 0xF81F,
  0xF81F, 0xF81F, 0xF81F, 0xF81F, 0xF81F, 0xF81F, 0xF81F, 0xF81F, 0xF81F, 0xF81F, 0xF81F, 0xF81F, 0x01B9, 0x00F9, 0x0078, 0x013A,
  0x017A, 0xF81F, 0xF81F, 0xF81F, 0xF81F, 0xF81F, 0xF81F, 0xF81F, 0xF81F, 0xF81F, 0xF81F, 0xF81F, 0xF81F, 0xF81F, 0xF81F, 0xF81F,
  0xF81F, 0xF81F, 0xF81F, 0xF81F, 0xF81F, 0xF81F, 0xF81F, 0xF81F, 0xF81F, 0xF81F, 0xF81F, 0xF81F, 0xF81F, 0xF81F, 0xF81F, 0xF81F,
  0xF81F, 0xF81F, 0xF81F, 0xF81F, 0xF81F, 0xF81F, 0xF81F, 0xF81F, 0xF81F, 0xF81F, 0xF81F, 0xF81F, 0xF81F, 0xF81F, 0xF81F, 0xF81F,
  0xF81F, 0xF81F, 0xF81F, 0xF81F, 0xF81F, 0xF81F, 0xF81F, 0xF81F, 0xF81F, 0xF81F, 0xF81F, 0xF81F, 0xF81F, 0xF81F, 0xF81F, 0xF81F,
  0xF81F, 0xF81F, 0xF81F, 0xF81F, 0xF81F, 0xF81F, 0xF81F, 0xF81F, 0xF81F, 0xF81F, 0xF81F, 0xF81F, 0xF81F, 0xF81F, 0xF81F, 0xF81F,
  0xF81F, 0xF81F, 0xF81F, 0xF81F, 0xF81F, 0xF81F, 0xF81F, 0xF81F, 0xF81F, 0xF81F, 0xF81F, 0xF81F, 0xF81F, 0xF81F, 0xF81F, 0xF81F,
  0xF81F, 0xF81F, 0xF81F, 0xF81F, 0xF81F, 0xF81F, 0xF81F, 0xF81F, 0xF81F, 0xF81F, 0xF81F, 0xF81F, 0xF81F, 0xF81F, 0xF81F, 0xF81F,
  0xF81F, 0xF81F, 0xF81F, 0xF81F, 0xF81F, 0xF81F, 0xF81F, 0xF81F, 0xF81F, 0xF81F, 0xF81F, 0xF81F, 0xF81F, 0xF81F, 0xF81F, 0xF81F,
  0xF81F, 0xF81F, 0xF81F, 0xF81F, 0xF81F, 0xF81F, 0xF81F, 0xF81F, 0xF81F, 0xF81F, 0xF81F, 0xF81F, 0xF81F, 0xF81F, 0xF81F, 0xF81F,
};

const uint16_t icon_soccer[1024] PROGMEM = {
  0xF81F, 0xF81F, 0xF81F, 0xF81F, 0xF81F, 0xF81F, 0xF81F, 0xF81F, 0xF81F, 0xF81F, 0xF81F, 0xF81F, 0xF81F, 0xF81F, 0xF81F, 0xF81F,
  0xF81F, 0xF81F, 0xF81F, 0xF81F, 0xF81F, 0xF81F, 0xF81F, 0xF81F, 0xF81F, 0xF81F, 0xF81F, 0xF81F, 0xF81F, 0xF81F, 0xF81F, 0xF81F,
  0xF81F, 0xF81F, 0xF81F, 0xF81F, 0xF81F, 0xF81F, 0xF81F, 0xF81F, 0xF81F, 0xF81F, 0xF81F, 0xF81F, 0xF81F, 0xF81F, 0xF81F, 0xF81F,
  0xF81F, 0xF81F, 0xF81F, 0xF81F, 0xF81F, 0xF81F, 0xF81F, 0xF81F, 0xF81F, 0xF81F, 0xF81F, 0xF81F, 0xF81F, 0xF81F, 0xF81F, 0xF81F,
  0xF81F, 0xF81F, 0xF81F, 0xF81F, 0xF81F, 0xF81F, 0xF81F, 0xF81F, 0xF81F, 0xF81F, 0xF81F, 0xF81F, 0xF81F, 0xF81F, 0xF81F, 0xF81F,
  0xF81F, 0xF81F, 0xF81F, 0xF81F, 0xF81F, 0xF81F, 0xF81F, 0xF81F, 0xF81F, 0xF81F, 0xF81F, 0xF81F, 0xF81F, 0xF81F, 0xF81F, 0xF81F,
  0xF81F, 0xF81F, 0xF81F, 0xF81F, 0xF81F, 0xF81F, 0xF81F, 0xF81F, 0xF81F, 0xF81F, 0xF81F, 0xF81F, 0xF81F, 0xF81F, 0xF81F, 0xF81F,
  0xF81F, 0xF81F, 0xF81F, 0xF81F, 0xF81F, 0xF81F, 0xF81F, 0xF81F, 0xF81F, 0xF81F, 0xF81F, 0xF81F, 0xF81F, 0xF81F, 0xF81F, 0xF81F,
  0xF81F, 0xF81F, 0xF81F, 0xF81F, 0xF81F, 0xF81F, 0xF81F, 0xF81F, 0xF81F, 0xF81F, 0xF81F, 0xF81F, 0xF81F, 0xF81F, 0xF81F, 0xF81F,
  0xF81F, 0x0007, 0x0007, 0x0808, 0x0004, 0x0001, 0xF81F, 0xF81F, 0xF81F, 0xF81F, 0xF81F, 0xF81F, 0xF81F, 0xF81F, 0xF81F, 0xF81F,
  0xF81F, 0xF81F, 0xF81F, 0xFC40, 0xFE04, 0xF81F, 0xF81F, 0xF81F, 0xF81F, 0xF81F, 0xF81F, 0xF81F, 0xF81F, 0xF81F, 0x0008, 0x30EB,
  0x392C, 0x392C, 0x288A, 0x7B72, 0x9C76, 0x7B52, 0x520E, 0x2089, 0x0001, 0xF81F, 0xF81F, 0xF81F, 0xF81F, 0xF81F, 0xF81F, 0xF81F,
  0xF81F, 0xF81F, 0xF81F, 0xFD63, 0xFEA7, 0xFD83, 0xF81F, 0xF81F, 0xF81F, 0xF81F, 0xF81F, 0xF81F, 0x0007, 0x416D, 0x310C, 0x28CA,
  0x28CA, 0x2049, 0x8BD3, 0xFFFF, 0xFFFF, 0xFFFF, 0xF79E, 0xC5D9, 0x6AF2, 0x28AB, 0xF81F, 0xF81F, 0xF81F, 0xF81F, 0xF81F, 0xF81F,
  0xF81F, 0xF81F, 0xF81F, 0xF81F, 0xFDA4, 0xFE46, 0xFD40, 0xF81F, 0xF81F, 0xF81F, 0xF81F, 0x206A, 0x49AE, 0x2049, 0x2089, 0x28CA,
  0x28CA, 0x7B52, 0xFFFF, 0xFFDF, 0xFFDF, 0xFFFF, 0xFFFF, 0xFFFF, 0xFFFF, 0x49EE, 0x310B, 0x0003, 0xF81F, 0xF81F, 0xF81F, 0xF81F,
  0xF81F, 0xF81F, 0xF81F, 0xF81F, 0xF81F, 0xFE27, 0xFE07, 0xF81F, 0xF81F, 0xF81F, 0x0807, 0x9435, 0xE71D, 0x8C14, 0xB537, 0xCE5B,
  0xE6FD, 0xEF5E, 0xFFDF, 0xFFFF, 0xFFFF, 0xFFFF, 0xFFFF, 0xFFBF, 0xFFFF, 0x8C14, 0x206A, 0x418D, 0xF81F, 0xF81F, 0xF81F, 0xF81F,
  0xF81F, 0xF81F, 0xF81F, 0xF81F, 0xF81F, 0xF81F, 0xF81F, 0xF81F, 0xF81F, 0x0007, 0x7B52, 0xFFFF, 0xFFDF, 0xFFFF, 0xFFFF, 0xFFFF,
  0xFFFF, 0xEF7E, 0xE73E, 0xFFFF, 0xFFDF, 0xFFFF, 0xFFFF, 0xFFDF, 0xFFFF, 0xD67B, 0x30CB, 0x30EB, 0x28CA, 0xF81F, 0xF81F, 0xF81F,
  0xFDA2, 0xFD20, 0xF81F, 0xF81F, 0xF81F, 0xF81F, 0xF81F, 0xF81F, 0x0000, 0x5A2F, 0xF7BF, 0xEF5E, 0xFFDF, 0xFFDF, 0xFFDF, 0xFFDF,
  0xFFFF, 0xFFFF, 0xEF5E, 0xFFFF, 0xFFFF, 0xFFFF, 0xFFFF, 0xFFFF, 0xFFFF, 0xFFDF, 0x5A6F, 0x1828, 0x392C, 0x0006, 0xF81F, 0xF81F,
  0xFE66, 0xFE46, 0xFDE7, 0xFDA2, 0xF81F, 0xF81F, 0xF81F, 0xF81F, 0x1869, 0xB578, 0xFFFF, 0xF79E, 0xFFFF, 0xFFFF, 0xFFFF, 0xFFFF,
  0xFFDF, 0xFFFF, 0xBDD9, 0x520E, 0x9435, 0xCE3A, 0xFFDF, 0xFFFF, 0xEF7E, 0xF79E, 0xEF5E, 0x6B11, 0x206A, 0x28AB, 0xF81F, 0xF81F,
  0xFD83, 0xFDC5, 0xFE07, 0xFEE8, 0xF81F, 0xF81F, 0xF81F, 0xF81F, 0x418D, 0x49EE, 0xA4F7, 0xFFFF, 0xFFDF, 0xFFFF, 0xFFFF, 0xFFFF,
  0xFFFF, 0xF77E, 0x498D, 0x1829, 0x2049, 0x28AA, 0x49CE, 0x9455, 0xF79E, 0xFFFF, 0xFFFF, 0xFFFF, 0x9CB6, 0x394C, 0xF81F, 0xF81F,
  0xF81F, 0xF81F, 0xF81F, 0xF81F, 0xF81F, 0xF81F, 0xF81F, 0x0008, 0x310C, 0x1828, 0x49ED, 0xFFDF, 0xFFFF, 0xFFFF, 0xFFFF, 0xFFFF,
  0xFFFF, 0x7B72, 0x204A, 0x310B, 0x30EB, 0x30EB, 0x2049, 0x418C, 0xFFDF, 0xFFFF, 0xFFDF, 0xFFFF, 0xFFFF, 0x7311, 0x0000, 0xF81F,
  0xF81F, 0xF81F, 0xF81F, 0xF81F, 0xF81F, 0xF81F, 0xF81F, 0x28AA, 0x30EB, 0x310B, 0x28AA, 0xBDB9, 0xFFFF, 0xFFDF, 0xFFDF, 0xFFFF,
  0xBDB9, 0x206A, 0x30CB, 0x30CB, 0x30CB, 0x30EB, 0x28AA, 0x522E, 0xFFDF, 0xFFFF, 0xFFFF, 0xFFDF, 0xFFFF, 0x8BD4, 0x0003, 0xF81F,
  0xF81F, 0xF81F, 0xF81F, 0xF81F, 0xF81F, 0xF81F, 0xF81F, 0x1029, 0x30EB, 0x310B, 0x28A9, 0x5A6F, 0xF79F, 0xEF7E, 0xEF7E, 0xEF7E,
  0x5A4F, 0x206A, 0x30EB, 0x30CB, 0x30CB, 0x30EB, 0x288A, 0x6290, 0xFFFF, 0xFFFF, 0xFFFF, 0xFFDF, 0xFFFF, 0x9435, 0x0003, 0xF81F,
  0xF81F, 0xF81F, 0xF81F, 0xF81F, 0xF81F, 0xF81F, 0xF81F, 0x1009, 0x310B, 0x310B, 0x2089, 0x9454, 0xFFFF, 0xFFDF, 0xFFDF, 0xFFFF,
  0xC5FA, 0x28AB, 0x30CB, 0x30CB, 0x30EB, 0x310B, 0x288A, 0x6AD1, 0xFFFF, 0xFFFF, 0xFFFF, 0xFFDF, 0xFFFF, 0x83B3, 0x0001, 0xF81F,
  0xF81F, 0xF81F, 0xF81F, 0xF81F, 0xF81F, 0xF81F, 0xF81F, 0x206A, 0x310B, 0x28CA, 0x49AD, 0xF79E, 0xFFFF, 0xFFFF, 0xFFFF, 0xFFDF,
  0xFFFF, 0x8BF4, 0x2049, 0x310B, 0x28CB, 0x288A, 0x1808, 0x7331, 0xFFFF, 0xFFDF, 0xFFFF, 0xFFFF, 0xFFFF, 0x6AF1, 0x0000, 0xF81F,
  0xF81F, 0xF81F, 0xF81F, 0xF81F, 0xF81F, 0xF81F, 0xF81F, 0x204A, 0x30EB, 0x1808, 0xAD17, 0xFFFF, 0xFFDF, 0xFFFF, 0xFFFF, 0xFFFF,
  0xFFFF, 0xF7BF, 0x5A2F, 0x1829, 0x416D, 0x7332, 0xB558, 0xE71D, 0xF79F, 0xFFFF, 0xFFFF, 0xFFFF, 0xBDD9, 0x498D, 0xF81F, 0xF81F,
  0xF81F, 0xF81F, 0xF81F, 0xF81F, 0xF81F, 0xF81F, 0xF81F, 0x0006, 0x520F, 0xA4D6, 0xF79E, 0xFFFF, 0xFFFF, 0xFFFF, 0xFFFF, 0xFFFF,
  0xFFFF, 0xFFFF, 0xDEBC, 0xB578, 0xEF7E, 0xFFFF, 0xFFFF, 0xFFFF, 0xF7BF, 0xFFDF, 0xEF7E, 0x83B3, 0x28AA, 0x28A9, 0xF81F, 0xF81F,
  0xF81F, 0xF81F, 0xF81F, 0xF81F, 0xF81F, 0xF81F, 0xF81F, 0xF81F, 0x41AD, 0xF79E, 0xFFDF, 0xFFDF, 0xFFFF, 0xFFFF, 0xFFFF, 0xFFFF,
  0xFFFF, 0xFFDF, 0xF79F, 0xFFFF, 0xFFFF, 0xFFDF, 0xFFDF, 0xFFDF, 0xFFFF, 0xE6FD, 0x49CD, 0x1848, 0x310B, 0x0004, 0xF81F, 0xF81F,
  0xF81F, 0xF81F, 0xF81F, 0xF81F, 0xF81F, 0xF81F, 0xF81F, 0xF81F, 0x1007, 0x8C14, 0xFFFF, 0xF79E, 0xFFFF, 0xFFDF, 0xFFDF, 0xFFDF,
  0xFFFF, 0xF79E, 0xF79E, 0xFFFF, 0xFFFF, 0xFFFF, 0xFFFF, 0xFFDF, 0xFFFF, 0xA4D6, 0x2049, 0x390B, 0x30EA, 0xF81F, 0xF81F, 0xF81F,
  0xF81F, 0xF81F, 0xF81F, 0xF81F, 0xF81F, 0xF81F, 0xF81F, 0xF81F, 0xF81F, 0x416C, 0xDEBC, 0xFFFF, 0xF7BF, 0xFFFF, 0xFFFF, 0xFFFF,
  0xFFFF, 0xF79F, 0xFFDF, 0xFFFF, 0xFFFF, 0xFFFF, 0xFFFF, 0xFFFF, 0xFFFF, 0x628F, 0x2069, 0x416D, 0xF81F, 0xF81F, 0xF81F, 0xF81F,
  0xF81F, 0xF81F, 0xF81F, 0xF81F, 0xF81F, 0xF81F, 0xF81F, 0xF81F, 0xF81F, 0x0005, 0x51EE, 0xEF7E, 0xE73D, 0x8C14, 0x8C34, 0x8C34,
  0x8C14, 0xDEBC, 0xFFFF, 0xFFDF, 0xFFFF, 0xFFFF, 0xFFDF, 0xFFFF, 0xE6FC, 0x28CA, 0x392B, 0x0007, 0xF81F, 0xF81F, 0xF81F, 0xF81F,
  0xF81F, 0xF81F, 0xF81F, 0xF81F, 0xF81F, 0xF81F, 0xF81F, 0xF81F, 0xF81F, 0xF81F, 0x0002, 0x5A4F, 0x6AF1, 0x1829, 0x28AA, 0x20A9,
  0x2069, 0x5A6F, 0xFFDF, 0xFFDF, 0xFFFF, 0xFFFF, 0xFFFF, 0xFFFF, 0x9C76, 0x28CA, 0x0006, 0xF81F, 0xF81F, 0xF81F, 0xF81F, 0xF81F,
  0xF81F, 0xF81F, 0xF81F, 0xF81F, 0xF81F, 0xF81F, 0xF81F, 0xF81F, 0xF81F, 0xF81F, 0xF81F, 0x0005, 0x310B, 0x392C, 0x310B, 0x310B,
  0x312B, 0x2069, 0x8BF3, 0xFFFF, 0xFFFF, 0xF77E, 0xBDD9, 0x7312, 0x30EC, 0x0002, 0xF81F, 0xF81F, 0xF81F, 0xF81F, 0xF81F, 0xF81F,
  0xF81F, 0xF81F, 0xF81F, 0xF81F, 0xF81F, 0xF81F, 0xF81F, 0xF81F, 0xF81F, 0xF81F, 0xF81F, 0xF81F, 0xF81F, 0x206A, 0x416C, 0x392C,
  0x310B, 0x390C, 0x392C, 0x83D4, 0x7B73, 0x520F, 0x1009, 0x0004, 0xF81F, 0xF81F, 0xF81F, 0xF81F, 0xF81F, 0xF81F, 0xF81F, 0xF81F,
  0xF81F, 0xF81F, 0xF81F, 0xF81F, 0xF81F, 0xF81F, 0xF81F, 0xF81F, 0xF81F, 0xF81F, 0xF81F, 0xF81F, 0xF81F, 0xF81F, 0xF81F, 0x0005,
  0x0006, 0x100A, 0x202B, 0x0003, 0x0000, 0xF81F, 0xF81F, 0xF81F, 0xF81F, 0xF81F, 0xF81F, 0xF81F, 0xF81F, 0xF81F, 0xF81F, 0xF81F,
  0xF81F, 0xF81F, 0xF81F, 0xF81F, 0xF81F, 0xF81F, 0xF81F, 0xF81F, 0xF81F, 0xF81F, 0xF81F, 0xF81F, 0xF81F, 0xF81F, 0xF81F, 0xF81F,
  0xF81F, 0xF81F, 0xF81F, 0xF81F, 0xF81F, 0xF81F, 0xF81F, 0xF81F, 0xF81F, 0xF81F, 0xF81F, 0xF81F, 0xF81F, 0xF81F, 0xF81F, 0xF81F,
  0xF81F, 0xF81F, 0xF81F, 0xF81F, 0xF81F, 0xF81F, 0xF81F, 0xF81F, 0xF81F, 0xF81F, 0xF81F, 0xF81F, 0xF81F, 0xF81F, 0xF81F, 0xF81F,
  0xF81F, 0xF81F, 0xF81F, 0xF81F, 0xF81F, 0xF81F, 0xF81F, 0xF81F, 0xF81F, 0xF81F, 0xF81F, 0xF81F, 0xF81F, 0xF81F, 0xF81F, 0xF81F,
  0xF81F, 0xF81F, 0xF81F, 0xF81F, 0xF81F, 0xF81F, 0xF81F, 0xF81F, 0xF81F, 0xF81F, 0xF81F, 0xF81F, 0xF81F, 0xF81F, 0xF81F, 0xF81F,
  0xF81F, 0xF81F, 0xF81F, 0xF81F, 0xF81F, 0xF81F, 0xF81F, 0xF81F, 0xF81F, 0xF81F, 0xF81F, 0xF81F, 0xF81F, 0xF81F, 0xF81F, 0xF81F,
  0xF81F, 0xF81F, 0xF81F, 0xF81F, 0xF81F, 0xF81F, 0xF81F, 0xF81F, 0xF81F, 0xF81F, 0xF81F, 0xF81F, 0xF81F, 0xF81F, 0xF81F, 0xF81F,
  0xF81F, 0xF81F, 0xF81F, 0xF81F, 0xF81F, 0xF81F, 0xF81F, 0xF81F, 0xF81F, 0xF81F, 0xF81F, 0xF81F, 0xF81F, 0xF81F, 0xF81F, 0xF81F,
};

const uint16_t icon_books[1024] PROGMEM = {
  0xF81F, 0xF81F, 0xF81F, 0xF81F, 0xF81F, 0xF81F, 0xF81F, 0xF81F, 0xF81F, 0xF81F, 0xF81F, 0xF81F, 0xF81F, 0xF81F, 0xF81F, 0xF81F,
  0xF81F, 0xF81F, 0xF81F, 0xF81F, 0xF81F, 0xF81F, 0xF81F, 0xF81F, 0xF81F, 0xF81F, 0xF81F, 0xF81F, 0xF81F, 0xF81F, 0xF81F, 0xF81F,
  0xF81F, 0xF81F, 0xF81F, 0xF81F, 0xF81F, 0xF81F, 0xF81F, 0xF81F, 0xF81F, 0xF81F, 0xF81F, 0xF81F, 0xF81F, 0xF81F, 0xF81F, 0xF81F,
  0xF81F, 0xF81F, 0xF81F, 0xF81F, 0xF81F, 0xF81F, 0xF81F, 0xF81F, 0xF81F, 0xF81F, 0xF81F, 0xF81F, 0xF81F, 0xF81F, 0xF81F, 0xF81F,
  0xF81F, 0xF81F, 0xF81F, 0xF81F, 0xF81F, 0xF81F, 0xF81F, 0xF81F, 0xF81F, 0xF81F, 0xF81F, 0xF81F, 0xF81F, 0xF81F, 0xF81F, 0xF81F,
  0xF81F, 0xF81F, 0xF81F, 0xF81F, 0xF81F, 0xF81F, 0xF81F, 0xF81F, 0xF81F, 0xF81F, 0xF81F, 0xF81F, 0xF81F, 0xF81F, 0xF81F, 0xF81F,
  0xF81F, 0xF81F, 0xF81F, 0xF81F, 0xF81F, 0xF81F, 0xF81F, 0xF81F, 0xF81F, 0xF81F, 0xF81F, 0xF81F, 0xF81F, 0xFAD6, 0xFB57, 0xFA75,
  0xF913, 0xF81F, 0xF81F, 0xF81F, 0xF81F, 0xF81F, 0xF81F, 0xF81F, 0xF81F, 0xF81F, 0xF81F, 0xF81F, 0xF81F, 0xF81F, 0xF81F, 0xF81F,
  0xF81F, 0xF81F, 0xF81F, 0xF81F, 0xF81F, 0xF81F, 0xF81F, 0xF81F, 0xF81F, 0xF81F, 0xFA36, 0xFBB8, 0xFC3A, 0xFC3A, 0xFC19, 0xFC3A,
  0xFC3A, 0xFC59, 0xFC18, 0xFBD8, 0xFB37, 0xFA34, 0xF892, 0xF81F, 0xF81F, 0xF81F, 0xF81F, 0xF81F, 0xF81F, 0xF81F, 0xF81F, 0xF81F,
  0xF81F, 0xF81F, 0xF81F, 0xF81F, 0xF81F, 0xF81F, 0xF81F, 0xF81F, 0xFB77, 0xFC19, 0xFC3A, 0xFBF9, 0xFBD8, 0xFBD8, 0xFBD8, 0xFBD8,
  0xFBD8, 0xFBD8, 0xFBF8, 0xFBF9, 0xFC19, 0xFC39, 0xFC3A, 0xFC39, 0xFBF8, 0xFBD8, 0xFB57, 0xFA56, 0xF81F, 0xF81F, 0xF81F, 0xF81F,
  0xF81F, 0xF81F, 0xF81F, 0xF81F, 0xF81F, 0xFA76, 0xFBF9, 0xFC3A, 0xFC39, 0xFBF8, 0xFBD8, 0xFBD8, 0xFBF8, 0xFBD8, 0xFBF8, 0xFBF8,
  0xFBF8, 0xFBD8, 0xFBD8, 0xFBD8, 0xFBD8, 0xFBD8, 0xFBD8, 0xFBD7, 0xFBF8, 0xFBF8, 0xFBF9, 0xFBBA, 0xFBFB, 0xF81F, 0xF81F, 0xF81F,
  0xF81F, 0xF81F, 0xF81F, 0xFA97, 0xFC39, 0xFC5A, 0xFBF8, 0xFBD8, 0xFBF8, 0xFBF8, 0xFBF8, 0xFBD8, 0xFBD8, 0xFBD8, 0xFBF8, 0xFBF8,
  0xFBF8, 0xFBD8, 0xFBD8, 0xFBD8, 0xFBF8, 0xFBF8, 0xFBF8, 0xFBF8, 0xFB97, 0xFB78, 0xFBB9, 0xFB38, 0xF955, 0xF81F, 0xF81F, 0xF81F,
  0xF81F, 0xF81F, 0xE097, 0xFB7C, 0xEB39, 0xF358, 0xFB98, 0xFBD8, 0xFC18, 0xFC18, 0xFBF8, 0xFBD8, 0xFBD8, 0xFBD8, 0xFBF8, 0xFBF8,
  0xFBF8, 0xFBD8, 0xFBD8, 0xFBD8, 0xFBF8, 0xFBD8, 0xFBB8, 0xFB99, 0xFB79, 0xFAD8, 0xF895, 0xF81F, 0xF81F, 0xF81F, 0xF81F, 0xF81F,
  0xF81F, 0xF81F, 0xEAF9, 0xF2FA, 0xEAF9, 0xF318, 0xF318, 0xF338, 0xF358, 0xFB98, 0xFB98, 0xFBB8, 0xFBD8, 0xFBF8, 0xFBF8, 0xFBD8,
  0xFBD8, 0xFBD8, 0xFBB8, 0xFB97, 0xFBB8, 0xFBDA, 0xFB99, 0xFA57, 0xF81F, 0xF81F, 0xF81F, 0xF81F, 0xF81F, 0xF81F, 0xF81F, 0xF81F,
  0xF81F, 0xF81F, 0xEB59, 0xF319, 0xEAF8, 0xF318, 0xF338, 0xF318, 0xF338, 0xF338, 0xF318, 0xF318, 0xF338, 0xF378, 0xFBB8, 0xFBD8,
  0xFBD8, 0xFB98, 0xFB99, 0xFB9A, 0xFB38, 0xF996, 0xF81F, 0xF81F, 0xF81F, 0xF81F, 0xF81F, 0xF81F, 0xF9D7, 0xF81F, 0xF81F, 0xF81F,
  0xF81F, 0xF81F, 0xF277, 0xFB3A, 0xEAF8, 0xF318, 0xF338, 0xF318, 0xF318, 0xF338, 0xF318, 0xF318, 0xF318, 0xF318, 0xFB98, 0xFBD7,
  0xFB98, 0xFB78, 0xFAD8, 0xF813, 0xF81F, 0xF81F, 0xF81F, 0xF81F, 0xF81F, 0xF81F, 0xF198, 0xFB58, 0xFC1C, 0xF995, 0xF81F, 0xF81F,
  0xF81F, 0xF81F, 0xF81F, 0xFB19, 0xFB18, 0xFB38, 0xFB38, 0xF318, 0xF318, 0xF318, 0xF318, 0xF318, 0xF318, 0xFB38, 0xFBB8, 0xFB97,
  0xFBB9, 0xF9F5, 0xF81F, 0xF81F, 0xF81F, 0xF81F, 0xF81F, 0xA018, 0xC23A, 0xCB1B, 0xCB1C, 0xB35A, 0xA41D, 0x3A9E, 0xF81F, 0xF81F,
  0xF81F, 0xF81F, 0xF81F, 0x3AD9, 0x7339, 0xAB38, 0xE358, 0xFB38, 0xFB18, 0xFB18, 0xFB18, 0xF318, 0xF318, 0xF358, 0xFBB8, 0xFB77,
  0xFBDA, 0xF81F, 0xF81F, 0xF81F, 0xF81F, 0xA879, 0xC27B, 0xD2FD, 0xC33C, 0xA33C, 0x83BD, 0x7C7F, 0x7C9F, 0x42FE, 0xF81F, 0xF81F,
  0xF81F, 0xF81F, 0x2B9C, 0x133B, 0x0B19, 0x0AF9, 0x231A, 0x4B19, 0x82F8, 0xB318, 0xE359, 0xFB58, 0xFB19, 0xFB18, 0xFBB7, 0xFB97,
  0xFB79, 0xF954, 0xF81F, 0xFAB7, 0xDAFA, 0xD2BD, 0xB2FC, 0x935C, 0x841E, 0x7C7F, 0x7C5E, 0x639E, 0xF81F, 0xF81F, 0xF81F, 0xF81F,
  0xF81F, 0x01FA, 0x2BDE, 0x2B7C, 0x2B7C, 0x2B5B, 0x237B, 0x1B5B, 0x131A, 0x1319, 0x2B3A, 0x533A, 0x8B19, 0xBAD8, 0xEB77, 0xFBD7,
  0xFB78, 0xFB98, 0xFBF9, 0xFC1A, 0xCBBA, 0x8B9C, 0x7C5F, 0x7C7F, 0x741F, 0x323E, 0xF81F, 0xF81F, 0xF81F, 0xF81F, 0xF81F, 0xF81F,
  0xF81F, 0x1B1B, 0x2B9D, 0x2B7C, 0x2B9C, 0x2B9B, 0x339C, 0x33BC, 0x339C, 0x339B, 0x237B, 0x1B5B, 0x0B19, 0x12F8, 0x2AD8, 0x5339,
  0x93BA, 0xCBD9, 0xB3BB, 0x841D, 0x7CBF, 0x749F, 0x63BE, 0xF81F, 0xF81F, 0xF81F, 0xF81F, 0xF81F, 0xF81F, 0xF81F, 0xF81F, 0xF81F,
  0xF81F, 0x12DB, 0x2B9D, 0x2B7B, 0x2B9C, 0x2B9B, 0x2B9B, 0x339C, 0x339B, 0x339B, 0x339C, 0x339C, 0x339B, 0x2B5B, 0x5C1D, 0x5C1D,
  0x4C1D, 0x749F, 0x6C5F, 0x641F, 0x42FF, 0xF81F, 0xF81F, 0xF81F, 0xF81F, 0xF81F, 0xF81F, 0xF81F, 0x7C1F, 0x8C1F, 0xF81F, 0xF81F,
  0xF81F, 0x015A, 0x2BFF, 0x2B7B, 0x339C, 0x339B, 0x339B, 0x339B, 0x339B, 0x339B, 0x2B9B, 0x2B9B, 0x2B7B, 0x43DC, 0xAD3F, 0xB53F,
  0x8CBF, 0x741F, 0x095F, 0xF81F, 0xF81F, 0xF81F, 0xF81F, 0xF81F, 0xF81F, 0x21FE, 0x73FF, 0x8C5F, 0x8C9F, 0x6CF9, 0xF81F, 0xF81F,
  0xF81F, 0xF81F, 0x027E, 0x33DC, 0x339C, 0x339D, 0x337C, 0x2B9B, 0x339B, 0x339B, 0x339B, 0x339B, 0x2B7B, 0x541D, 0xAD3F, 0x9CDF,
  0x849F, 0x42BE, 0xF81F, 0xF81F, 0xF81F, 0xF81F, 0xF81F, 0x635F, 0x8C7F, 0x94DF, 0x7C9D, 0x54B6, 0x2CEE, 0x2DCD, 0x0445, 0xF81F,
  0xF81F, 0xF81F, 0x03A2, 0x246D, 0x242F, 0x2C33, 0x2BD7, 0x339A, 0x339C, 0x337D, 0x2B7C, 0x2B9C, 0x2B9B, 0x543D, 0xB53F, 0x94BF,
  0x847F, 0x42DF, 0xF81F, 0xF81F, 0x009F, 0x6B7F, 0x94BF, 0x8CBF, 0x6CBA, 0x44F3, 0x356E, 0x2DED, 0x2D6C, 0x0CC9, 0xF81F, 0xF81F,
  0xF81F, 0x03C2, 0x2D8D, 0x1C49, 0x2CAA, 0x2D2B, 0x24CB, 0x246D, 0x242F, 0x23D3, 0x23B6, 0x2BBA, 0x2BBC, 0x43FE, 0xACFF, 0x949F,
  0x7C5F, 0x535E, 0x29DE, 0x843F, 0x8C7F, 0x745E, 0x54D6, 0x3D50, 0x2D8D, 0x2D8C, 0x252B, 0x0444, 0xF81F, 0xF81F, 0xF81F, 0xF81F,
  0xF81F, 0x1CCB, 0x250B, 0x2CAB, 0x3D6E, 0x4630, 0x354D, 0x24CB, 0x24AA, 0x246A, 0x244A, 0x246C, 0x2450, 0x23F3, 0x6438, 0x94BC,
  0x8C9F, 0x845F, 0x7C5F, 0x6CBB, 0x4D53, 0x356E, 0x35AD, 0x35AE, 0x0CE9, 0xF81F, 0xF81F, 0xF81F, 0xF81F, 0xF81F, 0xF81F, 0xF81F,
  0xF81F, 0x2CCC, 0x2CCB, 0x2CAB, 0x3DAE, 0x460F, 0x2D2C, 0x2CEB, 0x2CCB, 0x2CCC, 0x2CCC, 0x2CCB, 0x24AA, 0x2469, 0x1C09, 0x248C,
  0x4510, 0x4D14, 0x3CF1, 0x2DCD, 0x3E4F, 0x35AD, 0x0446, 0xF81F, 0xF81F, 0xF81F, 0xF81F, 0xF81F, 0xF81F, 0x04C5, 0xF81F, 0xF81F,
  0xF81F, 0x2CAB, 0x24CB, 0x2CCB, 0x3DCF, 0x45EF, 0x2D0C, 0x2CCB, 0x2CCB, 0x2CCB, 0x2CEB, 0x2CEB, 0x2CCB, 0x2C8B, 0x3D6E, 0x3DCE,
  0x2DAD, 0x2E0D, 0x3DCE, 0x0D2A, 0xF81F, 0xF81F, 0xF81F, 0xF81F, 0xF81F, 0xF81F, 0xF81F, 0x04A7, 0x252C, 0x3670, 0x252D, 0xF81F,
  0xF81F, 0x03C5, 0x2D4D, 0x24EB, 0x45EF, 0x3DEF, 0x24CB, 0x2CCB, 0x2CCB, 0x2CEB, 0x2CEB, 0x2CCB, 0x2CAB, 0x2CCB, 0x460F, 0x4610,
  0x35EE, 0x35CE, 0xF81F, 0xF81F, 0xF81F, 0xF81F, 0xF81F, 0xF81F, 0x0460, 0x0D4A, 0x3DEF, 0x3E30, 0x356E, 0x04C8, 0xF81F, 0xF81F,
  0xF81F, 0xF81F, 0x0405, 0x1CEA, 0x3DCE, 0x4E91, 0x354D, 0x2D0C, 0x2D0C, 0x2CEB, 0x24CB, 0x2CCB, 0x2CAB, 0x352C, 0x4E30, 0x3DEF,
  0x35EF, 0x04C7, 0xF81F, 0xF81F, 0xF81F, 0xF81F, 0x0505, 0x2D8E, 0x3E30, 0x4630, 0x2D6D, 0x0464, 0xF81F, 0xF81F, 0xF81F, 0xF81F,
  0xF81F, 0xF81F, 0xF81F, 0xF81F, 0xF81F, 0x0563, 0x04A7, 0x14A9, 0x352D, 0x354D, 0x2D0C, 0x2CEB, 0x2CEB, 0x2D2C, 0x4630, 0x3DEF,
  0x35EF, 0x04E8, 0xF81F, 0xF81F, 0x0CEA, 0x35CF, 0x3E91, 0x3DCF, 0x052A, 0xF81F, 0xF81F, 0xF81F, 0xF81F, 0xF81F, 0xF81F, 0xF81F,
  0xF81F, 0xF81F, 0xF81F, 0xF81F, 0xF81F, 0xF81F, 0xF81F, 0xF81F, 0xF81F, 0xF81F, 0x0382, 0x1489, 0x2D0C, 0x354D, 0x3E2F, 0x4650,
  0x35EF, 0x35CF, 0x2D4D, 0x3E30, 0x3DEF, 0x254D, 0x04A3, 0xF81F, 0xF81F, 0xF81F, 0xF81F, 0xF81F, 0xF81F, 0xF81F, 0xF81F, 0xF81F,
  0xF81F, 0xF81F, 0xF81F, 0xF81F, 0xF81F, 0xF81F, 0xF81F, 0xF81F, 0xF81F, 0xF81F, 0xF81F, 0xF81F, 0xF81F, 0xF81F, 0x0529, 0x3E50,
  0x4E30, 0x35AE, 0x3D8F, 0x1D4C, 0xF81F, 0xF81F, 0xF81F, 0xF81F, 0xF81F, 0xF81F, 0xF81F, 0xF81F, 0xF81F, 0xF81F, 0xF81F, 0xF81F,
  0xF81F, 0xF81F, 0xF81F, 0xF81F, 0xF81F, 0xF81F, 0xF81F, 0xF81F, 0xF81F, 0xF81F, 0xF81F, 0xF81F, 0xF81F, 0xF81F, 0xF81F, 0xF81F,
  0xF81F, 0xF81F, 0xF81F, 0xF81F, 0xF81F, 0xF81F, 0xF81F, 0xF81F, 0xF81F, 0xF81F, 0xF81F, 0xF81F, 0xF81F, 0xF81F, 0xF81F, 0xF81F,
  0xF81F, 0xF81F, 0xF81F, 0xF81F, 0xF81F, 0xF81F, 0xF81F, 0xF81F, 0xF81F, 0xF81F, 0xF81F, 0xF81F, 0xF81F, 0xF81F, 0xF81F, 0xF81F,
  0xF81F, 0xF81F, 0xF81F, 0xF81F, 0xF81F, 0xF81F, 0xF81F, 0xF81F, 0xF81F, 0xF81F, 0xF81F, 0xF81F, 0xF81F, 0xF81F, 0xF81F, 0xF81F,
};

// ---- Emoji icons (Apple Color Emoji), generated by design/make_emoji_icons.py ----

const uint16_t icon_hairbrush[1024] PROGMEM = {
  0xF81F, 0xF81F, 0xF81F, 0xF81F, 0xF81F, 0xF81F, 0xF81F, 0xF81F, 0xF81F, 0xF81F, 0xF81F, 0xF81F, 0xF81F, 0xF81F, 0xF81F, 0xF81F,
  0xF81F, 0xF81F, 0xF81F, 0xF81F, 0xF81F, 0xF81F, 0xF81F, 0xF81F, 0xF81F, 0xF81F, 0xB5B7, 0x94D3, 0x9CD3, 0xF81F, 0xF81F, 0xF81F,
  0xF81F, 0xF81F, 0xF81F, 0xF81F, 0xF81F, 0xF81F, 0xF81F, 0xF81F, 0xF81F, 0xF81F, 0xF81F, 0xF81F, 0xF81F, 0xF81F, 0xF81F, 0xF81F,
  0xF81F, 0xF81F, 0xF81F, 0xF81F, 0xF81F, 0xF81F, 0xF81F, 0xF81F, 0xF81F, 0x94D3, 0x8430, 0x738E, 0x73AE, 0x630C, 0xF81F, 0xF81F,
  0xF81F, 0xF81F, 0xF81F, 0xF81F, 0xF81F, 0xF81F, 0xF81F, 0xF81F, 0xF81F, 0xF81F, 0xF81F, 0xF81F, 0xF81F, 0xF81F, 0xF81F, 0xF81F,
  0xF81F, 0xF81F, 0xF81F, 0xF81F, 0xF81F, 0xF81F, 0xF81F, 0xF81F, 0xAD96, 0x8C51, 0x73AF, 0xA514, 0x6B4D, 0x632D, 0x5B0C, 0xF81F,
  0xF81F, 0xF81F, 0xF81F, 0xF81F, 0xF81F, 0xF81F, 0xF81F, 0xF81F, 0xF81F, 0xF81F, 0xF81F, 0xF81F, 0xF81F, 0xF81F, 0xF81F, 0xF81F,
  0xF81F, 0xF81F, 0xF81F, 0xF81F, 0xF81F, 0xF81F, 0xF81F, 0xF81F, 0x8C51, 0x73CF, 0x7BF0, 0xF81F, 0x9CF4, 0x632C, 0x4A6A, 0xF81F,
  0xF81F, 0xF81F, 0xF81F, 0xF81F, 0xF81F, 0xF81F, 0xF81F, 0xF81F, 0xF81F, 0xF81F, 0xF81F, 0xF81F, 0xF81F, 0xF81F, 0xF81F, 0xF81F,
  0xF81F, 0xF81F, 0xF81F, 0xF81F, 0xF81F, 0xF81F, 0xF81F, 0xF81F, 0x7BF0, 0x634D, 0x634D, 0x634D, 0x630C, 0x52AB, 0x8431, 0xF81F,
  0xF81F, 0xF81F, 0xF81F, 0xF81F, 0xF81F, 0xF81F, 0xF81F, 0xF81F, 0xF81F, 0xF81F, 0xF81F, 0xF81F, 0xF81F, 0xF81F, 0xF81F, 0xF81F,
  0xF81F, 0xF81F, 0xF81F, 0xF81F, 0xF81F, 0xF81F, 0xF81F, 0x9492, 0x738E, 0x634D, 0x5B0C, 0x5ACB, 0x4A8A, 0x8431, 0xF81F, 0xF81F,
  0xF81F, 0xF81F, 0xF81F, 0xF81F, 0xF81F, 0xF81F, 0xF81F, 0xF81F, 0xF81F, 0xF81F, 0xF81F, 0xF81F, 0xF81F, 0xF81F, 0xF81F, 0xF81F,
  0xF81F, 0xF81F, 0xF81F, 0xF81F, 0xF81F, 0xF81F, 0x94B3, 0x73AE, 0x632C, 0x5B0C, 0x5AEB, 0x8C72, 0xF81F, 0xF81F, 0xF81F, 0xF81F,
  0xF81F, 0xF81F, 0xF81F, 0xF81F, 0xF81F, 0xF81F, 0xF81F, 0xF81F, 0xF81F, 0xF81F, 0xF81F, 0xF81F, 0xF81F, 0xF81F, 0xF81F, 0xF81F,
  0xF81F, 0xF81F, 0xF81F, 0xF81F, 0xC619, 0x8410, 0x6B8E, 0x634D, 0x630C, 0x8C92, 0xF81F, 0xF81F, 0xF81F, 0xF81F, 0xF81F, 0xF81F,
  0xF81F, 0xF81F, 0xF81F, 0xF81F, 0xF81F, 0xF81F, 0xF81F, 0xF81F, 0xF81F, 0xF81F, 0xF81F, 0xF81F, 0x94B3, 0x7BEF, 0x7BEF, 0x8451,
  0x94B3, 0x94B3, 0x94B3, 0x8410, 0x73AE, 0x6B4D, 0x632D, 0x632D, 0x94B3, 0xF81F, 0xF81F, 0xF81F, 0xF81F, 0xF81F, 0xF81F, 0xF81F,
  0xF81F, 0xF81F, 0xF81F, 0xF81F, 0xF81F, 0xF81F, 0xF81F, 0xF81F, 0xF81F, 0xF81F, 0xF81F, 0x73AE, 0x738E, 0x6B4D, 0x6B4D, 0x6B6D,
  0x6B6E, 0x6B8E, 0x6B6E, 0x634D, 0x632D, 0x632C, 0x632D, 0x73CF, 0xF81F, 0xF81F, 0xF81F, 0xF81F, 0xF81F, 0xF81F, 0xF81F, 0xF81F,
  0xF81F, 0xF81F, 0xF81F, 0xF81F, 0xF81F, 0xF81F, 0xF81F, 0xF81F, 0xF81F, 0xBDF8, 0x6B4D, 0x634D, 0x634D, 0x632D, 0x634D, 0x632D,
  0x632D, 0x632D, 0x632C, 0x632C, 0x630C, 0x5B0C, 0x5B0C, 0xF81F, 0xF81F, 0xF81F, 0xF81F, 0xF81F, 0xF81F, 0xF81F, 0xF81F, 0xF81F,
  0xF81F, 0xF81F, 0xF81F, 0xF81F, 0xF81F, 0xF81F, 0xF81F, 0xF81F, 0xF81F, 0x632C, 0x7BF0, 0x6B6D, 0x634D, 0x632C, 0x632C, 0x632C,
  0x632C, 0x630C, 0x630C, 0x5B0C, 0x5AEC, 0x5AEC, 0x5B0C, 0xF81F, 0xF81F, 0xF81F, 0xF81F, 0xF81F, 0xF81F, 0xF81F, 0xF81F, 0xF81F,
  0xF81F, 0xF81F, 0xF81F, 0xF81F, 0xF81F, 0xF81F, 0xF81F, 0xF81F, 0x5AEC, 0x8431, 0x9CF4, 0x8C52, 0x634D, 0x632C, 0x630C, 0x5B0C,
  0x5B0C, 0x5B0C, 0x5AEC, 0x5AEB, 0x5AEB, 0x5AEB, 0x632C, 0xF81F, 0xF81F, 0xF81F, 0xF81F, 0xF81F, 0xF81F, 0xF81F, 0xF81F, 0xF81F,
  0xF81F, 0xF81F, 0xF81F, 0xF81F, 0xF81F, 0xF81F, 0xF81F, 0x5AEB, 0x8431, 0x9CD4, 0x8C72, 0x9493, 0x94B3, 0x632D, 0x5B0C, 0x5AEC,
  0x5AEB, 0x5AEB, 0x5AEB, 0x52CB, 0x52CB, 0x52CB, 0x5AEB, 0xF81F, 0xF81F, 0xF81F, 0xF81F, 0xF81F, 0xF81F, 0xF81F, 0xF81F, 0xF81F,
  0xF81F, 0xF81F, 0xF81F, 0xF81F, 0xF81F, 0xF81F, 0x5B0C, 0x8431, 0x94D3, 0x8C72, 0x8C92, 0x9CD3, 0x8C72, 0x9CD3, 0x632C, 0x5AEC,
  0x5ACB, 0x52CB, 0x52CB, 0x52AB, 0x52AA, 0x52AA, 0x4A8A, 0xF81F, 0xF81F, 0xF81F, 0xF81F, 0xF81F, 0xF81F, 0xF81F, 0xF81F, 0xF81F,
  0xF81F, 0xF81F, 0xF81F, 0xF81F, 0xF81F, 0x632D, 0x8431, 0x94B3, 0x8C72, 0x8C72, 0x9CD3, 0x8C72, 0x9D14, 0x8C72, 0x9CF4, 0x630C,
  0x52CB, 0x52AB, 0x52AA, 0x52AA, 0x528A, 0x4A8A, 0x52AA, 0xB5B7, 0xF81F, 0xF81F, 0xF81F, 0xF81F, 0xF81F, 0xF81F, 0xF81F, 0xF81F,
  0xF81F, 0xF81F, 0xF81F, 0xF81F, 0x6B6D, 0x8410, 0x94B3, 0x8C72, 0x8C72, 0x9CD3, 0x8C51, 0x9D14, 0x8C51, 0xA535, 0x8C72, 0xA515,
  0x630C, 0x528A, 0x52AA, 0x4A8A, 0x4A8A, 0x4A8A, 0x528A, 0x9CD3, 0xF81F, 0xF81F, 0xF81F, 0xF81F, 0xF81F, 0xF81F, 0xF81F, 0xF81F,
  0xF81F, 0xF81F, 0xF81F, 0x73AF, 0x8410, 0x9492, 0x8C72, 0x8C51, 0x9CD3, 0x8431, 0x9CF4, 0x8451, 0xA535, 0x8C51, 0xAD55, 0x8C72,
  0xA535, 0x632C, 0x4A6A, 0x4A8A, 0x4A69, 0x4A6A, 0x4A8A, 0x94B3, 0xF81F, 0xF81F, 0xF81F, 0xF81F, 0xF81F, 0xF81F, 0xF81F, 0xF81F,
  0xF81F, 0xF81F, 0x8410, 0x7C10, 0x9492, 0x8C92, 0x8C51, 0x9CD3, 0x8431, 0x9CF4, 0x8431, 0xA535, 0x8431, 0xAD55, 0x8C51, 0xA555,
  0x8C72, 0xA535, 0x632D, 0x4A49, 0x4A69, 0x4249, 0x4A8A, 0xF81F, 0xF81F, 0xF81F, 0xF81F, 0xF81F, 0xF81F, 0xF81F, 0xF81F, 0xF81F,
  0xF81F, 0x8C51, 0x8410, 0x8C72, 0x8C72, 0x8C51, 0x9CD3, 0x8431, 0x9CF4, 0x8431, 0xA535, 0x8431, 0xA555, 0x8431, 0xAD56, 0x8C52,
  0xAD56, 0x8C92, 0xA535, 0x632C, 0x4A69, 0x4A69, 0x8410, 0xF81F, 0xF81F, 0xF81F, 0xF81F, 0xF81F, 0xF81F, 0xF81F, 0xF81F, 0xF81F,
  0x9492, 0x8431, 0x8C51, 0x8C72, 0x8431, 0x94B3, 0x8431, 0x9CF4, 0x8411, 0xA535, 0x8410, 0xAD55, 0x8431, 0xAD56, 0x8451, 0xAD76,
  0x8C72, 0xAD76, 0x8C72, 0xB5B7, 0x4A69, 0x6B4D, 0xF81F, 0xF81F, 0xF81F, 0xF81F, 0xF81F, 0xF81F, 0xF81F, 0xF81F, 0xF81F, 0xF81F,
  0xF81F, 0x8C72, 0x9492, 0x8431, 0x9CD3, 0x8410, 0x9D14, 0x8410, 0xA535, 0x8410, 0xAD55, 0x8410, 0xAD56, 0x8431, 0xAD76, 0x8451,
  0xAD76, 0x8431, 0xF81F, 0x52CB, 0x632C, 0xF81F, 0xF81F, 0xF81F, 0xF81F, 0xF81F, 0xF81F, 0xF81F, 0xF81F, 0xF81F, 0xF81F, 0xF81F,
  0xF81F, 0xF81F, 0x8431, 0x9CD4, 0x8410, 0xA514, 0x8410, 0xA535, 0x7C10, 0xAD55, 0x8410, 0xAD56, 0x8410, 0xAD76, 0x8431, 0xAD76,
  0x8410, 0xF81F, 0x52CB, 0x632D, 0xF81F, 0xF81F, 0xF81F, 0xF81F, 0xF81F, 0xF81F, 0xF81F, 0xF81F, 0xF81F, 0xF81F, 0xF81F, 0xF81F,
  0xF81F, 0xF81F, 0xF81F, 0x8431, 0xA514, 0x7BF0, 0xA535, 0x7BF0, 0xAD55, 0x7BF0, 0xAD56, 0x8410, 0xAD76, 0x8410, 0xAD76, 0x7BF0,
  0xF81F, 0x52CB, 0x6B4D, 0xF81F, 0xF81F, 0xF81F, 0xF81F, 0xF81F, 0xF81F, 0xF81F, 0xF81F, 0xF81F, 0xF81F, 0xF81F, 0xF81F, 0xF81F,
  0xF81F, 0xF81F, 0xF81F, 0xF81F, 0x8410, 0xA535, 0x7BF0, 0xAD55, 0x7BF0, 0xAD76, 0x7BF0, 0xAD76, 0x7BF0, 0xB597, 0x7BF0, 0xF81F,
  0x52CB, 0x738E, 0xF81F, 0xF81F, 0xF81F, 0xF81F, 0xF81F, 0xF81F, 0xF81F, 0xF81F, 0xF81F, 0xF81F, 0xF81F, 0xF81F, 0xF81F, 0xF81F,
  0xF81F, 0xF81F, 0xF81F, 0xF81F, 0xF81F, 0x8410, 0xAD56, 0x7BF0, 0xAD56, 0x7BF0, 0xAD76, 0x7BF0, 0xB597, 0x7BCF, 0xF81F, 0x52CB,
  0x7BEF, 0xF81F, 0xF81F, 0xF81F, 0xF81F, 0xF81F, 0xF81F, 0xF81F, 0xF81F, 0xF81F, 0xF81F, 0xF81F, 0xF81F, 0xF81F, 0xF81F, 0xF81F,
  0xF81F, 0xF81F, 0xF81F, 0xF81F, 0xF81F, 0xF81F, 0x8410, 0xAD76, 0x7BEF, 0xAD76, 0x7BCF, 0xB597, 0x7BCF, 0xF81F, 0x5ACB, 0x8431,
  0xF81F, 0xF81F, 0xF81F, 0xF81F, 0xF81F, 0xF81F, 0xF81F, 0xF81F, 0xF81F, 0xF81F, 0xF81F, 0xF81F, 0xF81F, 0xF81F, 0xF81F, 0xF81F,
  0xF81F, 0xF81F, 0xF81F, 0xF81F, 0xF81F, 0xF81F, 0xB5B7, 0x8410, 0xAD76, 0x7BCF, 0xB597, 0x73AF, 0xF81F, 0x5AEB, 0x8C72, 0xF81F,
  0xF81F, 0xF81F, 0xF81F, 0xF81F, 0xF81F, 0xF81F, 0xF81F, 0xF81F, 0xF81F, 0xF81F, 0xF81F, 0xF81F, 0xF81F, 0xF81F, 0xF81F, 0xF81F,
  0xF81F, 0xF81F, 0xF81F, 0xF81F, 0xF81F, 0xF81F, 0xF81F, 0xB5B7, 0x7BF0, 0xB597, 0x73AF, 0xF81F, 0x630C, 0x9CD3, 0xF81F, 0xF81F,
  0xF81F, 0xF81F, 0xF81F, 0xF81F, 0xF81F, 0xF81F, 0xF81F, 0xF81F, 0xF81F, 0xF81F, 0xF81F, 0xF81F, 0xF81F, 0xF81F, 0xF81F, 0xF81F,
  0xF81F, 0xF81F, 0xF81F, 0xF81F, 0xF81F, 0xF81F, 0xF81F, 0xF81F, 0xB597, 0x7BCF, 0xF81F, 0x6B4D, 0xA514, 0xF81F, 0xF81F, 0xF81F,
  0xF81F, 0xF81F, 0xF81F, 0xF81F, 0xF81F, 0xF81F, 0xF81F, 0xF81F, 0xF81F, 0xF81F, 0xF81F, 0xF81F, 0xF81F, 0xF81F, 0xF81F, 0xF81F,
  0xF81F, 0xF81F, 0xF81F, 0xF81F, 0xF81F, 0xF81F, 0xF81F, 0xF81F, 0xF81F, 0xB5B7, 0x73AF, 0xAD55, 0xF81F, 0xF81F, 0xF81F, 0xF81F,
  0xF81F, 0xF81F, 0xF81F, 0xF81F, 0xF81F, 0xF81F, 0xF81F, 0xF81F, 0xF81F, 0xF81F, 0xF81F, 0xF81F, 0xF81F, 0xF81F, 0xF81F, 0xF81F,
  0xF81F, 0xF81F, 0xF81F, 0xF81F, 0xF81F, 0xF81F, 0xF81F, 0xF81F, 0xF81F, 0xAD76, 0xAD76, 0xF81F, 0xF81F, 0xF81F, 0xF81F, 0xF81F,
  0xF81F, 0xF81F, 0xF81F, 0xF81F, 0xF81F, 0xF81F, 0xF81F, 0xF81F, 0xF81F, 0xF81F, 0xF81F, 0xF81F, 0xF81F, 0xF81F, 0xF81F, 0xF81F,
};

const uint16_t icon_backpack[1024] PROGMEM = {
  0xF81F, 0xF81F, 0xF81F, 0xF81F, 0xF81F, 0xF81F, 0xF81F, 0xF81F, 0xF81F, 0xF81F, 0xF81F, 0xF81F, 0xF81F, 0xF81F, 0xF81F, 0xEB0C,
  0xEC51, 0xF81F, 0xF81F, 0xF81F, 0xF81F, 0xF81F, 0xF81F, 0xF81F, 0xF81F, 0xF81F, 0xF81F, 0xF81F, 0xF81F, 0xF81F, 0xF81F, 0xF81F,
  0xF81F, 0xF81F, 0xF81F, 0xF81F, 0xF81F, 0xF81F, 0xF81F, 0xF81F, 0xF81F, 0xF81F, 0xF81F, 0xF81F, 0xF81F, 0xF81F, 0xC472, 0xE556,
  0xEC31, 0xFB0C, 0xE597, 0xF81F, 0xF81F, 0xF81F, 0xF81F, 0xF81F, 0xF81F, 0xF81F, 0xF81F, 0xF81F, 0xF81F, 0xF81F, 0xF81F, 0xF81F,
  0xF81F, 0xF81F, 0xF81F, 0xF81F, 0xF81F, 0xF81F, 0xF81F, 0xF81F, 0xF81F, 0xF81F, 0xF81F, 0xF81F, 0xF81F, 0x8B0C, 0xAA69, 0xDAAA,
  0x6144, 0x8A08, 0xDBEF, 0xF81F, 0xF81F, 0xF81F, 0xF81F, 0xF81F, 0xF81F, 0xF81F, 0xF81F, 0xF81F, 0xF81F, 0xF81F, 0xF81F, 0xF81F,
  0xF81F, 0xF81F, 0xF81F, 0xF81F, 0xF81F, 0xF81F, 0xF81F, 0xF81F, 0xF81F, 0xF81F, 0xF81F, 0xC4D3, 0xBA89, 0xB8E2, 0xE944, 0xF964,
  0xA8E2, 0x8164, 0xABAF, 0xDC92, 0xE34C, 0xDB0B, 0xE472, 0xF81F, 0xF81F, 0xF81F, 0xF81F, 0xF81F, 0xF81F, 0xF81F, 0xF81F, 0xF81F,
  0xF81F, 0xF81F, 0xF81F, 0xF81F, 0xF81F, 0xF81F, 0xF81F, 0xF81F, 0xF81F, 0xC4B3, 0xB1E6, 0xD185, 0xD1A6, 0xB985, 0x9924, 0xB145,
  0xFA07, 0xF985, 0xD923, 0xF964, 0xF1E7, 0xCAAA, 0xAA28, 0xA1C6, 0xDC51, 0xF81F, 0xF81F, 0xF81F, 0xF81F, 0xF81F, 0xF81F, 0xF81F,
  0xF81F, 0xF81F, 0xF81F, 0xF81F, 0xF81F, 0xF81F, 0xF81F, 0xF81F, 0xB34C, 0xC985, 0xD9C6, 0xD9E6, 0xDA48, 0xEAA9, 0xF2EB, 0xC208,
  0x8965, 0xDA69, 0xF9E7, 0xE965, 0xDA07, 0xF81F, 0xF81F, 0x8410, 0x6924, 0xCC92, 0xF81F, 0xF81F, 0xF81F, 0xF81F, 0xF81F, 0xF81F,
  0xF81F, 0xF81F, 0xF81F, 0xF81F, 0xF81F, 0xF81F, 0xF81F, 0xBBAE, 0xE1A5, 0xEA27, 0xE9E6, 0xE9E7, 0xE248, 0xDA68, 0xD289, 0xEB0B,
  0xEB0B, 0x8965, 0xDAAA, 0xF207, 0xE965, 0xDA69, 0xF81F, 0xF81F, 0x28C2, 0x58E3, 0xF81F, 0xF81F, 0xF81F, 0xF81F, 0xF81F, 0xF81F,
  0xF81F, 0xF81F, 0xF81F, 0xF81F, 0xF81F, 0xF81F, 0xC471, 0xE9A5, 0xF1C6, 0xE9A6, 0xE9C6, 0xE9E7, 0xEA07, 0xF228, 0xF2AA, 0xD248,
  0xE2CA, 0xEB0C, 0x9186, 0xEACB, 0xE1C7, 0xF185, 0xD3EF, 0xF81F, 0x61E6, 0x48E2, 0xCD15, 0xF81F, 0xF81F, 0xF81F, 0xF81F, 0xF81F,
  0xF81F, 0xF81F, 0xF81F, 0xF81F, 0xF81F, 0xF81F, 0xD185, 0xF1C6, 0xE185, 0xE1A5, 0xE1C6, 0xE1E6, 0xE1E7, 0xE1E7, 0xEA07, 0xF2AA,
  0xCA28, 0xEAEB, 0xCA49, 0xB1E7, 0xEA8A, 0xD985, 0xD165, 0xF81F, 0x7ACA, 0x6163, 0xBC31, 0xF81F, 0xF81F, 0xF81F, 0xF81F, 0xF81F,
  0xF81F, 0xF81F, 0xF81F, 0xF81F, 0xF81F, 0xCB8D, 0xF9C6, 0xE1A6, 0xD965, 0xE185, 0xD9C6, 0xD9C6, 0xD9C6, 0xE1E6, 0xE1E7, 0xE9E6,
  0xEA28, 0xC1C6, 0xEA8A, 0x9965, 0xE249, 0xD9C7, 0xE165, 0xD3CF, 0x8B0B, 0x79C4, 0xBC31, 0xF81F, 0xF81F, 0xF81F, 0xF81F, 0xF81F,
  0xF81F, 0xF81F, 0xF81F, 0xF81F, 0xF81F, 0xD207, 0xE9C6, 0xE1A5, 0xD944, 0xD965, 0xD9A6, 0xD9A6, 0xD9A6, 0xD9C6, 0xE1E7, 0xE1E6,
  0xE9C6, 0xC165, 0xD9E7, 0xA9A6, 0xC186, 0xDA28, 0xD965, 0xC986, 0x9247, 0x81C4, 0xCCD4, 0xF81F, 0xF81F, 0xF81F, 0xF81F, 0xF81F,
  0xF81F, 0xF81F, 0xF81F, 0xF81F, 0xF81F, 0xD985, 0xE1A6, 0xD985, 0xD964, 0xD964, 0xD9A5, 0xD9A6, 0xD9A6, 0xD9C6, 0xD9C6, 0xE1E6,
  0xE9C6, 0xC965, 0xC965, 0xB9A6, 0xA924, 0xE228, 0xD186, 0xD104, 0x99E5, 0x81A4, 0xF81F, 0xF81F, 0xF81F, 0xF81F, 0xF81F, 0xF81F,
  0xF81F, 0xF81F, 0xF81F, 0xF81F, 0xF81F, 0xE9A5, 0xE1A5, 0xD985, 0xD985, 0xD985, 0xD9A5, 0xD9A5, 0xD985, 0xD9A5, 0xD9C6, 0xD9E6,
  0xE1C6, 0xC945, 0xB924, 0xC1A6, 0x9904, 0xDA08, 0xC9C6, 0xD124, 0x99A5, 0x8184, 0xF81F, 0xF81F, 0xF81F, 0xF81F, 0xF81F, 0xF81F,
  0xF81F, 0xF81F, 0xF81F, 0xF81F, 0xF81F, 0xE9A6, 0xE1A5, 0xD9A5, 0xD9A6, 0xD9A6, 0xD9E6, 0xE207, 0xD9E7, 0xD9A6, 0xD9A6, 0xD9C6,
  0xE1C6, 0xD145, 0xB924, 0xC9A6, 0x90E3, 0xD9C7, 0xC9C7, 0xC924, 0xA164, 0x89E6, 0xF81F, 0xF81F, 0xF81F, 0xF81F, 0xF81F, 0xF81F,
  0xF81F, 0xF81F, 0xF81F, 0xF81F, 0xF81F, 0xE9E7, 0xC9A6, 0xB903, 0xB103, 0xB123, 0xB164, 0xC1C6, 0xDA28, 0xE228, 0xD9E6, 0xD9A6,
  0xE1C6, 0xD165, 0xB124, 0xC986, 0x88E3, 0xD1A6, 0xC1E7, 0xC945, 0xA123, 0x9227, 0xF81F, 0xF81F, 0xF81F, 0xF81F, 0xF81F, 0xF81F,
  0xF81F, 0xF81F, 0xF81F, 0xF81F, 0xF81F, 0xD1C6, 0xB144, 0xC185, 0xC9C6, 0xC9A6, 0xC185, 0xB985, 0xB9A6, 0xC1E7, 0xDA27, 0xDA07,
  0xD9C6, 0xD165, 0xB103, 0xC986, 0x88E3, 0xD1A6, 0xC1E7, 0xC945, 0x9903, 0x8A07, 0xF81F, 0xF81F, 0xF81F, 0xF81F, 0xF81F, 0xF81F,
  0xF81F, 0xF81F, 0xF81F, 0xF81F, 0xF81F, 0xD9C6, 0xEA69, 0xEA89, 0xEA69, 0xEA89, 0xEACA, 0xE2CA, 0xDA48, 0xC1E7, 0xB9C6, 0xCA07,
  0xE248, 0xD165, 0xB0E3, 0xC186, 0x88E3, 0xD1A6, 0xB9E7, 0xC145, 0x9903, 0x7144, 0xF81F, 0xF81F, 0xF81F, 0xF81F, 0xF81F, 0xF81F,
  0xF81F, 0xF81F, 0xF81F, 0xF81F, 0xDCF4, 0xF207, 0xE1E7, 0xE185, 0xE185, 0xE1A6, 0xEA07, 0xEA69, 0xF30C, 0xE2AA, 0xC1E7, 0xA965,
  0xD248, 0xC9A6, 0xB0E3, 0xC186, 0x88E3, 0xD1A6, 0xB9E7, 0xC124, 0x9123, 0x5902, 0xF81F, 0xF81F, 0xF81F, 0xF81F, 0xF81F, 0xF81F,
  0xF81F, 0xF81F, 0xF81F, 0xF81F, 0xD36D, 0xF1C6, 0xD985, 0xD965, 0xE185, 0xE185, 0xE1A5, 0xE1A5, 0xE1C6, 0xF289, 0xDA28, 0xA965,
  0xB1A6, 0xC9C6, 0xB8C3, 0xB986, 0x88E3, 0xD1A6, 0xB1E7, 0xB945, 0x9103, 0x4922, 0xAB2D, 0xF81F, 0xF81F, 0xF81F, 0xF81F, 0xF81F,
  0xF81F, 0xF81F, 0xF81F, 0xF81F, 0xD2AA, 0xE9A6, 0xD985, 0xE185, 0xE185, 0xE185, 0xE1A5, 0xE185, 0xE185, 0xE1C6, 0xE248, 0xB986,
  0xA165, 0xB185, 0xC0E3, 0xB186, 0x88E3, 0xD1C7, 0xB1E7, 0xB945, 0x9965, 0x3943, 0x6923, 0xF81F, 0xF81F, 0xF81F, 0xF81F, 0xF81F,
  0xF81F, 0xF81F, 0xF81F, 0xF81F, 0xD248, 0xE9A5, 0xD985, 0xE165, 0xE185, 0xD985, 0xD9A5, 0xD985, 0xD985, 0xD985, 0xE207, 0xC9E7,
  0xA145, 0xA103, 0xC924, 0xA986, 0x90E3, 0xC9E7, 0xB1E7, 0xB945, 0xBB0C, 0x8C31, 0x4902, 0xB3AF, 0xF81F, 0xF81F, 0xF81F, 0xF81F,
  0xF81F, 0xF81F, 0xF81F, 0xF81F, 0xD248, 0xE9A5, 0xD985, 0xE185, 0xE185, 0xD985, 0xD185, 0xD185, 0xD985, 0xD985, 0xE1C6, 0xD207,
  0xA165, 0x90C2, 0xD124, 0xA186, 0x8903, 0xC9E7, 0xA9C7, 0xB144, 0xB2EB, 0xF81F, 0x4123, 0x6143, 0xF81F, 0xF81F, 0xF81F, 0xF81F,
  0xF81F, 0xF81F, 0xF81F, 0xF81F, 0xCA28, 0xE985, 0xD965, 0xD965, 0xD985, 0xD985, 0xD165, 0xD185, 0xD985, 0xD985, 0xD9C6, 0xD1C6,
  0xA165, 0x90E3, 0xD104, 0x8A28, 0x7208, 0xC1C7, 0xA9C7, 0xB144, 0xAB0C, 0xF81F, 0x7ACA, 0x5943, 0xBC51, 0xF81F, 0xF81F, 0xF81F,
  0xF81F, 0xF81F, 0xF81F, 0xF81F, 0xC269, 0xE164, 0xD144, 0xD144, 0xD164, 0xD164, 0xD164, 0xD164, 0xD965, 0xD985, 0xD9A6, 0xD1A6,
  0xA165, 0x98E3, 0xD104, 0x7A28, 0x7A08, 0xB9C7, 0xA9C7, 0xB144, 0xB38E, 0xF81F, 0xA410, 0x61A3, 0x9289, 0xF81F, 0xF81F, 0xF81F,
  0xF81F, 0xF81F, 0xF81F, 0xF81F, 0xC2CA, 0xD903, 0xD144, 0xD123, 0xD124, 0xD144, 0xD144, 0xD144, 0xD164, 0xD985, 0xD985, 0xD185,
  0xA185, 0x98E3, 0xC945, 0x6AAA, 0x8208, 0xB9C7, 0xA9A7, 0xA924, 0xBC31, 0xF81F, 0xBCF4, 0x69C4, 0x79A5, 0xF81F, 0xF81F, 0xF81F,
  0xF81F, 0xF81F, 0xF81F, 0xF81F, 0xC34D, 0xD0A1, 0xC902, 0xD0E2, 0xD103, 0xD123, 0xD123, 0xD124, 0xD944, 0xD964, 0xD965, 0xC964,
  0x9965, 0x98E3, 0xB986, 0x52EB, 0x9208, 0xB9E7, 0xA9A6, 0xA104, 0xC515, 0xF81F, 0xC514, 0x7205, 0x7163, 0xF81F, 0xF81F, 0xF81F,
  0xF81F, 0xF81F, 0xF81F, 0xF81F, 0xCCB2, 0xC840, 0xC0A1, 0xC8A1, 0xC8E2, 0xD103, 0xD123, 0xD123, 0xD923, 0xD144, 0xD144, 0xC944,
  0x9124, 0xA124, 0xB965, 0x79A6, 0xB208, 0xB1E7, 0xA965, 0x90E3, 0xF81F, 0xF81F, 0xBC51, 0x8245, 0x7984, 0xF81F, 0xF81F, 0xF81F,
  0xF81F, 0xF81F, 0xF81F, 0xF81F, 0xF81F, 0xB185, 0xC020, 0xC040, 0xC080, 0xD0E1, 0xD102, 0xD903, 0xD103, 0xD123, 0xD123, 0xC123,
  0x8903, 0xA944, 0xC1E7, 0xA9A6, 0xB1E7, 0xA9A6, 0xA985, 0xA1C7, 0xF81F, 0xF81F, 0x9AC9, 0x7A25, 0x9A89, 0xF81F, 0xF81F, 0xF81F,
  0xF81F, 0xF81F, 0xF81F, 0xF81F, 0xF81F, 0xF81F, 0xBBCF, 0xA8E3, 0xB020, 0xC040, 0xC880, 0xD0C1, 0xD0C1, 0xC8C2, 0xC8E2, 0xB0E2,
  0x80C2, 0xB9A6, 0xC9C7, 0xC9C7, 0xC1E7, 0xC208, 0xB9C7, 0x9A28, 0xF81F, 0x932B, 0x8286, 0x89A4, 0xCD35, 0xF81F, 0xF81F, 0xF81F,
  0xF81F, 0xF81F, 0xF81F, 0xF81F, 0xF81F, 0xF81F, 0xF81F, 0xF81F, 0xC4D3, 0xAA08, 0xA020, 0xC040, 0xC040, 0xC060, 0xC880, 0xA881,
  0x78C2, 0xA9A5, 0xB165, 0xA965, 0x99A5, 0x89C5, 0x79E5, 0x69C4, 0x9206, 0x9A87, 0x9A06, 0xBBCF, 0xF81F, 0xF81F, 0xF81F, 0xF81F,
  0xF81F, 0xF81F, 0xF81F, 0xF81F, 0xF81F, 0xF81F, 0xF81F, 0xF81F, 0xF81F, 0xF81F, 0xF81F, 0xBBF0, 0xA9A6, 0xA860, 0xB880, 0x88C2,
  0x69C4, 0x69C4, 0x61A3, 0x61C4, 0x6A05, 0x7246, 0x7A66, 0x8B6C, 0xF81F, 0xCCF4, 0xF81F, 0xF81F, 0xF81F, 0xF81F, 0xF81F, 0xF81F,
  0xF81F, 0xF81F, 0xF81F, 0xF81F, 0xF81F, 0xF81F, 0xF81F, 0xF81F, 0xF81F, 0xF81F, 0xF81F, 0xF81F, 0xF81F, 0xF81F, 0xBC92, 0x8B6C,
  0x7AC9, 0x7226, 0x61E4, 0x61E4, 0x7247, 0x936C, 0xACD2, 0xF81F, 0xF81F, 0xF81F, 0xF81F, 0xF81F, 0xF81F, 0xF81F, 0xF81F, 0xF81F,
};

const uint16_t icon_vitamin[1024] PROGMEM = {
  0xF81F, 0xF81F, 0xF81F, 0xF81F, 0xF81F, 0xF81F, 0xE555, 0xE3AD, 0xEAC9, 0xEA46, 0xEA25, 0xEB4B, 0xE534, 0xF81F, 0xF81F, 0xF81F,
  0xF81F, 0xF81F, 0xF81F, 0xF81F, 0xF81F, 0xF81F, 0xF81F, 0xF81F, 0xF81F, 0xF81F, 0xF81F, 0xF81F, 0xF81F, 0xF81F, 0xF81F, 0xF81F,
  0xF81F, 0xF81F, 0xF81F, 0xF81F, 0xE596, 0xEB2A, 0xFB09, 0xFC2D, 0xFCD0, 0xFCB0, 0xFB29, 0xF9A3, 0xF982, 0xEAE9, 0xF81F, 0xF81F,
  0xF81F, 0xF81F, 0xF81F, 0xF81F, 0xF81F, 0xF81F, 0xF81F, 0xF81F, 0xF81F, 0xF81F, 0xF81F, 0xF81F, 0xF81F, 0xF81F, 0xF81F, 0xF81F,
  0xF81F, 0xF81F, 0xF81F, 0xDC50, 0xFA25, 0xFA86, 0xFB4A, 0xFBCC, 0xFC6F, 0xFD32, 0xFDB4, 0xFC6F, 0xF9E4, 0xF962, 0xF1E4, 0xDD54,
  0xF81F, 0xF81F, 0xF81F, 0xF81F, 0xF81F, 0xF81F, 0xF81F, 0xF81F, 0xF81F, 0xF81F, 0xF81F, 0xF81F, 0xF81F, 0xF81F, 0xF81F, 0xF81F,
  0xF81F, 0xF81F, 0xDC2F, 0xFA05, 0xE921, 0xE983, 0xF246, 0xF2E8, 0xF36A, 0xF40D, 0xFCD0, 0xFDD5, 0xFD12, 0xFA46, 0xF941, 0xF9E4,
  0xDCD2, 0xF81F, 0xF81F, 0xF81F, 0xF81F, 0xF81F, 0xF81F, 0xF81F, 0xF81F, 0xF81F, 0xF81F, 0xF81F, 0xF81F, 0xF81F, 0xF81F, 0xF81F,
  0xF81F, 0xDD55, 0xF205, 0xE121, 0xE100, 0xE141, 0xE9E4, 0xEAA7, 0xF329, 0xF38A, 0xF3EC, 0xF4B0, 0xFDB4, 0xFD73, 0xFAA7, 0xF941,
  0xF9C4, 0xDC91, 0xF81F, 0xF81F, 0xF81F, 0xF81F, 0xF81F, 0xF81F, 0xF81F, 0xF81F, 0xF81F, 0xF81F, 0xF81F, 0xF81F, 0xF81F, 0xF81F,
  0xF81F, 0xD267, 0xE142, 0xD101, 0xD921, 0xE162, 0xE1A3, 0xEA45, 0xEAE7, 0xEB49, 0xF38B, 0xF3EC, 0xF4B0, 0xFD94, 0xFDB4, 0xFB09,
  0xF941, 0xF9C3, 0xDC50, 0xF81F, 0xF81F, 0xF81F, 0xF81F, 0xF81F, 0xF81F, 0xF81F, 0xF81F, 0xF81F, 0xF81F, 0xF81F, 0xF81F, 0xF81F,
  0xD513, 0xD9A3, 0xC901, 0xD101, 0xD921, 0xD962, 0xE1A3, 0xE204, 0xEA86, 0xEAE8, 0xEB49, 0xEB8A, 0xF3EC, 0xF48F, 0xFD73, 0xFDF5,
  0xFB8B, 0xF941, 0xF9A3, 0xE40F, 0xF81F, 0xF81F, 0xF81F, 0xF81F, 0xF81F, 0xF81F, 0xF81F, 0xF81F, 0xF81F, 0xF81F, 0xF81F, 0xF81F,
  0xC32B, 0xC963, 0xC122, 0xC901, 0xD121, 0xD962, 0xD9A3, 0xE1E4, 0xE225, 0xEA86, 0xEAE8, 0xEB49, 0xEB8A, 0xF3CC, 0xF46F, 0xFD53,
  0xFE16, 0xFBED, 0xF941, 0xF9A3, 0xE40E, 0xF81F, 0xF81F, 0xF81F, 0xF81F, 0xF81F, 0xF81F, 0xF81F, 0xF81F, 0xF81F, 0xF81F, 0xF81F,
  0xBA06, 0xC163, 0xB922, 0xC101, 0xC921, 0xD162, 0xD9A3, 0xE1C3, 0xE204, 0xE245, 0xE2A6, 0xEB08, 0xEB49, 0xEB8A, 0xF3CC, 0xF46E,
  0xFD52, 0xFE16, 0xFC4F, 0xF962, 0xF942, 0xE38D, 0xF81F, 0xF81F, 0xF81F, 0xF81F, 0xF81F, 0xF81F, 0xF81F, 0xF81F, 0xF81F, 0xF81F,
  0xA9A4, 0xB183, 0xB9A4, 0xB901, 0xC921, 0xD142, 0xD982, 0xD9C3, 0xE204, 0xE225, 0xE265, 0xEAA6, 0xEB08, 0xEB49, 0xEB8A, 0xF3CB,
  0xF40E, 0xFCF1, 0xFE15, 0xFDF4, 0xFBC8, 0xFAC3, 0xE3CD, 0xF81F, 0xF81F, 0xF81F, 0xF81F, 0xF81F, 0xF81F, 0xF81F, 0xF81F, 0xF81F,
  0xA206, 0xA922, 0xB205, 0xB963, 0xC102, 0xC942, 0xD162, 0xD9A3, 0xD9E3, 0xE204, 0xE245, 0xE265, 0xE2A6, 0xEB08, 0xEB29, 0xEB6A,
  0xF52B, 0xFF0E, 0xFFD0, 0xFFF7, 0xFFF4, 0xFFE6, 0xFF25, 0xE66D, 0xF81F, 0xF81F, 0xF81F, 0xF81F, 0xF81F, 0xF81F, 0xF81F, 0xF81F,
  0xAB0A, 0xA963, 0xA983, 0xBA46, 0xB963, 0xC122, 0xC942, 0xD162, 0xD9A3, 0xD9E4, 0xE224, 0xE245, 0xE285, 0xE266, 0xEBA8, 0xFEC9,
  0xFFEB, 0xFFED, 0xFFEF, 0xFFF1, 0xFFF6, 0xFFF2, 0xFFE6, 0xFFE5, 0xEF0C, 0xF81F, 0xF81F, 0xF81F, 0xF81F, 0xF81F, 0xF81F, 0xF81F,
  0xBCB2, 0xAA46, 0x9922, 0xA9C5, 0xBA46, 0xB942, 0xC122, 0xC942, 0xD182, 0xD9C3, 0xD9E4, 0xE244, 0xE205, 0xE3C5, 0xEF06, 0xFF88,
  0xFF89, 0xFFCB, 0xFFEC, 0xFFEE, 0xFFF0, 0xFFF5, 0xFFD2, 0xFF86, 0xFFE4, 0xEF2B, 0xF81F, 0xF81F, 0xF81F, 0xF81F, 0xF81F, 0xF81F,
  0xF81F, 0x9AC9, 0xA1E5, 0x9902, 0xB226, 0xBA46, 0xB922, 0xC142, 0xC962, 0xD183, 0xD9E3, 0xD9C4, 0xDB64, 0xE6C4, 0xEEE5, 0xF707,
  0xF749, 0xFF8A, 0xFFAB, 0xFFCC, 0xFFCE, 0xFFD0, 0xFFF5, 0xFFD3, 0xFF87, 0xFFE4, 0xEF2B, 0xF81F, 0xF81F, 0xF81F, 0xF81F, 0xF81F,
  0xF81F, 0xC575, 0xAAC8, 0xA1C5, 0xA122, 0xB287, 0xBA46, 0xB922, 0xC142, 0xC962, 0xD183, 0xD243, 0xD604, 0xDE84, 0xE685, 0xEEE6,
  0xF728, 0xFF49, 0xFF8A, 0xFFAB, 0xFFAD, 0xFFAE, 0xFFD0, 0xFFD4, 0xFFD4, 0xF787, 0xFFE4, 0xEF2A, 0xF81F, 0xF81F, 0xF81F, 0xF81F,
  0xF81F, 0xF81F, 0xB471, 0xAAA8, 0x99A4, 0xA122, 0xBAE9, 0xBA26, 0xB901, 0xC942, 0xC922, 0xCC63, 0xD624, 0xDE24, 0xE685, 0xEEA6,
  0xF6E7, 0xF729, 0xFF4A, 0xFF6B, 0xFF8C, 0xFF8D, 0xFF8E, 0xFFB0, 0xFFD4, 0xFFD4, 0xFF89, 0xFFE4, 0xEF0A, 0xF81F, 0xF81F, 0xF81F,
  0xF81F, 0xF81F, 0xF81F, 0xAC2F, 0xAAA8, 0x9984, 0xA143, 0xBB2A, 0xBA26, 0xB8E1, 0xC202, 0xC5A4, 0xCDA4, 0xD604, 0xDE45, 0xE686,
  0xEEC7, 0xF6E8, 0xF729, 0xFF4A, 0xFF6B, 0xFF8C, 0xFF8D, 0xFF8F, 0xFFB0, 0xFFD3, 0xFFD5, 0xFF69, 0xFFA3, 0xE6AB, 0xF81F, 0xF81F,
  0xF81F, 0xF81F, 0xF81F, 0xF81F, 0xA3EE, 0xAA87, 0x9963, 0xA163, 0xC36B, 0xB9A5, 0xB342, 0xC584, 0xC564, 0xCDC4, 0xD604, 0xDE46,
  0xE686, 0xEEC7, 0xF6E8, 0xF729, 0xFF4A, 0xFF6B, 0xFF6C, 0xFF6D, 0xFF6F, 0xFF90, 0xFFD3, 0xFFB4, 0xFF27, 0xFF63, 0xE6D3, 0xF81F,
  0xF81F, 0xF81F, 0xF81F, 0xF81F, 0xF81F, 0xA3CD, 0xA267, 0x9943, 0xA184, 0xBAC9, 0xB444, 0xBD23, 0xBD44, 0xC584, 0xCDC4, 0xDE25,
  0xE646, 0xE686, 0xEEC7, 0xF6E8, 0xF709, 0xF72A, 0xFF4B, 0xFF6C, 0xFF6D, 0xFF6E, 0xFF90, 0xFFD3, 0xFF71, 0xFF24, 0xEE66, 0xF81F,
  0xF81F, 0xF81F, 0xF81F, 0xF81F, 0xF81F, 0xF81F, 0xA38D, 0xA246, 0x9902, 0xAA46, 0xC58C, 0xB506, 0xBD03, 0xC544, 0xC584, 0xD5C4,
  0xDE25, 0xE646, 0xE686, 0xEEC7, 0xF6E8, 0xF709, 0xF72A, 0xFF2B, 0xFF4C, 0xFF4D, 0xFF6F, 0xFFB0, 0xFFD4, 0xF708, 0xFEC2, 0xDE93,
  0xF81F, 0xF81F, 0xF81F, 0xF81F, 0xF81F, 0xF81F, 0xF81F, 0xA38C, 0xA206, 0x9982, 0xAC86, 0xC56B, 0xB505, 0xB503, 0xC544, 0xCD84,
  0xD5E5, 0xDE25, 0xE646, 0xEE87, 0xEEA8, 0xF6C9, 0xF6E9, 0xF709, 0xF70A, 0xF72C, 0xFF2D, 0xFF8E, 0xFFD2, 0xFF4D, 0xFEC2, 0xDE0A,
  0xF81F, 0xF81F, 0xF81F, 0xF81F, 0xF81F, 0xF81F, 0xF81F, 0xF81F, 0xA34C, 0xA1E5, 0x9BA2, 0xACA6, 0xC56B, 0xB4E5, 0xBD03, 0xC544,
  0xCDA4, 0xD5E5, 0xDE26, 0xE647, 0xEE67, 0xEE88, 0xEEA9, 0xEEC9, 0xEEC9, 0xF6CA, 0xF6EC, 0xF72D, 0xFFB1, 0xF76E, 0xF683, 0xDDC5,
  0xF81F, 0xF81F, 0xF81F, 0xF81F, 0xF81F, 0xF81F, 0xF81F, 0xF81F, 0xF81F, 0x9B0B, 0xA385, 0x9C23, 0xAC86, 0xC56B, 0xB4E5, 0xBD03,
  0xC544, 0xCDA4, 0xD5E5, 0xDE26, 0xE647, 0xE647, 0xEE68, 0xEE88, 0xEE88, 0xEE89, 0xEEAA, 0xEECC, 0xF74F, 0xF74E, 0xEE63, 0xD5A3,
  0xF81F, 0xF81F, 0xF81F, 0xF81F, 0xF81F, 0xF81F, 0xF81F, 0xF81F, 0xF81F, 0xF81F, 0x9BCB, 0xA445, 0x9BE2, 0xACA6, 0xC56B, 0xB4E4,
  0xBD03, 0xC564, 0xCDA5, 0xD5C5, 0xDE06, 0xE627, 0xE627, 0xE648, 0xE648, 0xE648, 0xE648, 0xE66A, 0xEF0E, 0xEEEC, 0xE623, 0xD584,
  0xF81F, 0xF81F, 0xF81F, 0xF81F, 0xF81F, 0xF81F, 0xF81F, 0xF81F, 0xF81F, 0xF81F, 0xF81F, 0x9C4B, 0xA425, 0x9BE2, 0xACA7, 0xC54A,
  0xB4E4, 0xBD24, 0xC544, 0xCD85, 0xD5A5, 0xDDE6, 0xDE06, 0xDE07, 0xDE07, 0xDDE6, 0xD5E7, 0xDE09, 0xE6CE, 0xDE49, 0xDDE3, 0xCD66,
  0xF81F, 0xF81F, 0xF81F, 0xF81F, 0xF81F, 0xF81F, 0xF81F, 0xF81F, 0xF81F, 0xF81F, 0xF81F, 0xF81F, 0x9C4A, 0xA424, 0x9BE2, 0xB4C7,
  0xC549, 0xB4C4, 0xBD04, 0xC524, 0xCD44, 0xCD85, 0xD5A5, 0xD5A5, 0xD5A5, 0xD585, 0xCD86, 0xD5EA, 0xDE4D, 0xC585, 0xCD84, 0xCDAC,
  0xF81F, 0xF81F, 0xF81F, 0xF81F, 0xF81F, 0xF81F, 0xF81F, 0xF81F, 0xF81F, 0xF81F, 0xF81F, 0xF81F, 0xF81F, 0xA449, 0xA424, 0x9BE2,
  0xB4C7, 0xBD08, 0xAC83, 0xB4A3, 0xBCE4, 0xC504, 0xC524, 0xC544, 0xC524, 0xC524, 0xC546, 0xCDCA, 0xC567, 0xBD03, 0xBCE3, 0xF81F,
  0xF81F, 0xF81F, 0xF81F, 0xF81F, 0xF81F, 0xF81F, 0xF81F, 0xF81F, 0xF81F, 0xF81F, 0xF81F, 0xF81F, 0xF81F, 0xF81F, 0xA449, 0xA403,
  0x93E2, 0xA466, 0xAC86, 0xA444, 0xAC63, 0xAC83, 0xB4A3, 0xB4A3, 0xB4A3, 0xB4A3, 0xB4C5, 0xB4E6, 0xACA3, 0xBCE3, 0xBD0A, 0xF81F,
  0xF81F, 0xF81F, 0xF81F, 0xF81F, 0xF81F, 0xF81F, 0xF81F, 0xF81F, 0xF81F, 0xF81F, 0xF81F, 0xF81F, 0xF81F, 0xF81F, 0xF81F, 0xA468,
  0x9BE3, 0x8B82, 0x93C3, 0x9BE4, 0x9C03, 0x9C03, 0xA423, 0xA423, 0xA423, 0xA422, 0xA442, 0xA423, 0xAC63, 0xAC64, 0xF81F, 0xF81F,
  0xF81F, 0xF81F, 0xF81F, 0xF81F, 0xF81F, 0xF81F, 0xF81F, 0xF81F, 0xF81F, 0xF81F, 0xF81F, 0xF81F, 0xF81F, 0xF81F, 0xF81F, 0xF81F,
  0xAC8A, 0x9BC2, 0x8B82, 0x8B62, 0x8B82, 0x8B82, 0x93A2, 0x93C2, 0x93C2, 0x93C2, 0x93C2, 0xAC22, 0xAC24, 0xF81F, 0xF81F, 0xF81F,
  0xF81F, 0xF81F, 0xF81F, 0xF81F, 0xF81F, 0xF81F, 0xF81F, 0xF81F, 0xF81F, 0xF81F, 0xF81F, 0xF81F, 0xF81F, 0xF81F, 0xF81F, 0xF81F,
  0xF81F, 0xC5B2, 0x9BE5, 0x9382, 0x8B62, 0x8B62, 0x8B62, 0x8B62, 0x9382, 0x93C2, 0x9BC2, 0xB4CA, 0xF81F, 0xF81F, 0xF81F, 0xF81F,
  0xF81F, 0xF81F, 0xF81F, 0xF81F, 0xF81F, 0xF81F, 0xF81F, 0xF81F, 0xF81F, 0xF81F, 0xF81F, 0xF81F, 0xF81F, 0xF81F, 0xF81F, 0xF81F,
  0xF81F, 0xF81F, 0xF81F, 0xC5B2, 0xAC69, 0x93C4, 0x9383, 0x9383, 0x9C05, 0xB4EC, 0xF81F, 0xF81F, 0xF81F, 0xF81F, 0xF81F, 0xF81F,
};

const uint16_t icon_pencil[1024] PROGMEM = {
  0xF81F, 0xF81F, 0xF81F, 0xF81F, 0xF81F, 0xF81F, 0xC5B7, 0xC576, 0xF81F, 0xF81F, 0xF81F, 0xF81F, 0xF81F, 0xF81F, 0xF81F, 0xF81F,
  0xF81F, 0xF81F, 0xF81F, 0xF81F, 0xF81F, 0xF81F, 0xF81F, 0xF81F, 0xF81F, 0xF81F, 0xF81F, 0xF81F, 0xF81F, 0xF81F, 0xF81F, 0xF81F,
  0xF81F, 0xF81F, 0xF81F, 0xF81F, 0xBD56, 0xB38E, 0xCB6D, 0xCB4D, 0xAB8E, 0xF81F, 0xF81F, 0xF81F, 0xF81F, 0xF81F, 0xF81F, 0xF81F,
  0xF81F, 0xF81F, 0xF81F, 0xF81F, 0xF81F, 0xF81F, 0xF81F, 0xF81F, 0xF81F, 0xF81F, 0xF81F, 0xF81F, 0xF81F, 0xF81F, 0xF81F, 0xF81F,
  0xF81F, 0xF81F, 0xF81F, 0xA431, 0xCB4D, 0xFCB2, 0xFCD3, 0xFC51, 0xE3EF, 0xAB0C, 0xF81F, 0xF81F, 0xF81F, 0xF81F, 0xF81F, 0xF81F,
  0xF81F, 0xF81F, 0xF81F, 0xF81F, 0xF81F, 0xF81F, 0xF81F, 0xF81F, 0xF81F, 0xF81F, 0xF81F, 0xF81F, 0xF81F, 0xF81F, 0xF81F, 0xF81F,
  0xF81F, 0xF81F, 0xA410, 0xD36D, 0xFCB2, 0xFD75, 0xFD55, 0xFCD3, 0xFC30, 0xCBAE, 0x8C73, 0xB5F8, 0xF81F, 0xF81F, 0xF81F, 0xF81F,
  0xF81F, 0xF81F, 0xF81F, 0xF81F, 0xF81F, 0xF81F, 0xF81F, 0xF81F, 0xF81F, 0xF81F, 0xF81F, 0xF81F, 0xF81F, 0xF81F, 0xF81F, 0xF81F,
  0xF81F, 0xBD56, 0xC32C, 0xFCB2, 0xFD75, 0xFDF7, 0xFDF7, 0xFD55, 0xE492, 0x8474, 0x7495, 0x9D78, 0xF81F, 0xF81F, 0xF81F, 0xF81F,
  0xF81F, 0xF81F, 0xF81F, 0xF81F, 0xF81F, 0xF81F, 0xF81F, 0xF81F, 0xF81F, 0xF81F, 0xF81F, 0xF81F, 0xF81F, 0xF81F, 0xF81F, 0xF81F,
  0xF81F, 0x92EB, 0xEC10, 0xFCF3, 0xFD96, 0xFE18, 0xFE18, 0xE576, 0x9516, 0x7495, 0x7454, 0x84F7, 0x9D78, 0xD6DD, 0xF81F, 0xF81F,
  0xF81F, 0xF81F, 0xF81F, 0xF81F, 0xF81F, 0xF81F, 0xF81F, 0xF81F, 0xF81F, 0xF81F, 0xF81F, 0xF81F, 0xF81F, 0xF81F, 0xF81F, 0xF81F,
  0xC576, 0xAB0C, 0xDBEF, 0xF471, 0xFCF3, 0xFD75, 0xE5B7, 0xAD76, 0x9D98, 0x9537, 0x7CB6, 0x7453, 0x7CD7, 0x9D12, 0xC5B4, 0xF81F,
  0xF81F, 0xF81F, 0xF81F, 0xF81F, 0xF81F, 0xF81F, 0xF81F, 0xF81F, 0xF81F, 0xF81F, 0xF81F, 0xF81F, 0xF81F, 0xF81F, 0xF81F, 0xF81F,
  0xC576, 0xBB8D, 0xC3AE, 0xDBEF, 0xF451, 0xE4B3, 0x9CD2, 0xB596, 0xB63A, 0xA5D9, 0x8D16, 0x7476, 0x8C4E, 0xC460, 0xCCC1, 0xD656,
  0xF81F, 0xF81F, 0xF81F, 0xF81F, 0xF81F, 0xF81F, 0xF81F, 0xF81F, 0xF81F, 0xF81F, 0xF81F, 0xF81F, 0xF81F, 0xF81F, 0xF81F, 0xF81F,
  0xF81F, 0xBC30, 0xC430, 0xCBAE, 0xC38E, 0x62EB, 0x7BAD, 0xBDB6, 0xBE39, 0xB61A, 0x8D39, 0xB570, 0xDCE0, 0xD4C0, 0xDD00, 0xCCC0,
  0xD656, 0xF81F, 0xF81F, 0xF81F, 0xF81F, 0xF81F, 0xF81F, 0xF81F, 0xF81F, 0xF81F, 0xF81F, 0xF81F, 0xF81F, 0xF81F, 0xF81F, 0xF81F,
  0xF81F, 0xF81F, 0xC492, 0xB3CF, 0x5249, 0x4208, 0x5AAA, 0x8C30, 0xB5B6, 0xA5DA, 0xBD6F, 0xF6A6, 0xFE84, 0xE520, 0xD4E0, 0xDD00,
  0xD4C0, 0xD656, 0xF81F, 0xF81F, 0xF81F, 0xF81F, 0xF81F, 0xF81F, 0xF81F, 0xF81F, 0xF81F, 0xF81F, 0xF81F, 0xF81F, 0xF81F, 0xF81F,
  0xF81F, 0xF81F, 0xF81F, 0x732D, 0x52EB, 0x4A69, 0x4A29, 0x5AAA, 0x8412, 0xB50D, 0xEDA2, 0xFE45, 0xFF09, 0xFE84, 0xE520, 0xDCE0,
  0xDD00, 0xD4C0, 0xD656, 0xF81F, 0xF81F, 0xF81F, 0xF81F, 0xF81F, 0xF81F, 0xF81F, 0xF81F, 0xF81F, 0xF81F, 0xF81F, 0xF81F, 0xF81F,
  0xF81F, 0xF81F, 0xF81F, 0xA555, 0x7BCF, 0x6B4D, 0x4A69, 0x4A2A, 0x8BC7, 0xEDA1, 0xFE23, 0xFE44, 0xFE45, 0xFF09, 0xFE84, 0xED20,
  0xDD00, 0xDD00, 0xD4C0, 0xD656, 0xF81F, 0xF81F, 0xF81F, 0xF81F, 0xF81F, 0xF81F, 0xF81F, 0xF81F, 0xF81F, 0xF81F, 0xF81F, 0xF81F,
  0xF81F, 0xF81F, 0xF81F, 0xF81F, 0xF81F, 0x7BCE, 0x52CC, 0x6AC6, 0xED80, 0xFE22, 0xFE03, 0xFE43, 0xFE44, 0xFE65, 0xFF09, 0xFE84,
  0xED20, 0xDD00, 0xDD00, 0xD4C0, 0xD656, 0xF81F, 0xF81F, 0xF81F, 0xF81F, 0xF81F, 0xF81F, 0xF81F, 0xF81F, 0xF81F, 0xF81F, 0xF81F,
  0xF81F, 0xF81F, 0xF81F, 0xF81F, 0xF81F, 0xBDD8, 0x734B, 0xAC26, 0xCCA2, 0xFDC0, 0xFE22, 0xFE22, 0xFE43, 0xFE44, 0xFE65, 0xFF09,
  0xFE84, 0xED20, 0xDCE0, 0xDD00, 0xD4C0, 0xD656, 0xF81F, 0xF81F, 0xF81F, 0xF81F, 0xF81F, 0xF81F, 0xF81F, 0xF81F, 0xF81F, 0xF81F,
  0xF81F, 0xF81F, 0xF81F, 0xF81F, 0xF81F, 0xF81F, 0xC5F5, 0xBC66, 0xBC87, 0xCCA2, 0xFDE0, 0xFE22, 0xFE22, 0xFE43, 0xFE44, 0xFE65,
  0xFF09, 0xFE84, 0xED20, 0xDCE0, 0xDD00, 0xD4C0, 0xD656, 0xF81F, 0xF81F, 0xF81F, 0xF81F, 0xF81F, 0xF81F, 0xF81F, 0xF81F, 0xF81F,
  0xF81F, 0xF81F, 0xF81F, 0xF81F, 0xF81F, 0xF81F, 0xF81F, 0xF81F, 0xC4A7, 0xBCA7, 0xCCA2, 0xFDE0, 0xFE22, 0xFE22, 0xFE43, 0xFE44,
  0xFE65, 0xFF09, 0xFE84, 0xED20, 0xDCE0, 0xDD00, 0xD4C0, 0xD656, 0xF81F, 0xF81F, 0xF81F, 0xF81F, 0xF81F, 0xF81F, 0xF81F, 0xF81F,
  0xF81F, 0xF81F, 0xF81F, 0xF81F, 0xF81F, 0xF81F, 0xF81F, 0xF81F, 0xF81F, 0xC4A7, 0xC4C8, 0xCCA2, 0xFDE0, 0xFE22, 0xFE22, 0xFE43,
  0xFE44, 0xFE64, 0xFF09, 0xFE84, 0xED20, 0xDCE0, 0xDD00, 0xD4C0, 0xD656, 0xF81F, 0xF81F, 0xF81F, 0xF81F, 0xF81F, 0xF81F, 0xF81F,
  0xF81F, 0xF81F, 0xF81F, 0xF81F, 0xF81F, 0xF81F, 0xF81F, 0xF81F, 0xF81F, 0xF81F, 0xC4C7, 0xC4C8, 0xCCC2, 0xFDE0, 0xFE22, 0xFE22,
  0xFE43, 0xFE44, 0xFE65, 0xFF09, 0xFE84, 0xED20, 0xDD00, 0xDD00, 0xD4C0, 0xD636, 0xF81F, 0xF81F, 0xF81F, 0xF81F, 0xF81F, 0xF81F,
  0xF81F, 0xF81F, 0xF81F, 0xF81F, 0xF81F, 0xF81F, 0xF81F, 0xF81F, 0xF81F, 0xF81F, 0xF81F, 0xC4C7, 0xC4E8, 0xCCC2, 0xFDE0, 0xFE22,
  0xFE22, 0xFE43, 0xFE44, 0xFE65, 0xFF09, 0xFE84, 0xED20, 0xDD00, 0xDD00, 0xCCC0, 0xF81F, 0xF81F, 0xF81F, 0xF81F, 0xF81F, 0xF81F,
  0xF81F, 0xF81F, 0xF81F, 0xF81F, 0xF81F, 0xF81F, 0xF81F, 0xF81F, 0xF81F, 0xF81F, 0xF81F, 0xF81F, 0xC4E8, 0xC509, 0xCCC2, 0xFDE0,
  0xFE22, 0xFE22, 0xFE43, 0xFE44, 0xFE65, 0xFF09, 0xFE84, 0xED20, 0xDD00, 0xDD00, 0xCCA0, 0xF81F, 0xF81F, 0xF81F, 0xF81F, 0xF81F,
  0xF81F, 0xF81F, 0xF81F, 0xF81F, 0xF81F, 0xF81F, 0xF81F, 0xF81F, 0xF81F, 0xF81F, 0xF81F, 0xF81F, 0xF81F, 0xCCE8, 0xCD09, 0xCCC3,
  0xFDE0, 0xFE22, 0xFE22, 0xFE43, 0xFE44, 0xFE65, 0xFF09, 0xFE84, 0xED40, 0xDCE0, 0xE520, 0xBC84, 0xF81F, 0xF81F, 0xF81F, 0xF81F,
  0xF81F, 0xF81F, 0xF81F, 0xF81F, 0xF81F, 0xF81F, 0xF81F, 0xF81F, 0xF81F, 0xF81F, 0xF81F, 0xF81F, 0xF81F, 0xF81F, 0xCCE8, 0xCD09,
  0xCCC3, 0xFDC0, 0xFE22, 0xFE22, 0xFE43, 0xFE44, 0xFE65, 0xFF09, 0xFE84, 0xED40, 0xDD66, 0xD5CE, 0xCE16, 0xF81F, 0xF81F, 0xF81F,
  0xF81F, 0xF81F, 0xF81F, 0xF81F, 0xF81F, 0xF81F, 0xF81F, 0xF81F, 0xF81F, 0xF81F, 0xF81F, 0xF81F, 0xF81F, 0xF81F, 0xF81F, 0xCD08,
  0xCD2A, 0xCCC3, 0xFDC0, 0xFE22, 0xFE22, 0xFE43, 0xFE44, 0xFE65, 0xFEE8, 0xFE20, 0xE565, 0xDE11, 0xBD71, 0xF81F, 0xF81F, 0xF81F,
  0xF81F, 0xF81F, 0xF81F, 0xF81F, 0xF81F, 0xF81F, 0xF81F, 0xF81F, 0xF81F, 0xF81F, 0xF81F, 0xF81F, 0xF81F, 0xF81F, 0xF81F, 0xF81F,
  0xCD09, 0xCD2A, 0xCCC3, 0xFDC0, 0xFE21, 0xFE22, 0xFE43, 0xFE43, 0xFE43, 0xFE22, 0xF62B, 0xDDF0, 0xBD0D, 0xF81F, 0xF81F, 0xF81F,
  0xF81F, 0xF81F, 0xF81F, 0xF81F, 0xF81F, 0xF81F, 0xF81F, 0xF81F, 0xF81F, 0xF81F, 0xF81F, 0xF81F, 0xF81F, 0xF81F, 0xF81F, 0xF81F,
  0xF81F, 0xCD29, 0xCD4A, 0xCCC3, 0xFDC0, 0xFE21, 0xFE01, 0xFEAA, 0xFF10, 0xFF12, 0xFF13, 0xEE71, 0xD5AF, 0xCE17, 0xF81F, 0xF81F,
  0xF81F, 0xF81F, 0xF81F, 0xF81F, 0xF81F, 0xF81F, 0xF81F, 0xF81F, 0xF81F, 0xF81F, 0xF81F, 0xF81F, 0xF81F, 0xF81F, 0xF81F, 0xF81F,
  0xF81F, 0xF81F, 0xCD29, 0xCD4A, 0xCCC3, 0xFDC0, 0xFE00, 0xFEF0, 0xFF14, 0xFEF3, 0xFF13, 0xFEF2, 0xEE51, 0xBD51, 0xF81F, 0xF81F,
  0xF81F, 0xF81F, 0xF81F, 0xF81F, 0xF81F, 0xF81F, 0xF81F, 0xF81F, 0xF81F, 0xF81F, 0xF81F, 0xF81F, 0xF81F, 0xF81F, 0xF81F, 0xF81F,
  0xF81F, 0xF81F, 0xF81F, 0xCD29, 0xD56A, 0xBC61, 0xE520, 0xFEB1, 0xFED2, 0xFED2, 0xFEF3, 0xFF13, 0xFED2, 0xC54E, 0xF81F, 0xF81F,
  0xF81F, 0xF81F, 0xF81F, 0xF81F, 0xF81F, 0xF81F, 0xF81F, 0xF81F, 0xF81F, 0xF81F, 0xF81F, 0xF81F, 0xF81F, 0xF81F, 0xF81F, 0xF81F,
  0xF81F, 0xF81F, 0xF81F, 0xF81F, 0xC52C, 0xACAC, 0xAC8B, 0xC54F, 0xDE10, 0xF691, 0xFED2, 0xFEF2, 0xFF13, 0xF691, 0xC5F6, 0xF81F,
  0xF81F, 0xF81F, 0xF81F, 0xF81F, 0xF81F, 0xF81F, 0xF81F, 0xF81F, 0xF81F, 0xF81F, 0xF81F, 0xF81F, 0xF81F, 0xF81F, 0xF81F, 0xF81F,
  0xF81F, 0xF81F, 0xF81F, 0xF81F, 0xF81F, 0xD679, 0xBD94, 0xA48E, 0xACCE, 0xC56F, 0xE610, 0xF692, 0xFF74, 0xD611, 0x5ACC, 0xF81F,
  0xF81F, 0xF81F, 0xF81F, 0xF81F, 0xF81F, 0xF81F, 0xF81F, 0xF81F, 0xF81F, 0xF81F, 0xF81F, 0xF81F, 0xF81F, 0xF81F, 0xF81F, 0xF81F,
  0xF81F, 0xF81F, 0xF81F, 0xF81F, 0xF81F, 0xF81F, 0xF81F, 0xF81F, 0xCE38, 0xB532, 0xA4AE, 0xCD8F, 0xDE10, 0x632B, 0x31E9, 0xF81F,
  0xF81F, 0xF81F, 0xF81F, 0xF81F, 0xF81F, 0xF81F, 0xF81F, 0xF81F, 0xF81F, 0xF81F, 0xF81F, 0xF81F, 0xF81F, 0xF81F, 0xF81F, 0xF81F,
  0xF81F, 0xF81F, 0xF81F, 0xF81F, 0xF81F, 0xF81F, 0xF81F, 0xF81F, 0xF81F, 0xF81F, 0xF81F, 0xCE38, 0x840F, 0x2966, 0x4208, 0x9493,
  0xF81F, 0xF81F, 0xF81F, 0xF81F, 0xF81F, 0xF81F, 0xF81F, 0xF81F, 0xF81F, 0xF81F, 0xF81F, 0xF81F, 0xF81F, 0xF81F, 0xF81F, 0xF81F,
  0xF81F, 0xF81F, 0xF81F, 0xF81F, 0xF81F, 0xF81F, 0xF81F, 0xF81F, 0xF81F, 0xF81F, 0xF81F, 0xF81F, 0xF81F, 0xF81F, 0x9493, 0xAD56,
};

const uint16_t icon_homework[1024] PROGMEM = {
  0xF81F, 0xF81F, 0xDEDB, 0xE73C, 0xDEFC, 0xDEFC, 0xDEFC, 0xE71C, 0xE71C, 0xE71C, 0xE71C, 0xE71C, 0xE71C, 0xE71C, 0xE71C, 0xE71C,
  0xE71C, 0xE71C, 0xE71C, 0xE71C, 0xE71C, 0xE71C, 0xE71C, 0xDEFC, 0xDEFC, 0xDEFC, 0xDEFB, 0xDEFB, 0xE73C, 0xDEDB, 0xF81F, 0xF81F,
  0xF81F, 0xF81F, 0xDEFC, 0xFFFF, 0xF79E, 0xF7BE, 0xF7BE, 0xFFDF, 0xFFDF, 0xFFDF, 0xFFDF, 0xFFDF, 0xFFDF, 0xFFDF, 0xFFDF, 0xFFDF,
  0xFFDF, 0xFFDF, 0xFFDF, 0xFFDF, 0xFFDF, 0xFFDF, 0xFFDF, 0xF7BE, 0xF7BE, 0xF7BE, 0xF7BE, 0xF79E, 0xFFFF, 0xDEDC, 0xF81F, 0xF81F,
  0xF81F, 0xF81F, 0xDEFC, 0xFFDF, 0xEF7E, 0xF79E, 0xF79E, 0xF79E, 0xF79E, 0xF79E, 0xF79E, 0xF7BE, 0xF7BE, 0xF79E, 0xF7BE, 0xF7BE,
  0xF79E, 0xF79E, 0xF79E, 0xF79E, 0xF79E, 0xF79E, 0xF79E, 0xF79E, 0xF79E, 0xEF7E, 0xEF7E, 0xEF7D, 0xF7BF, 0xDEFC, 0xF81F, 0xF81F,
  0xF81F, 0xF81F, 0xDEFC, 0xFFFF, 0xF79E, 0xF7BE, 0xF79E, 0xFFFF, 0xFFFF, 0xFFDF, 0xFFDF, 0xEF7D, 0xF7BE, 0xFFDF, 0xEF7D, 0xF7BE,
  0xFFDF, 0xFFFF, 0xFFFF, 0xFFFF, 0xFFFF, 0xFFDF, 0xFFDF, 0xFFDF, 0xFFFF, 0xFFDF, 0xF7BE, 0xEF7E, 0xFFDF, 0xDEFC, 0xF81F, 0xF81F,
  0xF81F, 0xF81F, 0xDEFC, 0xFFFF, 0xF7BE, 0xE71C, 0xBDF7, 0xDEDB, 0xE71C, 0xF79E, 0xEF7D, 0xB5B6, 0xEF7D, 0xE71C, 0xA534, 0xDEDB,
  0xFFDF, 0xCE59, 0xC638, 0xCE79, 0xE71C, 0xEF5D, 0xDEDB, 0xC618, 0xBDF7, 0xBDD7, 0xDEDB, 0xF79E, 0xFFDF, 0xDEFC, 0xF81F, 0xF81F,
  0xF81F, 0xF81F, 0xDEFC, 0xFFFF, 0xF79E, 0xDEDB, 0xC639, 0xC638, 0xD6BA, 0xEF5D, 0xE71C, 0xD69A, 0xEF7D, 0xE71C, 0xDEFB, 0xE73C,
  0xF7BE, 0xDEDB, 0xDEFB, 0xC618, 0xBDF7, 0xC638, 0xEF7D, 0xE71C, 0xE71C, 0xDEDB, 0xE73C, 0xF79E, 0xFFDF, 0xDEFC, 0xF81F, 0xF81F,
  0xF81F, 0xF81F, 0xDEFC, 0xFFFF, 0xEF7D, 0xF79E, 0xFFFF, 0xFFFF, 0xFFFF, 0xFFDF, 0xFFFF, 0xFFFF, 0xFFFF, 0xFFFF, 0xFFFF, 0xFFFF,
  0xFFDF, 0xFFFF, 0xFFFF, 0xF7BE, 0xD6BA, 0xF79E, 0xFFFF, 0xFFFF, 0xFFDF, 0xFFDF, 0xF7BE, 0xEF7D, 0xFFDF, 0xDEFC, 0xF81F, 0xF81F,
  0xF81F, 0xF81F, 0xDEFC, 0xFFDF, 0xF79E, 0xDEDB, 0xD69A, 0xFFDE, 0xFFDF, 0xFFDF, 0xFFDF, 0xFFFF, 0xD6BA, 0xDEDB, 0xE71C, 0xFFFF,
  0xE73C, 0xC638, 0xE73C, 0xFFFF, 0xFFFF, 0xFFFF, 0xDEDB, 0xDEDB, 0xDEDB, 0xF7BE, 0xEF7D, 0xEF5D, 0xF7BE, 0xDEDC, 0xF81F, 0xF81F,
  0xF81F, 0xF81F, 0xDEFC, 0xFFDF, 0xF79E, 0xCE79, 0xA514, 0xCE79, 0xF7BE, 0xBDF7, 0xBDD7, 0xB5D7, 0xB5B6, 0xB5B6, 0xE73C, 0xFFFF,
  0xDEFB, 0xA534, 0xC659, 0xF79E, 0xBDF7, 0xB5B6, 0xAD55, 0xAD55, 0xC618, 0xEF7D, 0xEF9E, 0xEF9E, 0xF7DE, 0xDEBB, 0xF81F, 0xF81F,
  0xF81F, 0xF81F, 0xDEFC, 0xFFDF, 0xEF7D, 0xEF7D, 0xEF5D, 0xEF5D, 0xF79E, 0xF7BE, 0xF7BE, 0xBDD7, 0xE73C, 0xF7BE, 0xF7BE, 0xF7BE,
  0xF79E, 0xEF7D, 0xEF5D, 0xF79E, 0xE73C, 0xE73C, 0xEF5D, 0xE71C, 0xDEFB, 0xE6FB, 0xED75, 0xD514, 0xE71C, 0xDF1C, 0xF81F, 0xF81F,
  0xF81F, 0xF81F, 0xDEFC, 0xFFDF, 0xEF7D, 0xE73C, 0xF79E, 0xFFDF, 0xFFDF, 0xEF7D, 0xF7BE, 0xF79E, 0xF7BE, 0xEF5D, 0xF79E, 0xFFFF,
  0xFFFF, 0xEF5D, 0xF79E, 0xFFDF, 0xF79E, 0xE73C, 0xD6BA, 0xE73C, 0xE6DB, 0xF4D3, 0xFCB2, 0xF451, 0xCBAE, 0xB556, 0xF81F, 0xF81F,
  0xF81F, 0xF81F, 0xDEFC, 0xFFDF, 0xEF5D, 0xCE79, 0xB596, 0xE73C, 0xE73C, 0xB5B6, 0xDEFB, 0xE71C, 0xB5D7, 0xB5B6, 0xCE79, 0xCE79,
  0xCE79, 0xA555, 0xC618, 0xC638, 0xEF7D, 0xCE59, 0xA514, 0xC638, 0xC5B6, 0xED14, 0xFD55, 0xFD96, 0xFCB2, 0xB2EB, 0xF81F, 0xF81F,
  0xF81F, 0xF81F, 0xDEFC, 0xFFBE, 0xEF5D, 0xE71C, 0xC639, 0xE71C, 0xE71B, 0xD69A, 0xCE79, 0xC638, 0xD6BA, 0xD6BA, 0xDEDB, 0xCE59,
  0xCE59, 0xD69A, 0xD69A, 0xCE59, 0xE73C, 0xD69A, 0xA536, 0xBDF7, 0xDF3D, 0x94F5, 0xDCD4, 0xFDB6, 0xFD34, 0xF451, 0x9B0C, 0xF81F,
  0xF81F, 0xF81F, 0xDEFC, 0xF7BE, 0xEF7D, 0xEF7D, 0xFFDF, 0xF7BE, 0xFFFF, 0xEF7D, 0xEF5D, 0xFFFF, 0xFFFF, 0xFFFF, 0xFFDF, 0xFFDF,
  0xFFDF, 0xF7BE, 0xF79E, 0xBDF7, 0xBE19, 0xE6F9, 0xCD6D, 0xCEBC, 0xB61B, 0x9537, 0x8C93, 0xDCB3, 0xF471, 0xDC30, 0xB30C, 0xF81F,
  0xF81F, 0xF81F, 0xDEDB, 0xF7BE, 0xDEFB, 0xAD75, 0xB596, 0xB5D6, 0xB5B7, 0xB5D7, 0xEF7D, 0xAD75, 0xAD76, 0xAD75, 0xCE79, 0xE73C,
  0xA535, 0xC638, 0xCE58, 0x94D3, 0xAD54, 0xE585, 0xF5A0, 0xC52A, 0x84D7, 0xA598, 0xA535, 0x840F, 0xC410, 0xE451, 0xBBAE, 0xF81F,
  0xF81F, 0xF81F, 0xDEDB, 0xF79E, 0xE73C, 0xE73C, 0xEF5D, 0xE71C, 0xE71C, 0xEF7D, 0xCE59, 0xCE59, 0xBDF7, 0xBDF7, 0xE71C, 0xE71C,
  0xDEDB, 0xE71B, 0xDEFC, 0xD6B9, 0xDD44, 0xFDC0, 0xFE46, 0xFE25, 0xBD09, 0x9516, 0xAD55, 0x9CB1, 0x83EF, 0xB3CF, 0xF81F, 0xF81F,
  0xF81F, 0xF81F, 0xDEDB, 0xF79E, 0xEF3C, 0xCE79, 0xDEFB, 0xBDD7, 0xF77D, 0xF79E, 0xDEDB, 0xF7BE, 0xE73C, 0xF79D, 0xEF7D, 0xEF5D,
  0xEF3C, 0xE73D, 0xDEDA, 0xE585, 0xFDC0, 0xFE46, 0xFE67, 0xFE88, 0xFEA8, 0xBCE8, 0x9CD4, 0x9471, 0x6B4C, 0x8C72, 0xF81F, 0xF81F,
  0xF81F, 0xF81F, 0xDEDB, 0xF7BE, 0xCE79, 0xA514, 0xB5B6, 0xAD55, 0xCE59, 0xEF7D, 0xF79D, 0xEF5D, 0xEF7D, 0xEF5C, 0xE73C, 0xE71C,
  0xE71C, 0xDEBA, 0xE565, 0xFDC0, 0xFE45, 0xFE67, 0xFE88, 0xFEC9, 0xEDC5, 0xCCA2, 0xA428, 0x6B6D, 0x630C, 0xAD55, 0xF81F, 0xF81F,
  0xF81F, 0xF81F, 0xDEDB, 0xF77D, 0xE73C, 0xE73C, 0xE73C, 0xEF7D, 0xEF5D, 0xEF5D, 0xEF5D, 0xEF5D, 0xEF3C, 0xE73C, 0xE71C, 0xE71C,
  0xD6B9, 0xE585, 0xFDC0, 0xFE45, 0xFE67, 0xFE88, 0xFEC9, 0xEDC5, 0xCCA3, 0xCCC4, 0xC462, 0x6B2A, 0x9492, 0xCE39, 0xF81F, 0xF81F,
  0xF81F, 0xF81F, 0xDEBB, 0xF77D, 0xE6FB, 0xC618, 0xD69A, 0xEF7D, 0xF79E, 0xF79E, 0xF79D, 0xEF5D, 0xE73C, 0xEF3C, 0xE71C, 0xBDD7,
  0xDD44, 0xFDC0, 0xFE45, 0xFE67, 0xFE88, 0xFEC9, 0xF5E5, 0xCCC4, 0xCCC4, 0xCCA2, 0x7B68, 0x73AF, 0xD69A, 0xD6BB, 0xF81F, 0xF81F,
  0xF81F, 0xF81F, 0xD6BB, 0xEF7D, 0xE6FB, 0xAD55, 0xB596, 0xDEFB, 0xBDD7, 0xB5B6, 0xB596, 0xD69A, 0xDEDB, 0xAD96, 0xAD54, 0xD4E3,
  0xFDE1, 0xFE45, 0xFE67, 0xFE87, 0xFEC9, 0xF5E5, 0xCCC4, 0xCCC4, 0xCCA2, 0x7B68, 0x7BD0, 0xC618, 0xE73C, 0xD6BB, 0xF81F, 0xF81F,
  0xF81F, 0xF81F, 0xD6BB, 0xEF7D, 0xDEDB, 0xC638, 0xCE59, 0xE71C, 0xD69A, 0xCE79, 0xC638, 0xD6BA, 0xE73D, 0xCE38, 0xDD45, 0xFDE0,
  0xFE45, 0xFE67, 0xFE87, 0xFEC9, 0xF5E5, 0xCCC4, 0xCCC4, 0xCCA2, 0x7B68, 0x7BF0, 0xCE38, 0xDEFB, 0xE73C, 0xD6BB, 0xF81F, 0xF81F,
  0xF81F, 0xF81F, 0xD6BB, 0xEF5D, 0xE73C, 0xE73C, 0xE73C, 0xC618, 0xCE59, 0xF7BE, 0xF79E, 0xD6BA, 0xAD56, 0xD568, 0xFDE0, 0xFE45,
  0xFE66, 0xFE87, 0xFEC9, 0xF5E5, 0xD4C4, 0xCCC5, 0xCCC3, 0x83A9, 0x7BF0, 0xAD55, 0xDEBA, 0xDEFB, 0xE73C, 0xD6BB, 0xF81F, 0xF81F,
  0xF81F, 0xF81F, 0xD6BB, 0xEF7D, 0xCE79, 0xAD55, 0xB596, 0x8430, 0xA514, 0xB5B6, 0xAD75, 0x9CF3, 0x9CB1, 0xEDA7, 0xFDE1, 0xFE46,
  0xFE88, 0xFEA9, 0xF5E5, 0xD4E4, 0xCCC5, 0xCCC3, 0x7306, 0x52AC, 0x8C51, 0xBDD7, 0xE71C, 0xDEDB, 0xE73C, 0xD6BB, 0xF81F, 0xF81F,
  0xF81F, 0xF81F, 0xD6BB, 0xEF5D, 0xD679, 0xC638, 0x8C71, 0xAD75, 0xD69A, 0xC638, 0xCE38, 0xC659, 0xCDD2, 0xF670, 0xFEB0, 0xFE69,
  0xFE88, 0xF5E5, 0xD4E4, 0xCCE5, 0xCCC3, 0x8368, 0x6B8F, 0xBDD6, 0xD6BA, 0xDEDB, 0xDEFB, 0xDEDB, 0xE73C, 0xD6BB, 0xF81F, 0xF81F,
  0xF81F, 0xF81F, 0xD6BB, 0xE73C, 0xE71C, 0xE71B, 0xCE79, 0xEF5C, 0xE73C, 0xE71C, 0xEF7D, 0xDEBA, 0xDDF1, 0xF692, 0xF6D4, 0xF62A,
  0xED61, 0xD505, 0xCCE5, 0xCCC3, 0x8388, 0x73D0, 0xCE58, 0xE71C, 0xE71B, 0xDEFB, 0xDEFB, 0xDEDB, 0xE73C, 0xD6BB, 0xF81F, 0xF81F,
  0xF81F, 0xF81F, 0xD6BB, 0xE73C, 0xDEFB, 0xAD75, 0xCE59, 0xD69A, 0xBDF7, 0xD6BA, 0xCE7A, 0xBD94, 0xEE51, 0xF692, 0xEE52, 0xD5AE,
  0xCD09, 0xDD49, 0xD4C2, 0x8388, 0x73D0, 0xC638, 0xE6FB, 0xDEFB, 0xDEFB, 0xDEFB, 0xDEFB, 0xDEDB, 0xE73C, 0xD6BB, 0xF81F, 0xF81F,
  0xF81F, 0xF81F, 0xD69B, 0xEF5D, 0xBDF7, 0x94B2, 0xAD55, 0x9CD3, 0xC638, 0xCE79, 0x8C52, 0xC571, 0xFED2, 0xDE31, 0xD5B0, 0xCD8F,
  0xCD90, 0xB4CA, 0x7B68, 0x73D0, 0xC638, 0xDEFB, 0xDEFB, 0xDEFB, 0xDEFB, 0xDEFB, 0xDEDB, 0xDEDB, 0xE71C, 0xD69B, 0xF81F, 0xF81F,
  0xF81F, 0xF81F, 0xD69B, 0xE73C, 0xAD55, 0xD6BA, 0xE71C, 0xE71C, 0xDEFB, 0xDEFB, 0xAD75, 0x5289, 0xACCE, 0xCDAF, 0xB4EE, 0x942D,
  0x738C, 0x6B4D, 0x8431, 0xC638, 0xDEFB, 0xDEDB, 0xDEDB, 0xDEFB, 0xDEFB, 0xDEDB, 0xDEDB, 0xDEDB, 0xE71C, 0xD69A, 0xF81F, 0xF81F,
  0xF81F, 0xF81F, 0xD69B, 0xE6FB, 0xD6BA, 0xDEDB, 0xDEDA, 0xDEDB, 0xDEDA, 0xE71C, 0xB575, 0x39E8, 0x4A8B, 0x734C, 0x6B6D, 0x7BEF,
  0x9CD3, 0xBDD7, 0xD699, 0xDEDB, 0xDEBA, 0xDEDB, 0xDEDB, 0xDEDB, 0xDEDB, 0xDEDA, 0xDEDA, 0xDEBA, 0xE6FB, 0xD69A, 0xF81F, 0xF81F,
  0xF81F, 0xF81F, 0xD69A, 0xE73C, 0xDEDA, 0xDEDB, 0xDEFB, 0xDEFB, 0xDEFB, 0xDEFB, 0xDEBA, 0xAD34, 0x8C51, 0xA534, 0xC618, 0xDEBA,
  0xDEFB, 0xDEFB, 0xDEDB, 0xDEDB, 0xDEDB, 0xDEFB, 0xDEFB, 0xDEFB, 0xDEFB, 0xDEFB, 0xDEDB, 0xD6BA, 0xE71C, 0xD69A, 0xF81F, 0xF81F,
  0xF81F, 0xF81F, 0xD69A, 0xD67A, 0xCE59, 0xCE59, 0xCE59, 0xCE59, 0xCE59, 0xCE59, 0xCE79, 0xC638, 0xC638, 0xCE79, 0xCE79, 0xCE59,
  0xCE39, 0xCE39, 0xCE59, 0xCE59, 0xCE59, 0xCE59, 0xCE59, 0xCE59, 0xCE59, 0xCE59, 0xCE39, 0xCE59, 0xCE79, 0xCE7A, 0xF81F, 0xF81F,
};

const uint16_t icon_shower[1024] PROGMEM = {
  0xF81F, 0xF81F, 0xF81F, 0xF81F, 0xF81F, 0xF81F, 0xF81F, 0xF81F, 0xF81F, 0xF81F, 0xF81F, 0xF81F, 0xF81F, 0xF81F, 0xF81F, 0xF81F,
  0xF81F, 0xF81F, 0xF81F, 0xF81F, 0xF81F, 0xF81F, 0xF81F, 0xF81F, 0xF81F, 0xF81F, 0xF81F, 0xF81F, 0xF81F, 0xF81F, 0xF81F, 0xF81F,
  0xF81F, 0xF81F, 0xF81F, 0xF81F, 0xF81F, 0xF81F, 0xF81F, 0xF81F, 0xF81F, 0xF81F, 0xF81F, 0xF81F, 0xF81F, 0xF81F, 0xF81F, 0xF81F,
  0xF81F, 0xF81F, 0xF81F, 0xF81F, 0xF81F, 0xF81F, 0xF81F, 0xF81F, 0xF81F, 0xF81F, 0xF81F, 0xF81F, 0xF81F, 0xF81F, 0xF81F, 0xF81F,
  0xF81F, 0xF81F, 0xF81F, 0xF81F, 0xF81F, 0xF81F, 0xF81F, 0xF81F, 0xF81F, 0xF81F, 0xF81F, 0xF81F, 0xF81F, 0xF81F, 0xF81F, 0xF81F,
  0xF81F, 0xF81F, 0xF81F, 0xF81F, 0xF81F, 0xF81F, 0xF81F, 0xF81F, 0xF81F, 0xF81F, 0xCE7A, 0xC618, 0xB596, 0xAD96, 0xB596, 0xAD75,
  0xF81F, 0xF81F, 0xF81F, 0xF81F, 0xF81F, 0xF81F, 0xF81F, 0xF81F, 0xF81F, 0xF81F, 0xF81F, 0xF81F, 0xF81F, 0xF81F, 0xF81F, 0xF81F,
  0xF81F, 0xF81F, 0xF81F, 0xF81F, 0xF81F, 0xF81F, 0xF81F, 0xF81F, 0xF81F, 0xB5B6, 0xAD55, 0x8C71, 0x8C91, 0x8C91, 0x94B2, 0x9492,
  0xF81F, 0xF81F, 0xF81F, 0xF81F, 0xF81F, 0xF81F, 0xF81F, 0xF81F, 0xF81F, 0xF81F, 0xF81F, 0xF81F, 0xF81F, 0xF81F, 0xDEDB, 0xF81F,
  0xF81F, 0xF81F, 0xF81F, 0xF81F, 0xF81F, 0xF81F, 0xF81F, 0xCE59, 0x9CF3, 0xA554, 0x8C51, 0xF81F, 0xF81F, 0xF81F, 0xF81F, 0xF81F,
  0xF81F, 0xF81F, 0xF81F, 0xF81F, 0xF81F, 0xF81F, 0xF81F, 0xF81F, 0xF81F, 0xF81F, 0xF81F, 0xF81F, 0xF81F, 0xB5B6, 0xDEFB, 0xB5B6,
  0x8430, 0x8450, 0x8C51, 0x94B2, 0xA514, 0xB5B6, 0xD6DA, 0xD6DA, 0x8C71, 0x8410, 0xF81F, 0xF81F, 0xF81F, 0xF81F, 0xF81F, 0xF81F,
  0xF81F, 0xF81F, 0xF81F, 0xF81F, 0xF81F, 0xF81F, 0xF81F, 0xF81F, 0xF81F, 0xF81F, 0xF81F, 0xF81F, 0xF81F, 0x8410, 0xCE79, 0xE73C,
  0xCE79, 0xCE99, 0xD6BA, 0xDEFB, 0xE73C, 0xDEFB, 0xBE17, 0xB5B6, 0x9491, 0xF81F, 0xF81F, 0xF81F, 0xF81F, 0xF81F, 0xF81F, 0xF81F,
  0xF81F, 0xF81F, 0xF81F, 0xF81F, 0xF81F, 0xF81F, 0xF81F, 0xF81F, 0xF81F, 0xF81F, 0xF81F, 0xF81F, 0x967B, 0x6C92, 0x94D3, 0xCE9A,
  0xD6BA, 0xD6BA, 0xE73B, 0xCE99, 0xAD75, 0x8C71, 0x9492, 0x9492, 0x94D3, 0xF81F, 0xF81F, 0xF81F, 0xF81F, 0xF81F, 0xF81F, 0xF81F,
  0xF81F, 0xF81F, 0xF81F, 0xF81F, 0xF81F, 0xF81F, 0xF81F, 0xF81F, 0xF81F, 0xF81F, 0xF81F, 0x8E3A, 0x867B, 0x865A, 0x74D3, 0xA514,
  0xD6DB, 0xD6BA, 0xBE17, 0x9CF3, 0x8C51, 0x94B2, 0x8430, 0x6B8D, 0xC618, 0xF81F, 0xF81F, 0xF81F, 0xF81F, 0xF81F, 0xF81F, 0xF81F,
  0xF81F, 0xF81F, 0xF81F, 0xF81F, 0xF81F, 0xF81F, 0xF81F, 0xF81F, 0xF81F, 0xA639, 0x963A, 0x8E7B, 0x8E5A, 0x8E5B, 0x8E19, 0x8D75,
  0xAD54, 0xCE79, 0xCE59, 0xA534, 0x94D3, 0x94B2, 0x6B4D, 0x73AE, 0xCE7A, 0xF81F, 0xF81F, 0xF81F, 0xF81F, 0xF81F, 0xF81F, 0xF81F,
  0xF81F, 0xF81F, 0xF81F, 0xF81F, 0xF81F, 0xF81F, 0xF81F, 0xF81F, 0xA619, 0x9E3A, 0x9E5A, 0x8E3A, 0x9E5A, 0x8E3A, 0x965A, 0x9E5A,
  0x9DD7, 0xA4F3, 0xAD34, 0xB575, 0xA534, 0x8430, 0x5AEB, 0x8430, 0xF81F, 0xF81F, 0xF81F, 0xF81F, 0xF81F, 0xF81F, 0xF81F, 0xF81F,
  0xF81F, 0xF81F, 0xF81F, 0xF81F, 0xF81F, 0xF81F, 0xF81F, 0xF81F, 0xA63A, 0xA63A, 0x95F9, 0xA65A, 0x8DF9, 0xA65A, 0x9E3A, 0x861A,
  0xAE7A, 0x9DD7, 0x9471, 0x9492, 0xA514, 0x8410, 0x5ACB, 0x94B2, 0xF81F, 0xF81F, 0xF81F, 0xF81F, 0xF81F, 0xF81F, 0xF81F, 0xF81F,
  0xF81F, 0xF81F, 0xF81F, 0xF81F, 0xF81F, 0xF81F, 0xF81F, 0xF81F, 0xAE19, 0xA5F9, 0xF81F, 0x8DD8, 0xF81F, 0x95F8, 0x963A, 0xF81F,
  0x7E1A, 0xAE9A, 0x9DB6, 0x9491, 0xA554, 0x9D13, 0x7BEF, 0x9D13, 0xF81F, 0xF81F, 0xF81F, 0xF81F, 0xF81F, 0xF81F, 0xF81F, 0xF81F,
  0xF81F, 0xF81F, 0xF81F, 0xF81F, 0xF81F, 0xF81F, 0xF81F, 0xF81F, 0xF81F, 0xF81F, 0x95D8, 0xF81F, 0x8D97, 0xAE7A, 0xB67B, 0x8619,
  0xAE7B, 0x75D9, 0xAE7A, 0x9575, 0x9CD2, 0xB5D6, 0xAD75, 0x94D2, 0xF81F, 0xF81F, 0xF81F, 0xF81F, 0xF81F, 0xF81F, 0xF81F, 0xF81F,
  0xF81F, 0xF81F, 0xF81F, 0xF81F, 0xF81F, 0xF81F, 0xF81F, 0xF81F, 0xF81F, 0xF81F, 0xF81F, 0x8D76, 0xF81F, 0xA619, 0x9619, 0xF81F,
  0x7DD8, 0xF81F, 0x7DF9, 0x9639, 0x84F4, 0xA534, 0xBE17, 0xA534, 0xF81F, 0xF81F, 0xF81F, 0xF81F, 0xF81F, 0xF81F, 0xF81F, 0xF81F,
  0xF81F, 0xF81F, 0xF81F, 0xF81F, 0xF81F, 0xF81F, 0xF81F, 0xF81F, 0xF81F, 0xF81F, 0x9577, 0xF81F, 0x9DD8, 0xAE3A, 0xF81F, 0x85B8,
  0xF81F, 0x7DD8, 0x9E3A, 0x6DB8, 0x6D76, 0x94B2, 0xBDF7, 0xCE79, 0xF81F, 0xF81F, 0xF81F, 0xF81F, 0xF81F, 0xF81F, 0xF81F, 0xF81F,
  0xF81F, 0xF81F, 0xF81F, 0xF81F, 0xF81F, 0xF81F, 0xF81F, 0xF81F, 0xF81F, 0xF81F, 0xF81F, 0x9597, 0xF81F, 0xF81F, 0x95B8, 0xF81F,
  0x7D97, 0xA639, 0x7597, 0x6D56, 0x8619, 0x95D8, 0xBDD7, 0xC659, 0xF81F, 0xF81F, 0xF81F, 0xF81F, 0xF81F, 0xF81F, 0xF81F, 0xF81F,
  0xF81F, 0xF81F, 0xF81F, 0xF81F, 0xF81F, 0xF81F, 0xF81F, 0xF81F, 0xF81F, 0xF81F, 0x9D97, 0xF81F, 0xF81F, 0xA5D8, 0xF81F, 0x8577,
  0xAE39, 0x7D77, 0x7536, 0x8DF9, 0x8E3A, 0xF81F, 0xF81F, 0xF81F, 0xF81F, 0xF81F, 0xF81F, 0xF81F, 0xF81F, 0xF81F, 0xF81F, 0xF81F,
  0xF81F, 0xF81F, 0xF81F, 0xF81F, 0xF81F, 0xF81F, 0xF81F, 0xF81F, 0xF81F, 0xF81F, 0xF81F, 0xF81F, 0xF81F, 0xF81F, 0x9597, 0xF81F,
  0x8556, 0x8536, 0x95D8, 0x9619, 0xF81F, 0xF81F, 0xF81F, 0xF81F, 0xF81F, 0xF81F, 0xF81F, 0xF81F, 0xF81F, 0xF81F, 0xF81F, 0xF81F,
  0xF81F, 0xF81F, 0xF81F, 0xF81F, 0xF81F, 0xF81F, 0xF81F, 0xF81F, 0xF81F, 0xF81F, 0xF81F, 0xF81F, 0xF81F, 0x9D97, 0xF81F, 0x9576,
  0x9556, 0x9DD8, 0xA619, 0xF81F, 0xF81F, 0xF81F, 0xF81F, 0xF81F, 0xF81F, 0xF81F, 0xF81F, 0xF81F, 0xF81F, 0xF81F, 0xF81F, 0xF81F,
  0xF81F, 0xF81F, 0xF81F, 0xF81F, 0xF81F, 0xF81F, 0xF81F, 0xF81F, 0xF81F, 0xF81F, 0xF81F, 0xF81F, 0xF81F, 0xF81F, 0x9D77, 0xA597,
  0xA5D8, 0xAE19, 0xF81F, 0xF81F, 0xF81F, 0xF81F, 0xF81F, 0xF81F, 0xF81F, 0xF81F, 0xF81F, 0xF81F, 0xF81F, 0xF81F, 0xF81F, 0xF81F,
  0xF81F, 0xF81F, 0xF81F, 0xF81F, 0xF81F, 0xF81F, 0xF81F, 0xF81F, 0xF81F, 0xF81F, 0xF81F, 0xF81F, 0xF81F, 0xF81F, 0xF81F, 0xF81F,
  0xF81F, 0xF81F, 0xF81F, 0xF81F, 0xF81F, 0xF81F, 0xF81F, 0xF81F, 0xF81F, 0xF81F, 0xF81F, 0xF81F, 0xF81F, 0xF81F, 0xF81F, 0xF81F,
  0xF81F, 0xF81F, 0xF81F, 0xF81F, 0xF81F, 0xF81F, 0xF81F, 0xF81F, 0xF81F, 0xF81F, 0xF81F, 0xF81F, 0xF81F, 0xF81F, 0xF81F, 0xF81F,
  0xF81F, 0xF81F, 0xF81F, 0xF81F, 0xF81F, 0xF81F, 0xF81F, 0xF81F, 0xF81F, 0xF81F, 0xF81F, 0xF81F, 0xF81F, 0xF81F, 0xF81F, 0xF81F,
  0xF81F, 0xF81F, 0xF81F, 0xF81F, 0xF81F, 0xF81F, 0xF81F, 0xF81F, 0xF81F, 0xF81F, 0xF81F, 0xF81F, 0xF81F, 0xF81F, 0xF81F, 0xF81F,
  0xF81F, 0xF81F, 0xF81F, 0xF81F, 0xF81F, 0xF81F, 0xF81F, 0xF81F, 0xF81F, 0xF81F, 0xF81F, 0xF81F, 0xF81F, 0xF81F, 0xF81F, 0xF81F,
  0xF81F, 0xF81F, 0xF81F, 0xF81F, 0xF81F, 0xF81F, 0xF81F, 0xF81F, 0xF81F, 0xF81F, 0xF81F, 0xF81F, 0xF81F, 0xF81F, 0xF81F, 0xF81F,
  0xF81F, 0xF81F, 0xF81F, 0xF81F, 0xF81F, 0xF81F, 0xF81F, 0xF81F, 0xF81F, 0xF81F, 0xF81F, 0xF81F, 0xF81F, 0xF81F, 0xF81F, 0xF81F,
  0xF81F, 0xF81F, 0xF81F, 0xF81F, 0xF81F, 0xF81F, 0xF81F, 0xF81F, 0xF81F, 0xF81F, 0xF81F, 0xF81F, 0xF81F, 0xF81F, 0xF81F, 0xF81F,
  0xF81F, 0xF81F, 0xF81F, 0xF81F, 0xF81F, 0xF81F, 0xF81F, 0xF81F, 0xF81F, 0xF81F, 0xF81F, 0xF81F, 0xF81F, 0xF81F, 0xF81F, 0xF81F,
  0xF81F, 0xF81F, 0xF81F, 0xF81F, 0xF81F, 0xF81F, 0xF81F, 0xF81F, 0xF81F, 0xF81F, 0xF81F, 0xF81F, 0xF81F, 0xF81F, 0xF81F, 0xF81F,
  0xF81F, 0xF81F, 0xF81F, 0xF81F, 0xF81F, 0xF81F, 0xF81F, 0xF81F, 0xF81F, 0xF81F, 0xF81F, 0xF81F, 0xF81F, 0xF81F, 0xF81F, 0xF81F,
  0xF81F, 0xF81F, 0xF81F, 0xF81F, 0xF81F, 0xF81F, 0xF81F, 0xF81F, 0xF81F, 0xF81F, 0xF81F, 0xF81F, 0xF81F, 0xF81F, 0xF81F, 0xF81F,
  0xF81F, 0xF81F, 0xF81F, 0xF81F, 0xF81F, 0xF81F, 0xF81F, 0xF81F, 0xF81F, 0xF81F, 0xF81F, 0xF81F, 0xF81F, 0xF81F, 0xF81F, 0xF81F,
  0xF81F, 0xF81F, 0xF81F, 0xF81F, 0xF81F, 0xF81F, 0xF81F, 0xF81F, 0xF81F, 0xF81F, 0xF81F, 0xF81F, 0xF81F, 0xF81F, 0xF81F, 0xF81F,
  0xF81F, 0xF81F, 0xF81F, 0xF81F, 0xF81F, 0xF81F, 0xF81F, 0xF81F, 0xF81F, 0xF81F, 0xF81F, 0xF81F, 0xF81F, 0xF81F, 0xF81F, 0xF81F,
  0xF81F, 0xF81F, 0xF81F, 0xF81F, 0xF81F, 0xF81F, 0xF81F, 0xF81F, 0xF81F, 0xF81F, 0xF81F, 0xF81F, 0xF81F, 0xF81F, 0xF81F, 0xF81F,
  0xF81F, 0xF81F, 0xF81F, 0xF81F, 0xF81F, 0xF81F, 0xF81F, 0xF81F, 0xF81F, 0xF81F, 0xF81F, 0xF81F, 0xF81F, 0xF81F, 0xF81F, 0xF81F,
  0xF81F, 0xF81F, 0xF81F, 0xF81F, 0xF81F, 0xF81F, 0xF81F, 0xF81F, 0xF81F, 0xF81F, 0xF81F, 0xF81F, 0xF81F, 0xF81F, 0xF81F, 0xF81F,
  0xF81F, 0xF81F, 0xF81F, 0xF81F, 0xF81F, 0xF81F, 0xF81F, 0xF81F, 0xF81F, 0xF81F, 0xF81F, 0xF81F, 0xF81F, 0xF81F, 0xF81F, 0xF81F,
  0xF81F, 0xF81F, 0xF81F, 0xF81F, 0xF81F, 0xF81F, 0xF81F, 0xF81F, 0xF81F, 0xF81F, 0xF81F, 0xF81F, 0xF81F, 0xF81F, 0xF81F, 0xF81F,
  0xF81F, 0xF81F, 0xF81F, 0xF81F, 0xF81F, 0xF81F, 0xF81F, 0xF81F, 0xF81F, 0xF81F, 0xF81F, 0xF81F, 0xF81F, 0xF81F, 0xF81F, 0xF81F,
};

const uint16_t icon_bath[1024] PROGMEM = {
  0xF81F, 0xF81F, 0xF81F, 0xF81F, 0xF81F, 0xF81F, 0xF81F, 0xF81F, 0xF81F, 0xF81F, 0xF81F, 0xF81F, 0xF81F, 0xF81F, 0xF81F, 0xF81F,
  0xF81F, 0xF81F, 0xF81F, 0xF81F, 0xF81F, 0xF81F, 0xF81F, 0xF81F, 0xF81F, 0xC65A, 0xC65A, 0xF81F, 0xF81F, 0xF81F, 0xF81F, 0xF81F,
  0xF81F, 0xF81F, 0xF81F, 0xF81F, 0xF81F, 0xF81F, 0xF81F, 0xF81F, 0xF81F, 0xF81F, 0xF81F, 0xF81F, 0xF81F, 0xF81F, 0xF81F, 0xF81F,
  0xF81F, 0xF81F, 0xF81F, 0xF81F, 0xF81F, 0xF81F, 0xF81F, 0xB5F8, 0x94F4, 0x94B3, 0x94B3, 0x9D35, 0xBDF9, 0xF81F, 0xF81F, 0xF81F,
  0xF81F, 0xF81F, 0xF81F, 0xF81F, 0xF81F, 0xF81F, 0xF81F, 0xF81F, 0xF81F, 0xF81F, 0xF81F, 0xF81F, 0xF81F, 0xF81F, 0xF81F, 0xF81F,
  0xF81F, 0xF81F, 0xF81F, 0xF81F, 0xB5B8, 0xA577, 0xBE19, 0x9CD3, 0xF81F, 0xF81F, 0xF81F, 0xBDF8, 0x9D35, 0xB5D8, 0xF81F, 0xF81F,
  0xF81F, 0xF81F, 0xF81F, 0xF81F, 0xF81F, 0xF81F, 0xF81F, 0xF81F, 0xF81F, 0xF81F, 0xF81F, 0xF81F, 0xF81F, 0xF81F, 0xF81F, 0xF81F,
  0xF81F, 0xF81F, 0x8CB3, 0xADF9, 0x9516, 0x8473, 0x7BF0, 0xF81F, 0xF81F, 0xF81F, 0xF81F, 0xF81F, 0xF81F, 0xA576, 0xF81F, 0xF81F,
  0xF81F, 0xF81F, 0xF81F, 0xF81F, 0xF81F, 0xF81F, 0xF81F, 0xF81F, 0xF81F, 0xF81F, 0xF81F, 0xF81F, 0xF81F, 0xF81F, 0xD73E, 0xDF3C,
  0xC6DC, 0xF81F, 0xF81F, 0x8451, 0xC67A, 0x8CD4, 0x7BF0, 0xF81F, 0xF81F, 0xF81F, 0xF81F, 0xF81F, 0xF81F, 0xAD76, 0xC619, 0xF81F,
  0xF81F, 0xF81F, 0xF81F, 0xF81F, 0xF81F, 0xF81F, 0xF81F, 0xF81F, 0xF81F, 0xF81F, 0xF81F, 0xF81F, 0xF81F, 0xF81F, 0xBE7B, 0xCE59,
  0xC65A, 0xC6BC, 0xF81F, 0xB597, 0x73AE, 0x8C72, 0x7BCF, 0xF81F, 0xF81F, 0xF81F, 0xF81F, 0xF81F, 0xF81F, 0xBE18, 0xB5D8, 0xF81F,
  0xF81F, 0xF81F, 0xF81F, 0xF81F, 0xF81F, 0xF81F, 0xF81F, 0xF81F, 0xF81F, 0xF81F, 0xF81F, 0xF81F, 0xF81F, 0xF81F, 0xBE3A, 0xBE7A,
  0xBE7B, 0xF81F, 0xF81F, 0xF81F, 0xF81F, 0x8C51, 0x73AE, 0xF81F, 0xF81F, 0xF81F, 0xF81F, 0xF81F, 0xF81F, 0xC659, 0xB5B7, 0xF81F,
  0xF81F, 0xF81F, 0xF81F, 0xF81F, 0xF81F, 0xF81F, 0xDF3D, 0xDF5D, 0xF81F, 0xF81F, 0xF81F, 0xF81F, 0xF81F, 0xF81F, 0xF81F, 0xF81F,
  0xF81F, 0xF81F, 0xF81F, 0xF81F, 0xF81F, 0xF81F, 0xF81F, 0xF81F, 0xF81F, 0xF81F, 0xF81F, 0xF81F, 0xF81F, 0xC659, 0xB5B7, 0xF81F,
  0xF81F, 0xF81F, 0xF81F, 0xF81F, 0xF81F, 0xF81F, 0xC69A, 0xCE59, 0xBE9B, 0xF81F, 0xF81F, 0xD75E, 0xD75E, 0xF81F, 0xF81F, 0xF81F,
  0xF81F, 0xF81F, 0xF81F, 0xF81F, 0xF81F, 0xF81F, 0xF81F, 0xF81F, 0xF81F, 0xF81F, 0xF81F, 0xF81F, 0xF81F, 0xC659, 0xB5B7, 0xF81F,
  0xF81F, 0xF81F, 0xF81F, 0xF81F, 0xF81F, 0xF81F, 0xB619, 0xC6DB, 0xCEDC, 0xF81F, 0xCF3E, 0xE75D, 0xDF5D, 0xB69C, 0xF81F, 0xF81F,
  0xF81F, 0xF81F, 0xF81F, 0xF81F, 0xF81F, 0xC69B, 0xC6BB, 0xF81F, 0xF81F, 0xF81F, 0xF81F, 0xF81F, 0xF81F, 0xC659, 0xB5B7, 0xF81F,
  0xF81F, 0xF81F, 0xF81F, 0xF81F, 0xF81F, 0xF81F, 0xF81F, 0xF81F, 0xF81F, 0xF81F, 0xC6DC, 0xCE38, 0xBDF7, 0xC73D, 0xBEFD, 0xD71D,
  0xD75D, 0xF81F, 0xF81F, 0xF81F, 0xF81F, 0xBE39, 0xC69B, 0xF81F, 0xF81F, 0xF81F, 0xF81F, 0xF81F, 0xF81F, 0xC65A, 0xB5B7, 0xF81F,
  0xF81F, 0xF81F, 0xF81F, 0xF81F, 0xF81F, 0xF81F, 0xF81F, 0xD75D, 0xE77E, 0xB69C, 0xA61A, 0xC639, 0xB67A, 0xD7FF, 0xC6FD, 0xAE7B,
  0xCE59, 0xBE9B, 0xF81F, 0xDF5E, 0xF81F, 0xF81F, 0xF81F, 0xF81F, 0xF81F, 0xF81F, 0xF81F, 0xF81F, 0xF81F, 0xC65A, 0xB5B7, 0xF81F,
  0xF81F, 0xF81F, 0xF81F, 0xF81F, 0xF81F, 0xF81F, 0xC6DC, 0xD71C, 0xCE38, 0xCEDB, 0x9E1B, 0xAE3A, 0xA69D, 0xB67B, 0xCE59, 0x9E5C,
  0xBE7A, 0xAE7B, 0xC6BB, 0xD6FC, 0xBEDD, 0xDF3E, 0xF81F, 0xF81F, 0xF81F, 0xF81F, 0xF81F, 0xF81F, 0xF81F, 0xC659, 0xB5B7, 0xF81F,
  0xF81F, 0xF81F, 0xDF3D, 0xCF1D, 0xCF3D, 0xDF5D, 0xAE5B, 0xBE5A, 0xB619, 0xB6BD, 0xA65C, 0xC6DC, 0xC73E, 0xAE5B, 0xB69C, 0xC71D,
  0xE77D, 0xCF5E, 0xB63A, 0xBDF8, 0xD77E, 0xDF3C, 0xCF1D, 0xC6BC, 0xD71D, 0xE79E, 0xCF3E, 0xF81F, 0xF81F, 0xCE7A, 0xB5B7, 0xF81F,
  0xF81F, 0xD71D, 0xDF3D, 0xD73D, 0xD71D, 0xDEDB, 0xD6FC, 0xB65B, 0xC71E, 0xB6BD, 0x961B, 0xC6DC, 0xCE17, 0xAE19, 0x8DFB, 0xD6DB,
  0xBDD7, 0xD6BA, 0xAE7C, 0xA65C, 0xD6FC, 0xC5D7, 0xCE9A, 0xBF3E, 0xC6FD, 0xC618, 0xB65A, 0x9556, 0x9D15, 0xB5B8, 0xA577, 0xF81F,
  0xBE18, 0xB5D7, 0xCE79, 0xD69A, 0xD6BA, 0xDEFB, 0xE71B, 0xE73C, 0xE73C, 0xEF3C, 0xEF7D, 0xE77E, 0xE71C, 0xDF1D, 0xCEFD, 0xD6DB,
  0xC618, 0xC67A, 0xAE7C, 0x9E3B, 0x961C, 0xAE5B, 0xC67B, 0xB73E, 0xAEFE, 0x8D78, 0xBEDC, 0xCF5E, 0xA63B, 0x8C93, 0x94B3, 0xF81F,
  0x8C71, 0x840F, 0x840F, 0x9471, 0x9CF3, 0xA534, 0xAD55, 0xAD75, 0xAD75, 0xB596, 0xBDD6, 0xC5F7, 0xCE79, 0xD69A, 0xDEDA, 0xE73C,
  0xEF7D, 0xEF7D, 0xE75D, 0xEF5D, 0xDF5D, 0xDF7F, 0xD71D, 0xD73D, 0xCF1E, 0xC71E, 0xE75D, 0xDEDB, 0xCF1D, 0x9DB8, 0xA535, 0xF81F,
  0xF81F, 0xF81F, 0x8430, 0x9CD2, 0xAD55, 0xBDF7, 0xCE79, 0xD6BA, 0xDEDB, 0xDEDA, 0xD6BA, 0xCE79, 0xCE58, 0xC638, 0xBE17, 0xBDF7,
  0xBDD7, 0xBDD7, 0xBDD7, 0xC5F7, 0xC618, 0xC618, 0xCE58, 0xCE59, 0xCE59, 0xCE59, 0xCE59, 0xC659, 0xC618, 0xC618, 0xB5B6, 0xAD54,
  0xF81F, 0xF81F, 0xB5B7, 0x9491, 0xA513, 0xBDF7, 0xD6BA, 0xE6FB, 0xEF3C, 0xEF7D, 0xF79D, 0xF79E, 0xF7BE, 0xF7DF, 0xFFDF, 0xF7DF,
  0xF7BE, 0xEF9D, 0xE75D, 0xDF1C, 0xD6BB, 0xCE7A, 0xC638, 0xC618, 0xBDF7, 0xBDD7, 0xB5B6, 0xB595, 0xB595, 0xAD54, 0x9CD2, 0xB575,
  0xF81F, 0xF81F, 0xF81F, 0x8C30, 0x9CF3, 0xBDD7, 0xD699, 0xDEFB, 0xEF3C, 0xEF7D, 0xF79D, 0xF79E, 0xF7BE, 0xF7BE, 0xFFDF, 0xFFDF,
  0xFFFF, 0xFFFF, 0xFFFF, 0xFFFF, 0xFFDF, 0xF7BE, 0xF79E, 0xEF7D, 0xEF5D, 0xE71C, 0xDEDB, 0xD679, 0xCE38, 0xC5F6, 0x9CD2, 0xF81F,
  0xF81F, 0xF81F, 0xF81F, 0xAD55, 0x9CD2, 0xB596, 0xCE59, 0xDEFB, 0xEF3C, 0xEF7D, 0xF7BE, 0xF7BE, 0xF7DE, 0xFFDF, 0xFFDF, 0xFFDF,
  0xFFDF, 0xFFDF, 0xFFDF, 0xF7DF, 0xF7BE, 0xF79E, 0xEF7D, 0xEF7D, 0xEF5C, 0xE73C, 0xDEFB, 0xD6BA, 0xCE58, 0xBDD6, 0x9CF3, 0xF81F,
  0xF81F, 0xF81F, 0xF81F, 0xF81F, 0x8430, 0xA534, 0xC618, 0xD6BA, 0xE71C, 0xEF5D, 0xF79D, 0xF7BE, 0xF7BE, 0xF7DE, 0xFFDF, 0xFFDF,
  0xFFDF, 0xFFDF, 0xFFDF, 0xF7DF, 0xF7BE, 0xF79E, 0xEF7D, 0xEF5D, 0xE73C, 0xE71B, 0xDEDA, 0xD699, 0xCE38, 0xBDD6, 0xA514, 0xF81F,
  0xF81F, 0xF81F, 0xF81F, 0xF81F, 0x94B2, 0x9CF3, 0xB5B6, 0xCE79, 0xDEDB, 0xE71C, 0xEF3C, 0xEF5D, 0xEF7D, 0xEF7D, 0xF79E, 0xF7BE,
  0xF7BE, 0xF7BE, 0xF7BE, 0xF7BE, 0xF79E, 0xEF7D, 0xEF5D, 0xE73C, 0xE71C, 0xDEDB, 0xD6BA, 0xCE59, 0xC5F7, 0xB5B6, 0xB596, 0xF81F,
  0xF81F, 0xF81F, 0xF81F, 0xF81F, 0xC639, 0x8C71, 0xA534, 0xBDF7, 0xCE79, 0xDEDA, 0xDEFB, 0xE71B, 0xE71C, 0xE71C, 0xE73C, 0xE73C,
  0xEF5C, 0xEF5C, 0xEF5C, 0xEF5C, 0xE73C, 0xE73C, 0xE71B, 0xDEFB, 0xDEDA, 0xD6BA, 0xCE79, 0xC618, 0xBDB6, 0xAD54, 0xF81F, 0xF81F,
  0xF81F, 0xF81F, 0xF81F, 0xF81F, 0xF81F, 0x9471, 0x9CD2, 0xAD75, 0xC617, 0xCE79, 0xD69A, 0xD6BA, 0xDEDA, 0xDEDA, 0xDEDB, 0xDEFB,
  0xE6FB, 0xE6FB, 0xE6FB, 0xE6FB, 0xDEDB, 0xDEDB, 0xDEBA, 0xD6BA, 0xD699, 0xCE59, 0xC638, 0xBDD7, 0xBDB6, 0xA513, 0xF81F, 0xF81F,
  0xF81F, 0xF81F, 0xF81F, 0xF81F, 0xF81F, 0xF81F, 0x8410, 0x9CD3, 0xAD55, 0xBDD7, 0xC638, 0xCE58, 0xCE59, 0xCE79, 0xCE79, 0xD679,
  0xD699, 0xD699, 0xD699, 0xD699, 0xD679, 0xD679, 0xCE79, 0xCE59, 0xCE38, 0xC618, 0xBDF7, 0xBDD6, 0xAD75, 0xCE39, 0xF81F, 0xF81F,
  0xF81F, 0xF81F, 0xF81F, 0xF81F, 0xF81F, 0xF81F, 0xB5B7, 0x8C50, 0x8430, 0x94D3, 0xB575, 0xBDF7, 0xBDF7, 0xBDF7, 0xC5F7, 0xC617,
  0xC617, 0xC618, 0xC618, 0xC618, 0xC618, 0xC618, 0xC618, 0xC617, 0xCE38, 0xB596, 0x8C50, 0xBDB6, 0xB576, 0xF81F, 0xF81F, 0xF81F,
  0xF81F, 0xF81F, 0xF81F, 0xF81F, 0xF81F, 0xF81F, 0xF81F, 0xAD76, 0x7BCF, 0x7BCF, 0x8430, 0xB595, 0xB596, 0xB5B6, 0xB5B6, 0xB5B6,
  0xBDB6, 0xBDD6, 0xBDD6, 0xBDD7, 0xBDD7, 0xBDD7, 0xBDD7, 0xBDF7, 0xA534, 0x73AE, 0x7BAE, 0xB596, 0xF81F, 0xF81F, 0xF81F, 0xF81F,
  0xF81F, 0xF81F, 0xF81F, 0xF81F, 0xF81F, 0xF81F, 0xF81F, 0xF81F, 0x9492, 0x7BEF, 0x630C, 0x94B2, 0xAD54, 0xAD54, 0xAD55, 0xAD55,
  0xAD55, 0xAD75, 0xAD75, 0xB575, 0xB575, 0xB575, 0xB596, 0xA513, 0x630B, 0x8410, 0x8C72, 0xF81F, 0xF81F, 0xF81F, 0xF81F, 0xF81F,
  0xF81F, 0xF81F, 0xF81F, 0xF81F, 0xF81F, 0xF81F, 0xAD97, 0xA576, 0x7BCF, 0x632C, 0x6B4D, 0x83EF, 0x8C50, 0x9471, 0x9492, 0x94B2,
  0x94B2, 0x9CB2, 0x94B2, 0x94B2, 0x9492, 0x9491, 0x9CD2, 0x83EF, 0x5AEB, 0x632C, 0xA514, 0xADB7, 0x9D15, 0xF81F, 0xF81F, 0xF81F,
  0xF81F, 0xF81F, 0xF81F, 0xF81F, 0xF81F, 0xF81F, 0xCE9A, 0xB5F8, 0x7BCF, 0x9CD3, 0xF81F, 0xF81F, 0xF81F, 0xF81F, 0xF81F, 0xF81F,
  0xF81F, 0xF81F, 0xF81F, 0xF81F, 0xF81F, 0xF81F, 0xF81F, 0xF81F, 0xF81F, 0x6B4D, 0x94D2, 0xD6FC, 0x9CF4, 0xF81F, 0xF81F, 0xF81F,
  0xF81F, 0xF81F, 0xF81F, 0xF81F, 0xF81F, 0xF81F, 0xBDF8, 0xA4F4, 0xAD55, 0xF81F, 0xF81F, 0xF81F, 0xF81F, 0xF81F, 0xF81F, 0xF81F,
  0xF81F, 0xF81F, 0xF81F, 0xF81F, 0xF81F, 0xF81F, 0xF81F, 0xF81F, 0xF81F, 0xF81F, 0x9CD3, 0xA535, 0xB596, 0xF81F, 0xF81F, 0xF81F,
};

const uint16_t icon_bed[1024] PROGMEM = {
  0xF81F, 0xF81F, 0xF81F, 0xF81F, 0xF81F, 0xF81F, 0xF81F, 0xF81F, 0xF81F, 0xF81F, 0xF81F, 0xF81F, 0xF81F, 0xF81F, 0xF81F, 0xF81F,
  0xF81F, 0xF81F, 0xF81F, 0xF81F, 0xF81F, 0xF81F, 0xF81F, 0xF81F, 0xF81F, 0xF81F, 0xF81F, 0xF81F, 0xF81F, 0xF81F, 0xF81F, 0xF81F,
  0xF81F, 0xF81F, 0xF81F, 0xF81F, 0xF81F, 0xF81F, 0xF81F, 0xF81F, 0xF81F, 0xF81F, 0xF81F, 0xF81F, 0xF81F, 0xF81F, 0xF81F, 0xF81F,
  0xF81F, 0xF81F, 0xF81F, 0xF81F, 0xF81F, 0xF81F, 0xF81F, 0xF81F, 0xF81F, 0xF81F, 0xF81F, 0xF81F, 0xF81F, 0xF81F, 0xF81F, 0xF81F,
  0xF81F, 0xF81F, 0xF81F, 0xF81F, 0xF81F, 0xF81F, 0xF81F, 0xF81F, 0xF81F, 0xF81F, 0xF81F, 0xF81F, 0xF81F, 0xF81F, 0xF81F, 0xF81F,
  0xF81F, 0xF81F, 0xF81F, 0xF81F, 0xF81F, 0xF81F, 0xF81F, 0xF81F, 0xF81F, 0xF81F, 0xF81F, 0xF81F, 0xF81F, 0xF81F, 0xF81F, 0xF81F,
  0xF81F, 0xF81F, 0xF81F, 0xF81F, 0xF81F, 0xF81F, 0xF81F, 0xF81F, 0xF81F, 0xF81F, 0xF81F, 0xF81F, 0xF81F, 0xF81F, 0xF81F, 0xF81F,
  0xF81F, 0xF81F, 0xF81F, 0xF81F, 0xF81F, 0xF81F, 0xF81F, 0xF81F, 0xF81F, 0xF81F, 0xF81F, 0xF81F, 0xF81F, 0xF81F, 0xF81F, 0xF81F,
  0xF81F, 0xF81F, 0xF81F, 0xF81F, 0xF81F, 0xF81F, 0xF81F, 0xF81F, 0xF81F, 0xF81F, 0xF81F, 0xF81F, 0xF81F, 0xF81F, 0xF81F, 0xF81F,
  0xF81F, 0xF81F, 0xF81F, 0xF81F, 0xF81F, 0xF81F, 0xF81F, 0xF81F, 0xF81F, 0xF81F, 0xF81F, 0xF81F, 0xF81F, 0xF81F, 0xF81F, 0xF81F,
  0xA38A, 0xAB68, 0xA44F, 0xF81F, 0xF81F, 0xF81F, 0xF81F, 0xF81F, 0xF81F, 0xF81F, 0xF81F, 0xF81F, 0xF81F, 0xF81F, 0xF81F, 0xF81F,
  0xF81F, 0xF81F, 0xF81F, 0xF81F, 0xF81F, 0xF81F, 0xF81F, 0xF81F, 0xF81F, 0xF81F, 0xF81F, 0xF81F, 0xF81F, 0xF81F, 0xF81F, 0xF81F,
  0x9B49, 0x92E7, 0x7225, 0x9BEE, 0xF81F, 0xF81F, 0xF81F, 0xF81F, 0xF81F, 0xF81F, 0xF81F, 0xF81F, 0xF81F, 0xF81F, 0xF81F, 0xF81F,
  0xF81F, 0xF81F, 0xF81F, 0xF81F, 0xF81F, 0xF81F, 0xF81F, 0xF81F, 0xF81F, 0xF81F, 0xF81F, 0xF81F, 0xF81F, 0xF81F, 0xF81F, 0xF81F,
  0x9B69, 0x9B07, 0x6A04, 0x7AE9, 0xF81F, 0xF81F, 0xF81F, 0xF81F, 0xF81F, 0xF81F, 0xF81F, 0xF81F, 0xF81F, 0xF81F, 0xF81F, 0xF81F,
  0xF81F, 0xF81F, 0xF81F, 0xF81F, 0xF81F, 0xF81F, 0xF81F, 0xF81F, 0xF81F, 0xF81F, 0xF81F, 0xF81F, 0xF81F, 0xF81F, 0xF81F, 0xF81F,
  0x9B69, 0x9B07, 0x6A04, 0x830A, 0xF81F, 0xF81F, 0xF81F, 0xF81F, 0xF81F, 0xF81F, 0xF81F, 0xF81F, 0xF81F, 0xF81F, 0xF81F, 0xF81F,
  0xF81F, 0xF81F, 0xF81F, 0xF81F, 0xF81F, 0xF81F, 0xF81F, 0xF81F, 0xF81F, 0xF81F, 0xF81F, 0xF81F, 0xF81F, 0xF81F, 0xF81F, 0xF81F,
  0x9B69, 0x9B07, 0x69E4, 0x8309, 0xF81F, 0xF81F, 0xF81F, 0xF81F, 0xF81F, 0xF81F, 0xF81F, 0xF81F, 0xF81F, 0xF81F, 0xF81F, 0xF81F,
  0xF81F, 0xF81F, 0xF81F, 0xF81F, 0xF81F, 0xF81F, 0xF81F, 0xF81F, 0xF81F, 0xF81F, 0xF81F, 0xF81F, 0xF81F, 0xF81F, 0xF81F, 0xF81F,
  0xA36A, 0x9B07, 0x69E4, 0x8309, 0xF81F, 0xF81F, 0xF81F, 0xF81F, 0xF81F, 0xF81F, 0xF81F, 0xF81F, 0xF81F, 0xF81F, 0xF81F, 0xF81F,
  0xF81F, 0xF81F, 0xF81F, 0xF81F, 0xF81F, 0xF81F, 0xF81F, 0xF81F, 0xF81F, 0xF81F, 0xF81F, 0xF81F, 0xF81F, 0xF81F, 0xF81F, 0xF81F,
  0xA36A, 0x9B07, 0x61E4, 0x7B09, 0xF81F, 0xF81F, 0xF81F, 0xF81F, 0xF81F, 0xF81F, 0xF81F, 0xF81F, 0xF81F, 0xF81F, 0xF81F, 0xF81F,
  0xF81F, 0xF81F, 0xF81F, 0xF81F, 0xF81F, 0xF81F, 0xF81F, 0xF81F, 0xF81F, 0xF81F, 0xF81F, 0xF81F, 0xF81F, 0xF81F, 0xF81F, 0xF81F,
  0xA36A, 0x9B07, 0x5983, 0x72A8, 0xF81F, 0xDF1D, 0xE73D, 0xF81F, 0xF81F, 0xF81F, 0xF81F, 0xF81F, 0xF81F, 0xF81F, 0xF81F, 0xF81F,
  0xF81F, 0xF81F, 0xF81F, 0xF81F, 0xF81F, 0xF81F, 0xF81F, 0xF81F, 0xF81F, 0xF81F, 0xF81F, 0xF81F, 0xF81F, 0xB534, 0xBCB0, 0xCD53,
  0xA36A, 0x9AE6, 0x6268, 0xC639, 0xE79F, 0xF7FF, 0xF7FF, 0xE75E, 0xDEFD, 0xF81F, 0xF81F, 0xF81F, 0xF81F, 0xF81F, 0xF81F, 0xF81F,
  0xF81F, 0xF81F, 0xF81F, 0xF81F, 0xF81F, 0xF81F, 0xF81F, 0xF81F, 0xF81F, 0xF81F, 0xF81F, 0xF81F, 0x7B0A, 0x5183, 0x92E7, 0xA368,
  0xA36A, 0x92C6, 0x528A, 0xA5B8, 0xBE39, 0xCEBB, 0xD6FD, 0xE75E, 0xFFFF, 0xD6FD, 0xF81F, 0xF81F, 0xF81F, 0xF81F, 0xF81F, 0xF81F,
  0xF81F, 0xF81F, 0xF81F, 0xF81F, 0xF81F, 0xF81F, 0xF81F, 0xF81F, 0xF81F, 0xF81F, 0xF81F, 0xF81F, 0x72CA, 0x4943, 0x8AA6, 0xA389,
  0xA36A, 0x9B07, 0x2080, 0x2965, 0x632D, 0x7C11, 0x8C93, 0x94D4, 0xA556, 0xA597, 0xA556, 0xF81F, 0xF81F, 0xF81F, 0xF81F, 0xF81F,
  0xF81F, 0xF81F, 0xF81F, 0xF81F, 0xF81F, 0xF81F, 0xF81F, 0xF81F, 0xF81F, 0xF81F, 0xF81F, 0xF81F, 0x6268, 0x4101, 0x8AA6, 0xA369,
  0xA36A, 0x9AE7, 0x28C2, 0x5AEB, 0x73F0, 0x7C11, 0x8431, 0x7C31, 0x73F0, 0x6B8F, 0x9D99, 0xB63B, 0xB63B, 0xA5DA, 0xB63B, 0xB63B,
  0xB63B, 0xB63B, 0xB63B, 0xB63B, 0xB63B, 0xB63B, 0xB63B, 0xB63B, 0xB63B, 0xB63B, 0xBE5B, 0xBE5B, 0x94F5, 0x5207, 0x8285, 0xA38A,
  0xA38A, 0x8AA6, 0x5ACB, 0xCEFD, 0xD6FC, 0xD6FC, 0xD6FC, 0xD6FC, 0xD71D, 0xBE5A, 0xAE1B, 0xC67C, 0xC67C, 0xBE5C, 0xCEDD, 0xCEDD,
  0xCEDD, 0xCEDD, 0xCEDD, 0xCEFD, 0xCEDD, 0xCEDD, 0xCEDD, 0xCEDD, 0xCEDD, 0xCEDD, 0xCEDD, 0xC69D, 0xC6BD, 0x7474, 0x8266, 0xAB89,
  0xA38A, 0x8AA6, 0x632D, 0xBE3A, 0xBE3A, 0xC65A, 0xC65A, 0xC65A, 0xC65A, 0x9D77, 0x8517, 0x9558, 0x9558, 0x9538, 0x9D79, 0x9D79,
  0x9D79, 0x9D79, 0x9D99, 0x9D99, 0x9D99, 0x9D99, 0x9D99, 0x9D99, 0x9D79, 0x9D79, 0x9D78, 0x9558, 0x9578, 0x7475, 0x82A7, 0xA369,
  0xA36A, 0x8AA6, 0x52AB, 0xADB8, 0xADD8, 0xB5D8, 0xB5D8, 0xADD8, 0xADB7, 0x8CD5, 0x7496, 0x7CD7, 0x7CD7, 0x7496, 0x7CD7, 0x7CD7,
  0x7CD7, 0x7CD7, 0x7CD7, 0x7CD7, 0x7CD7, 0x7CD7, 0x7CD7, 0x7CD7, 0x7CD7, 0x7CD7, 0x7CD7, 0x7CD7, 0x84F7, 0x6434, 0x82A7, 0xAB69,
  0xA36A, 0x92C7, 0x8AE8, 0xB3EB, 0xB3EB, 0xB40B, 0xB40B, 0xB40B, 0xBC0B, 0x93AC, 0x6455, 0x6C75, 0x6C75, 0x6C55, 0x6C75, 0x6C75,
  0x6C76, 0x6C75, 0x6C76, 0x6C76, 0x6C76, 0x6C75, 0x6C76, 0x6C76, 0x6C76, 0x6C76, 0x6C76, 0x6C75, 0x7496, 0x5BF4, 0x82A7, 0xA369,
  0xA36A, 0x92E7, 0x92E7, 0xA328, 0xA327, 0xA327, 0xA327, 0xA327, 0xA327, 0x8B2A, 0x5C35, 0x6435, 0x6435, 0x6414, 0x6435, 0x6435,
  0x6435, 0x6435, 0x6435, 0x6435, 0x6435, 0x6435, 0x6435, 0x6435, 0x6435, 0x6435, 0x6435, 0x6435, 0x6455, 0x5BD3, 0x82A7, 0xA369,
  0xA36A, 0x92E7, 0x82A6, 0x8AC7, 0x8AA7, 0x8AC7, 0x8AA7, 0x92E8, 0xAB68, 0x8B4B, 0x5415, 0x5C35, 0x5C35, 0x5C15, 0x5C35, 0x5C35,
  0x5C35, 0x5C35, 0x5C35, 0x5C35, 0x5C35, 0x5C35, 0x5C35, 0x5C35, 0x5C35, 0x5C35, 0x5C35, 0x5C35, 0x6456, 0x53D4, 0x82A7, 0xA369,
  0xA36A, 0x92E7, 0x8286, 0x8AC7, 0x92E7, 0x9B28, 0x9B08, 0x92E7, 0x9B08, 0x9329, 0x7B4C, 0x7B4C, 0x7B4C, 0x7B2C, 0x7B2C, 0x834C,
  0x834C, 0x834C, 0x834C, 0x834C, 0x7B4C, 0x834C, 0x834C, 0x836C, 0x834C, 0x836C, 0x836C, 0x7B2C, 0x7B2B, 0x7B2B, 0x8AC7, 0xA369,
  0xA36A, 0x92E7, 0x92E7, 0xAB68, 0xAB68, 0xAB68, 0xAB89, 0xAB88, 0xAB68, 0xAB48, 0xAB47, 0xAB47, 0xAB47, 0xAB47, 0xAB47, 0xAB47,
  0xAB47, 0xAB27, 0xAB47, 0xAB27, 0xAB47, 0xAB47, 0xAB27, 0xAB47, 0xB367, 0xB367, 0xB347, 0xAB47, 0xA307, 0x9AE6, 0x92C6, 0xA369,
  0xA369, 0x9308, 0x92E7, 0x9B28, 0xAC2D, 0xAC2D, 0xB42D, 0xAC2D, 0xA3ED, 0xA3ED, 0xA3ED, 0xAC0D, 0xAC0D, 0xAC2D, 0xB42D, 0xB44E,
  0xB42E, 0xAC2D, 0xAC0D, 0xAC2D, 0xAC2D, 0xAC0D, 0xAC2D, 0xAC2D, 0xAC2D, 0xAC2D, 0xAC2D, 0xAC2D, 0x9B08, 0x8AC7, 0x8AE7, 0xA369,
  0x9B49, 0x9B8A, 0x9BED, 0xA40E, 0xF81F, 0xF81F, 0xF81F, 0xF81F, 0xF81F, 0xF81F, 0xF81F, 0xF81F, 0xF81F, 0xF81F, 0xF81F, 0xF81F,
  0xF81F, 0xF81F, 0xF81F, 0xF81F, 0xF81F, 0xF81F, 0xF81F, 0xF81F, 0xF81F, 0xF81F, 0xF81F, 0xF81F, 0xA42E, 0x9BED, 0x9B8A, 0xA369,
  0x9B07, 0x9307, 0xF81F, 0xF81F, 0xF81F, 0xF81F, 0xF81F, 0xF81F, 0xF81F, 0xF81F, 0xF81F, 0xF81F, 0xF81F, 0xF81F, 0xF81F, 0xF81F,
  0xF81F, 0xF81F, 0xF81F, 0xF81F, 0xF81F, 0xF81F, 0xF81F, 0xF81F, 0xF81F, 0xF81F, 0xF81F, 0xF81F, 0xF81F, 0xF81F, 0x92E8, 0xA348,
  0xBD13, 0xBD13, 0xF81F, 0xF81F, 0xF81F, 0xF81F, 0xF81F, 0xF81F, 0xF81F, 0xF81F, 0xF81F, 0xF81F, 0xF81F, 0xF81F, 0xF81F, 0xF81F,
  0xF81F, 0xF81F, 0xF81F, 0xF81F, 0xF81F, 0xF81F, 0xF81F, 0xF81F, 0xF81F, 0xF81F, 0xF81F, 0xF81F, 0xF81F, 0xF81F, 0xBD13, 0xBD12,
  0xF81F, 0xF81F, 0xF81F, 0xF81F, 0xF81F, 0xF81F, 0xF81F, 0xF81F, 0xF81F, 0xF81F, 0xF81F, 0xF81F, 0xF81F, 0xF81F, 0xF81F, 0xF81F,
  0xF81F, 0xF81F, 0xF81F, 0xF81F, 0xF81F, 0xF81F, 0xF81F, 0xF81F, 0xF81F, 0xF81F, 0xF81F, 0xF81F, 0xF81F, 0xF81F, 0xF81F, 0xF81F,
  0xF81F, 0xF81F, 0xF81F, 0xF81F, 0xF81F, 0xF81F, 0xF81F, 0xF81F, 0xF81F, 0xF81F, 0xF81F, 0xF81F, 0xF81F, 0xF81F, 0xF81F, 0xF81F,
  0xF81F, 0xF81F, 0xF81F, 0xF81F, 0xF81F, 0xF81F, 0xF81F, 0xF81F, 0xF81F, 0xF81F, 0xF81F, 0xF81F, 0xF81F, 0xF81F, 0xF81F, 0xF81F,
  0xF81F, 0xF81F, 0xF81F, 0xF81F, 0xF81F, 0xF81F, 0xF81F, 0xF81F, 0xF81F, 0xF81F, 0xF81F, 0xF81F, 0xF81F, 0xF81F, 0xF81F, 0xF81F,
  0xF81F, 0xF81F, 0xF81F, 0xF81F, 0xF81F, 0xF81F, 0xF81F, 0xF81F, 0xF81F, 0xF81F, 0xF81F, 0xF81F, 0xF81F, 0xF81F, 0xF81F, 0xF81F,
};

const uint16_t icon_moon[1024] PROGMEM = {
  0xF81F, 0xF81F, 0xF81F, 0xF81F, 0xF81F, 0xF81F, 0xF81F, 0xF81F, 0xF81F, 0xF81F, 0xF81F, 0xF81F, 0xF81F, 0xF81F, 0xF81F, 0xF81F,
  0xF81F, 0xF81F, 0xF81F, 0xF81F, 0xDEB6, 0xF81F, 0xF81F, 0xF81F, 0xF81F, 0xF81F, 0xF81F, 0xF81F, 0xF81F, 0xF81F, 0xF81F, 0xF81F,
  0xF81F, 0xF81F, 0xF81F, 0xF81F, 0xF81F, 0xF81F, 0xF81F, 0xF81F, 0xF81F, 0xF81F, 0xF81F, 0xF81F, 0xF81F, 0xF81F, 0xF81F, 0xF81F,
  0xF81F, 0xF81F, 0xF81F, 0xF81F, 0xF81F, 0xE64B, 0xEE8E, 0xF81F, 0xF81F, 0xF81F, 0xF81F, 0xF81F, 0xF81F, 0xF81F, 0xF81F, 0xF81F,
  0xF81F, 0xF81F, 0xF81F, 0xF81F, 0xF81F, 0xF81F, 0xF81F, 0xF81F, 0xF81F, 0xF81F, 0xF81F, 0xF81F, 0xF81F, 0xF81F, 0xF81F, 0xF81F,
  0xF81F, 0xF81F, 0xF81F, 0xF81F, 0xF81F, 0xF81F, 0xF6AA, 0xF646, 0xE650, 0xF81F, 0xF81F, 0xF81F, 0xF81F, 0xF81F, 0xF81F, 0xF81F,
  0xF81F, 0xF81F, 0xF81F, 0xF81F, 0xF81F, 0xF81F, 0xF81F, 0xF81F, 0xF81F, 0xF81F, 0xF81F, 0xF81F, 0xF81F, 0xF81F, 0xF81F, 0xF81F,
  0xF81F, 0xF81F, 0xF81F, 0xF81F, 0xF81F, 0xF81F, 0xF81F, 0xFEEB, 0xFEA7, 0xE62A, 0xF81F, 0xF81F, 0xF81F, 0xF81F, 0xF81F, 0xF81F,
  0xF81F, 0xF81F, 0xF81F, 0xF81F, 0xF81F, 0xF81F, 0xF81F, 0xF81F, 0xF81F, 0xF81F, 0xF81F, 0xF81F, 0xF81F, 0xF81F, 0xF81F, 0xF81F,
  0xF81F, 0xF81F, 0xF81F, 0xF81F, 0xF81F, 0xF81F, 0xF81F, 0xE671, 0xFF2C, 0xFE66, 0xEE07, 0xF81F, 0xF81F, 0xF81F, 0xF81F, 0xF81F,
  0xF81F, 0xF81F, 0xF81F, 0xF81F, 0xF81F, 0xF81F, 0xF81F, 0xF81F, 0xF81F, 0xF81F, 0xF81F, 0xF81F, 0xF81F, 0xF81F, 0xF81F, 0xF81F,
  0xF81F, 0xF81F, 0xF81F, 0xF81F, 0xF81F, 0xF81F, 0xF81F, 0xF81F, 0xF6CC, 0xF6CB, 0xFE65, 0xEE08, 0xF81F, 0xF81F, 0xF81F, 0xF81F,
  0xF81F, 0xF81F, 0xF81F, 0xF81F, 0xF81F, 0xF81F, 0xF81F, 0xF81F, 0xF81F, 0xF81F, 0xF81F, 0xF81F, 0xF81F, 0xF81F, 0xF81F, 0xF81F,
  0xF81F, 0xF81F, 0xF81F, 0xF81F, 0xF81F, 0xF81F, 0xF81F, 0xF81F, 0xE670, 0xFF6D, 0xEE49, 0xFEA6, 0xE64D, 0xF81F, 0xF81F, 0xF81F,
  0xF81F, 0xF81F, 0xF81F, 0xF81F, 0xF81F, 0xF81F, 0xF81F, 0xF81F, 0xF81F, 0xF81F, 0xF81F, 0xF81F, 0xF81F, 0xF81F, 0xF81F, 0xF81F,
  0xF81F, 0xF81F, 0xF81F, 0xF81F, 0xF81F, 0xF81F, 0xF81F, 0xF81F, 0xF81F, 0xFF2C, 0xF68B, 0xF647, 0xFE86, 0xE6D6, 0xF81F, 0xF81F,
  0xF81F, 0xF81F, 0xF81F, 0xF81F, 0xF81F, 0xF81F, 0xF81F, 0xF81F, 0xF81F, 0xF81F, 0xF81F, 0xF81F, 0xF81F, 0xF81F, 0xF81F, 0xF81F,
  0xF81F, 0xF81F, 0xF81F, 0xF81F, 0xF81F, 0xF81F, 0xF81F, 0xF81F, 0xF81F, 0xF6AB, 0xFF0D, 0xEE28, 0xFE66, 0xEE29, 0xF81F, 0xF81F,
  0xF81F, 0xF81F, 0xF81F, 0xF81F, 0xF81F, 0xF81F, 0xF81F, 0xF81F, 0xF81F, 0xF81F, 0xF81F, 0xF81F, 0xF81F, 0xF81F, 0xF81F, 0xF81F,
  0xF81F, 0xF81F, 0xF81F, 0xF81F, 0xF81F, 0xF81F, 0xF81F, 0xF81F, 0xF81F, 0xEE8C, 0xFF6E, 0xEE49, 0xF647, 0xFE85, 0xF81F, 0xF81F,
  0xF81F, 0xF81F, 0xF81F, 0xF81F, 0xF81F, 0xF81F, 0xF81F, 0xF81F, 0xF81F, 0xF81F, 0xF81F, 0xF81F, 0xF81F, 0xF81F, 0xF81F, 0xF81F,
  0xF81F, 0xF81F, 0xF81F, 0xF81F, 0xF81F, 0xF81F, 0xF81F, 0xF81F, 0xF81F, 0xEE6D, 0xFF8E, 0xF66A, 0xF668, 0xFEA6, 0xEE6D, 0xF81F,
  0xF81F, 0xF81F, 0xF81F, 0xF81F, 0xF81F, 0xF81F, 0xF81F, 0xF81F, 0xF81F, 0xF81F, 0xF81F, 0xF81F, 0xF81F, 0xF81F, 0xF81F, 0xF81F,
  0xF81F, 0xF81F, 0xF81F, 0xF81F, 0xF81F, 0xF81F, 0xF81F, 0xF81F, 0xF81F, 0xEE4C, 0xFFAE, 0xF66B, 0xF648, 0xFE86, 0xEE27, 0xF81F,
  0xF81F, 0xF81F, 0xF81F, 0xF81F, 0xF81F, 0xF81F, 0xF81F, 0xF81F, 0xF81F, 0xF81F, 0xF81F, 0xF81F, 0xF81F, 0xF81F, 0xF81F, 0xF81F,
  0xF81F, 0xF81F, 0xF81F, 0xF81F, 0xF81F, 0xF81F, 0xF81F, 0xF81F, 0xF81F, 0xEE6C, 0xFFAE, 0xF66B, 0xF648, 0xF646, 0xFE45, 0xF81F,
  0xF81F, 0xF81F, 0xF81F, 0xF81F, 0xF81F, 0xF81F, 0xF81F, 0xF81F, 0xF81F, 0xF81F, 0xF81F, 0xF81F, 0xF81F, 0xF81F, 0xF81F, 0xF81F,
  0xF81F, 0xF81F, 0xF81F, 0xF81F, 0xF81F, 0xF81F, 0xF81F, 0xF81F, 0xF81F, 0xF66B, 0xFFAF, 0xF68B, 0xF648, 0xF667, 0xFEA6, 0xEEB3,
  0xF81F, 0xF81F, 0xF81F, 0xF81F, 0xF81F, 0xF81F, 0xF81F, 0xF81F, 0xF81F, 0xF81F, 0xF81F, 0xF81F, 0xF81F, 0xF81F, 0xF81F, 0xF81F,
  0xF81F, 0xF81F, 0xF81F, 0xF81F, 0xF81F, 0xF81F, 0xF81F, 0xF81F, 0xF81F, 0xF6A9, 0xFF8F, 0xF68B, 0xFE68, 0xF668, 0xFEC6, 0xEE90,
  0xF81F, 0xF81F, 0xF81F, 0xF81F, 0xF81F, 0xF81F, 0xF81F, 0xF81F, 0xF81F, 0xF81F, 0xF81F, 0xF81F, 0xF81F, 0xF81F, 0xF81F, 0xF81F,
  0xF81F, 0xF81F, 0xF81F, 0xF81F, 0xF81F, 0xF81F, 0xF81F, 0xF81F, 0xE675, 0xFF8B, 0xF72F, 0xF68B, 0xFE68, 0xFE88, 0xFEA6, 0xEE6E,
  0xF81F, 0xF81F, 0xF81F, 0xF81F, 0xF81F, 0xF81F, 0xF81F, 0xF81F, 0xF81F, 0xF81F, 0xF81F, 0xF81F, 0xF81F, 0xF81F, 0xF81F, 0xF81F,
  0xF81F, 0xF81F, 0xF81F, 0xF81F, 0xF81F, 0xF81F, 0xF81F, 0xF81F, 0xEE2C, 0xFFED, 0xF6CE, 0xF68A, 0xFE89, 0xFE67, 0xFEC6, 0xEE6F,
  0xF81F, 0xF81F, 0xF81F, 0xF81F, 0xF81F, 0xF81F, 0xF81F, 0xF81F, 0xF81F, 0xF81F, 0xF81F, 0xF81F, 0xF81F, 0xF81F, 0xF81F, 0xF81F,
  0xF81F, 0xF81F, 0xF81F, 0xF81F, 0xF81F, 0xF81F, 0xF81F, 0xF81F, 0xF6C9, 0xFFB0, 0xF6AC, 0xF6AA, 0xFE89, 0xFE67, 0xFEA6, 0xEE70,
  0xF81F, 0xF81F, 0xF81F, 0xF81F, 0xF81F, 0xF81F, 0xF81F, 0xF81F, 0xF81F, 0xF81F, 0xF81F, 0xF81F, 0xF81F, 0xF81F, 0xF81F, 0xF81F,
  0xF81F, 0xF81F, 0xF81F, 0xF81F, 0xF81F, 0xF81F, 0xF81F, 0xEDED, 0xFFED, 0xF72F, 0xF6AB, 0xFE8A, 0xFE68, 0xFE67, 0xFE86, 0xE6B4,
  0xF81F, 0xF81F, 0xF81F, 0xF81F, 0xF81F, 0xF81F, 0xF81F, 0xF81F, 0xF81F, 0xF81F, 0xF81F, 0xF81F, 0xF81F, 0xF81F, 0xF81F, 0xF81F,
  0xF81F, 0xF81F, 0xF81F, 0xF81F, 0xF81F, 0xF81F, 0xE635, 0xFF29, 0xFFB0, 0xF6CD, 0xF6AB, 0xFE69, 0xFE68, 0xFE67, 0xF646, 0xF81F,
  0xDED6, 0xF81F, 0xF81F, 0xF81F, 0xF81F, 0xF81F, 0xF81F, 0xF81F, 0xF81F, 0xF81F, 0xF81F, 0xF81F, 0xF81F, 0xF81F, 0xF81F, 0xF81F,
  0xF81F, 0xF81F, 0xF81F, 0xF81F, 0xF81F, 0xF81F, 0xF667, 0xFFEF, 0xF6EE, 0xF6AC, 0xF68A, 0xFE68, 0xF668, 0xFEA7, 0xF64A, 0xF81F,
  0xEF15, 0xE6AD, 0xF81F, 0xF81F, 0xF81F, 0xF81F, 0xF81F, 0xF81F, 0xF81F, 0xF81F, 0xF81F, 0xF81F, 0xF81F, 0xF81F, 0xF81F, 0xF81F,
  0xF81F, 0xF81F, 0xF81F, 0xF81F, 0xF81F, 0xEE28, 0xFFEE, 0xFF2F, 0xF6CC, 0xF68B, 0xF689, 0xF668, 0xF667, 0xFEE7, 0xEE91, 0xF81F,
  0xF81F, 0xF6EA, 0xEEED, 0xF81F, 0xF81F, 0xF81F, 0xF81F, 0xF81F, 0xF81F, 0xF81F, 0xF81F, 0xF81F, 0xF81F, 0xF81F, 0xF81F, 0xF81F,
  0xF81F, 0xF81F, 0xF81F, 0xDE15, 0xEE47, 0xFFEE, 0xFF50, 0xF6CD, 0xF6AB, 0xF68A, 0xF669, 0xF668, 0xFE67, 0xF646, 0xF81F, 0xF81F,
  0xF81F, 0xF81F, 0xFFA7, 0xEEED, 0xDE54, 0xF81F, 0xF81F, 0xF81F, 0xF81F, 0xF81F, 0xF81F, 0xF81F, 0xF81F, 0xF81F, 0xF81F, 0xF81F,
  0xF81F, 0xF81F, 0xDDAE, 0xFEC8, 0xFFEF, 0xFF4F, 0xF6CD, 0xF6AB, 0xF68A, 0xF669, 0xF668, 0xF647, 0xFEC7, 0xEE6E, 0xF81F, 0xF81F,
  0xF81F, 0xF81F, 0xEEAD, 0xFFE9, 0xFF4D, 0xDE0C, 0xD5F2, 0xF81F, 0xF81F, 0xF81F, 0xF81F, 0xF81F, 0xF81F, 0xF81F, 0xF81F, 0xF81F,
  0xDDAE, 0xEE08, 0xFFCD, 0xFFD0, 0xFF0F, 0xF6CC, 0xF6AB, 0xF66A, 0xF669, 0xF648, 0xF647, 0xFE67, 0xF647, 0xF81F, 0xF81F, 0xF81F,
  0xF81F, 0xF81F, 0xF81F, 0xF6C7, 0xFF48, 0xFFAD, 0xFFAE, 0xE66B, 0xD5CB, 0xD58C, 0xCD8D, 0xCD8D, 0xCD8D, 0xD5AB, 0xDDC8, 0xFEEA,
  0xFFEE, 0xFFF0, 0xFF70, 0xFEED, 0xF6CC, 0xF68B, 0xF66A, 0xF669, 0xF648, 0xEE27, 0xF647, 0xFE66, 0xE6D6, 0xF81F, 0xF81F, 0xF81F,
  0xF81F, 0xF81F, 0xF81F, 0xF81F, 0xF6C6, 0xFF07, 0xFF4B, 0xFF8D, 0xFFAE, 0xFFCF, 0xFFEF, 0xFFCE, 0xFFCF, 0xFFEF, 0xFFF0, 0xFFB0,
  0xFF4F, 0xFEED, 0xFECC, 0xF68B, 0xF68A, 0xF669, 0xF649, 0xF648, 0xEE27, 0xF647, 0xFE86, 0xE693, 0xF81F, 0xF81F, 0xF81F, 0xF81F,
  0xF81F, 0xF81F, 0xF81F, 0xF81F, 0xF81F, 0xF6C7, 0xFF27, 0xFEC8, 0xFEEA, 0xFEEB, 0xFF2C, 0xFF2D, 0xFF0D, 0xFEED, 0xFEEC, 0xFECC,
  0xFEAB, 0xFEAB, 0xF68A, 0xF669, 0xF649, 0xEE48, 0xEE28, 0xEE27, 0xF647, 0xFE66, 0xE693, 0xF81F, 0xF81F, 0xF81F, 0xF81F, 0xF81F,
  0xF81F, 0xF81F, 0xF81F, 0xF81F, 0xF81F, 0xF81F, 0xF6AB, 0xFF26, 0xFEC7, 0xFE87, 0xFE88, 0xFEC9, 0xFE89, 0xFE89, 0xFE89, 0xFE89,
  0xF669, 0xF669, 0xF649, 0xEE48, 0xEE28, 0xEE27, 0xEE27, 0xFE87, 0xEE27, 0xE6B6, 0xF81F, 0xF81F, 0xF81F, 0xF81F, 0xF81F, 0xF81F,
  0xF81F, 0xF81F, 0xF81F, 0xF81F, 0xF81F, 0xF81F, 0xF81F, 0xEED3, 0xF688, 0xFEE6, 0xFEC6, 0xFE87, 0xFE88, 0xFE68, 0xF668, 0xF668,
  0xF627, 0xEE48, 0xEE27, 0xEE27, 0xF647, 0xFE67, 0xEE06, 0xE64E, 0xF81F, 0xF81F, 0xF81F, 0xF81F, 0xF81F, 0xF81F, 0xF81F, 0xF81F,
  0xF81F, 0xF81F, 0xF81F, 0xF81F, 0xF81F, 0xF81F, 0xF81F, 0xF81F, 0xF81F, 0xEED3, 0xF66B, 0xF667, 0xFEA7, 0xFEA6, 0xFE66, 0xFE66,
  0xFE66, 0xFE87, 0xFE67, 0xEDE6, 0xE609, 0xE650, 0xF81F, 0xF81F, 0xF81F, 0xF81F, 0xF81F, 0xF81F, 0xF81F, 0xF81F, 0xF81F, 0xF81F,
  0xF81F, 0xF81F, 0xF81F, 0xF81F, 0xF81F, 0xF81F, 0xF81F, 0xF81F, 0xF81F, 0xF81F, 0xF81F, 0xF81F, 0xEED5, 0xE670, 0xE62D, 0xE62C,
  0xE62D, 0xE64F, 0xE673, 0xF81F, 0xF81F, 0xF81F, 0xF81F, 0xF81F, 0xF81F, 0xF81F, 0xF81F, 0xF81F, 0xF81F, 0xF81F, 0xF81F, 0xF81F,
};

const uint16_t icon_sun[1024] PROGMEM = {
  0xF81F, 0xF81F, 0xF81F, 0xF81F, 0xF81F, 0xF81F, 0xF81F, 0xF81F, 0xF81F, 0xF81F, 0xF81F, 0xF81F, 0xF81F, 0xF81F, 0xF81F, 0xF81F,
  0xF81F, 0xF81F, 0xF81F, 0xF81F, 0xF81F, 0xF81F, 0xF81F, 0xF81F, 0xF81F, 0xF81F, 0xF81F, 0xF81F, 0xF81F, 0xF81F, 0xF81F, 0xF81F,
  0xF81F, 0xF81F, 0xF81F, 0xF81F, 0xF81F, 0xF81F, 0xF81F, 0xF81F, 0xF81F, 0xF81F, 0xF81F, 0xF81F, 0xF81F, 0xF81F, 0xF81F, 0xE6F2,
  0xE6EF, 0xF81F, 0xF81F, 0xF81F, 0xF81F, 0xF81F, 0xF81F, 0xF81F, 0xF81F, 0xF81F, 0xF81F, 0xF81F, 0xF81F, 0xF81F, 0xF81F, 0xF81F,
  0xF81F, 0xF81F, 0xF81F, 0xF81F, 0xF81F, 0xF81F, 0xF81F, 0xF81F, 0xF81F, 0xF81F, 0xF81F, 0xF81F, 0xF81F, 0xF81F, 0xF81F, 0xEF0A,
  0xF748, 0xF81F, 0xF81F, 0xF81F, 0xF81F, 0xF81F, 0xF81F, 0xF81F, 0xF81F, 0xF81F, 0xF81F, 0xF81F, 0xF81F, 0xF81F, 0xF81F, 0xF81F,
  0xF81F, 0xF81F, 0xF81F, 0xF81F, 0xF81F, 0xF81F, 0xF81F, 0xF81F, 0xF81F, 0xF81F, 0xF81F, 0xF81F, 0xF81F, 0xF81F, 0xE6F6, 0xFF87,
  0xFF87, 0xE6D3, 0xF81F, 0xF81F, 0xF81F, 0xF81F, 0xF81F, 0xF81F, 0xF81F, 0xF81F, 0xF81F, 0xF81F, 0xF81F, 0xF81F, 0xF81F, 0xF81F,
  0xF81F, 0xF81F, 0xF81F, 0xF81F, 0xF81F, 0xF81F, 0xF81F, 0xF81F, 0xF81F, 0xF81F, 0xF81F, 0xF81F, 0xF81F, 0xF81F, 0xE5A9, 0xFE85,
  0xFE65, 0xE5A6, 0xF81F, 0xF81F, 0xF81F, 0xF81F, 0xF81F, 0xF81F, 0xF81F, 0xF81F, 0xF81F, 0xF81F, 0xF81F, 0xF81F, 0xF81F, 0xF81F,
  0xF81F, 0xF81F, 0xF81F, 0xF81F, 0xF81F, 0xE64D, 0xE713, 0xF81F, 0xF81F, 0xF81F, 0xF81F, 0xF81F, 0xF81F, 0xF81F, 0xF81F, 0xF81F,
  0xF81F, 0xF81F, 0xF81F, 0xF81F, 0xF81F, 0xF81F, 0xF81F, 0xF81F, 0xF81F, 0xEF35, 0xE66C, 0xF81F, 0xF81F, 0xF81F, 0xF81F, 0xF81F,
  0xF81F, 0xF81F, 0xF81F, 0xF81F, 0xF81F, 0xE691, 0xFFE9, 0xF6A8, 0xEEAF, 0xE696, 0xF81F, 0xF81F, 0xF81F, 0xF81F, 0xF81F, 0xE676,
  0xE676, 0xF81F, 0xF81F, 0xF81F, 0xF81F, 0xF81F, 0xF81F, 0xEEAF, 0xF6E9, 0xFFE9, 0xEE8E, 0xF81F, 0xF81F, 0xF81F, 0xF81F, 0xF81F,
  0xF81F, 0xF81F, 0xF81F, 0xF81F, 0xF81F, 0xF81F, 0xF687, 0xFEE6, 0xFE05, 0xDE13, 0xF81F, 0xF81F, 0xE5CD, 0xEE28, 0xFEE9, 0xFF4B,
  0xFF4B, 0xFEEA, 0xEE28, 0xE5CC, 0xF81F, 0xF81F, 0xDDF3, 0xFD84, 0xFEA5, 0xFEA7, 0xF81F, 0xF81F, 0xF81F, 0xF81F, 0xF81F, 0xF81F,
  0xF81F, 0xF81F, 0xF81F, 0xF81F, 0xF81F, 0xF81F, 0xEE0D, 0xFE05, 0xF81F, 0xF81F, 0xE5AF, 0xF646, 0xFFAC, 0xFFB1, 0xFF94, 0xFF95,
  0xFF95, 0xFF94, 0xFFB1, 0xFFAC, 0xFEA7, 0xE58D, 0xF81F, 0xF81F, 0xF584, 0xEDC9, 0xF81F, 0xF81F, 0xF81F, 0xF81F, 0xF81F, 0xF81F,
  0xF81F, 0xF81F, 0xF81F, 0xF81F, 0xF81F, 0xF81F, 0xE656, 0xDDD2, 0xF81F, 0xE5AC, 0xFF67, 0xFF8E, 0xFF74, 0xFF75, 0xFF74, 0xFF94,
  0xFF74, 0xFF74, 0xFF75, 0xFF74, 0xFF8F, 0xFF87, 0xE589, 0xF81F, 0xE5F2, 0xDDF2, 0xF81F, 0xF81F, 0xF81F, 0xF81F, 0xF81F, 0xF81F,
  0xF81F, 0xF81F, 0xF81F, 0xF81F, 0xF81F, 0xF81F, 0xF81F, 0xF81F, 0xDDAF, 0xFF46, 0xFF8D, 0xFF72, 0xFF71, 0xFF70, 0xFF70, 0xFF70,
  0xFF70, 0xFF70, 0xFF70, 0xFF71, 0xFF72, 0xFF8D, 0xFF87, 0xDD8D, 0xF81F, 0xF81F, 0xF81F, 0xF81F, 0xF81F, 0xF81F, 0xF81F, 0xF81F,
  0xF81F, 0xF81F, 0xF81F, 0xF81F, 0xF81F, 0xF81F, 0xF81F, 0xF81F, 0xF625, 0xFF69, 0xFF4D, 0xFF4C, 0xFF4C, 0xFF4C, 0xFF4C, 0xFF4C,
  0xFF4C, 0xFF4C, 0xFF4D, 0xFF4D, 0xFF4C, 0xFF4D, 0xFF69, 0xFEA6, 0xDE15, 0xF81F, 0xF81F, 0xF81F, 0xF81F, 0xF81F, 0xF81F, 0xF81F,
  0xF81F, 0xF81F, 0xF81F, 0xF81F, 0xF81F, 0xF81F, 0xF81F, 0xDD8D, 0xFF47, 0xFF09, 0xFF29, 0xFF29, 0xFF29, 0xFF29, 0xFF29, 0xFF29,
  0xFF29, 0xFF29, 0xFF29, 0xFF29, 0xFF29, 0xFF29, 0xFF09, 0xFF67, 0xDD69, 0xF81F, 0xF81F, 0xF81F, 0xF81F, 0xF81F, 0xF81F, 0xF81F,
  0xF81F, 0xF81F, 0xF81F, 0xF81F, 0xF81F, 0xF81F, 0xF81F, 0xED86, 0xFF06, 0xFEC6, 0xFEE7, 0xFEE7, 0xFF07, 0xFF07, 0xFF06, 0xFF06,
  0xFF06, 0xFF06, 0xFEE6, 0xFEE6, 0xFEE6, 0xFEE6, 0xFEE6, 0xFF06, 0xEDC5, 0xF81F, 0xF81F, 0xF81F, 0xF81F, 0xF81F, 0xF81F, 0xF81F,
  0xF81F, 0xF81F, 0xF81F, 0xE6B5, 0xEDCA, 0xF81F, 0xF81F, 0xFDE5, 0xFE86, 0xFE85, 0xFEA6, 0xFEC6, 0xFEC6, 0xFEC6, 0xFEC6, 0xFEE6,
  0xFEC6, 0xFEC6, 0xFEE6, 0xFEC6, 0xFEC6, 0xFEC6, 0xFEA6, 0xFEA6, 0xFE45, 0xF81F, 0xF81F, 0xEDA8, 0xE6B4, 0xF81F, 0xF81F, 0xF81F,
  0xF81F, 0xE690, 0xF669, 0xFE86, 0xFDE5, 0xF81F, 0xF81F, 0xFE05, 0xFE45, 0xFE45, 0xFE65, 0xFE86, 0xFEA6, 0xFEA6, 0xFEA6, 0xFEA6,
  0xFEA6, 0xFEA6, 0xFEA6, 0xFEA6, 0xFE86, 0xFE85, 0xFE45, 0xFE25, 0xFE24, 0xDDD2, 0xF81F, 0xFDC4, 0xFEA6, 0xF688, 0xEE6F, 0xF81F,
  0xF81F, 0xEE0D, 0xF607, 0xFE86, 0xFDC5, 0xF81F, 0xF81F, 0xFDA4, 0xFE05, 0xFE04, 0xFE25, 0xFE45, 0xFE66, 0xFE86, 0xFE86, 0xFE86,
  0xFE86, 0xFE86, 0xFE86, 0xFE65, 0xFE45, 0xFE25, 0xFDE4, 0xF5C4, 0xFDC4, 0xDDB1, 0xF81F, 0xFD84, 0xFE66, 0xF607, 0xEE0C, 0xDE76,
  0xF81F, 0xF81F, 0xF81F, 0xE653, 0xED48, 0xF81F, 0xF81F, 0xFD23, 0xF5C4, 0xF5C4, 0xF5E4, 0xF605, 0xF625, 0xF645, 0xF665, 0xF666,
  0xF665, 0xF645, 0xF645, 0xF625, 0xF605, 0xF5C4, 0xF584, 0xF584, 0xFD43, 0xDDF5, 0xF81F, 0xED27, 0xE611, 0xF81F, 0xF81F, 0xF81F,
  0xF81F, 0xF81F, 0xF81F, 0xF81F, 0xF81F, 0xF81F, 0xF81F, 0xE484, 0xFD84, 0xF584, 0xF5A4, 0xF5C4, 0xF5E4, 0xF605, 0xF605, 0xF625,
  0xF625, 0xF605, 0xF605, 0xF5C4, 0xF5A4, 0xF563, 0xF543, 0xF563, 0xEC82, 0xF81F, 0xF81F, 0xF81F, 0xF81F, 0xF81F, 0xF81F, 0xF81F,
  0xF81F, 0xF81F, 0xF81F, 0xF81F, 0xF81F, 0xF81F, 0xF81F, 0xDCAA, 0xFD63, 0xF523, 0xF543, 0xF563, 0xF584, 0xF5A4, 0xF5C4, 0xF5C4,
  0xF5C4, 0xF5A4, 0xF584, 0xF543, 0xF523, 0xF523, 0xF503, 0xFD42, 0xDC46, 0xF81F, 0xF81F, 0xF81F, 0xF81F, 0xF81F, 0xF81F, 0xF81F,
  0xF81F, 0xF81F, 0xF81F, 0xF81F, 0xF81F, 0xF81F, 0xF81F, 0xF81F, 0xF462, 0xF523, 0xF502, 0xF503, 0xF523, 0xF543, 0xF543, 0xF563,
  0xED43, 0xED23, 0xED02, 0xECE2, 0xF4E2, 0xF4E2, 0xF503, 0xFCC2, 0xDDB3, 0xF81F, 0xF81F, 0xF81F, 0xF81F, 0xF81F, 0xF81F, 0xF81F,
  0xF81F, 0xF81F, 0xF81F, 0xF81F, 0xF81F, 0xF81F, 0xF81F, 0xF81F, 0xDCCC, 0xFD02, 0xF503, 0xF4E2, 0xF4E2, 0xED02, 0xED02, 0xED02,
  0xECE2, 0xECE2, 0xECE2, 0xECE2, 0xF4C2, 0xF4E3, 0xFD02, 0xDC69, 0xF81F, 0xF81F, 0xF81F, 0xF81F, 0xF81F, 0xF81F, 0xF81F, 0xF81F,
  0xF81F, 0xF81F, 0xF81F, 0xF81F, 0xF81F, 0xF81F, 0xF81F, 0xDD92, 0xF81F, 0xDC68, 0xFD02, 0xF502, 0xECE2, 0xECE2, 0xECE2, 0xECE2,
  0xECE2, 0xECE2, 0xECC2, 0xECE2, 0xF502, 0xFD02, 0xDC26, 0xF81F, 0xDDD2, 0xDE13, 0xF81F, 0xF81F, 0xF81F, 0xF81F, 0xF81F, 0xF81F,
  0xF81F, 0xF81F, 0xF81F, 0xF81F, 0xF81F, 0xF81F, 0xE5CE, 0xFD24, 0xF81F, 0xF81F, 0xDCCC, 0xF482, 0xFD02, 0xF502, 0xF4E2, 0xF4E2,
  0xF4E2, 0xF4E2, 0xF4E2, 0xFD02, 0xFCA2, 0xDC89, 0xF81F, 0xF81F, 0xFD44, 0xEDAA, 0xF81F, 0xF81F, 0xF81F, 0xF81F, 0xF81F, 0xF81F,
  0xF81F, 0xF81F, 0xF81F, 0xF81F, 0xF81F, 0xF81F, 0xEDA7, 0xFE06, 0xFD04, 0xDD91, 0xF81F, 0xDDF5, 0xDC89, 0xE422, 0xFCA2, 0xFCE2,
  0xFCE2, 0xFCC2, 0xEC22, 0xE467, 0xDDB3, 0xF81F, 0xDDB2, 0xFD44, 0xFDE6, 0xF606, 0xF81F, 0xF81F, 0xF81F, 0xF81F, 0xF81F, 0xF81F,
  0xF81F, 0xF81F, 0xF81F, 0xF81F, 0xF81F, 0xE672, 0xFEE7, 0xF5C6, 0xED8A, 0xDDB2, 0xF81F, 0xF81F, 0xF81F, 0xF81F, 0xF81F, 0xDDB3,
  0xDDB2, 0xF81F, 0xF81F, 0xF81F, 0xF81F, 0xF81F, 0xDDF4, 0xED8C, 0xF586, 0xFEE7, 0xE62F, 0xF81F, 0xF81F, 0xF81F, 0xF81F, 0xF81F,
  0xF81F, 0xF81F, 0xF81F, 0xF81F, 0xF81F, 0xE58A, 0xEE2F, 0xF81F, 0xF81F, 0xF81F, 0xF81F, 0xF81F, 0xF81F, 0xF81F, 0xF81F, 0xF81F,
  0xF81F, 0xF81F, 0xF81F, 0xF81F, 0xF81F, 0xF81F, 0xF81F, 0xF81F, 0xF81F, 0xE610, 0xE569, 0xF81F, 0xF81F, 0xF81F, 0xF81F, 0xF81F,
  0xF81F, 0xF81F, 0xF81F, 0xF81F, 0xF81F, 0xF81F, 0xF81F, 0xF81F, 0xF81F, 0xF81F, 0xF81F, 0xF81F, 0xF81F, 0xF81F, 0xE4C7, 0xFD64,
  0xFD44, 0xE4A4, 0xF81F, 0xF81F, 0xF81F, 0xF81F, 0xF81F, 0xF81F, 0xF81F, 0xF81F, 0xF81F, 0xF81F, 0xF81F, 0xF81F, 0xF81F, 0xF81F,
  0xF81F, 0xF81F, 0xF81F, 0xF81F, 0xF81F, 0xF81F, 0xF81F, 0xF81F, 0xF81F, 0xF81F, 0xF81F, 0xF81F, 0xF81F, 0xF81F, 0xE654, 0xFDE6,
  0xFE26, 0xE611, 0xF81F, 0xF81F, 0xF81F, 0xF81F, 0xF81F, 0xF81F, 0xF81F, 0xF81F, 0xF81F, 0xF81F, 0xF81F, 0xF81F, 0xF81F, 0xF81F,
  0xF81F, 0xF81F, 0xF81F, 0xF81F, 0xF81F, 0xF81F, 0xF81F, 0xF81F, 0xF81F, 0xF81F, 0xF81F, 0xF81F, 0xF81F, 0xF81F, 0xF81F, 0xEDA8,
  0xF5E6, 0xF81F, 0xF81F, 0xF81F, 0xF81F, 0xF81F, 0xF81F, 0xF81F, 0xF81F, 0xF81F, 0xF81F, 0xF81F, 0xF81F, 0xF81F, 0xF81F, 0xF81F,
  0xF81F, 0xF81F, 0xF81F, 0xF81F, 0xF81F, 0xF81F, 0xF81F, 0xF81F, 0xF81F, 0xF81F, 0xF81F, 0xF81F, 0xF81F, 0xF81F, 0xF81F, 0xE5EF,
  0xE5AB, 0xF81F, 0xF81F, 0xF81F, 0xF81F, 0xF81F, 0xF81F, 0xF81F, 0xF81F, 0xF81F, 0xF81F, 0xF81F, 0xF81F, 0xF81F, 0xF81F, 0xF81F,
  0xF81F, 0xF81F, 0xF81F, 0xF81F, 0xF81F, 0xF81F, 0xF81F, 0xF81F, 0xF81F, 0xF81F, 0xF81F, 0xF81F, 0xF81F, 0xF81F, 0xF81F, 0xF81F,
  0xF81F, 0xF81F, 0xF81F, 0xF81F, 0xF81F, 0xF81F, 0xF81F, 0xF81F, 0xF81F, 0xF81F, 0xF81F, 0xF81F, 0xF81F, 0xF81F, 0xF81F, 0xF81F,
};

const uint16_t icon_clock[1024] PROGMEM = {
  0xF81F, 0xF81F, 0xF81F, 0xF81F, 0xF81F, 0xF81F, 0xDCB4, 0xDBAF, 0xD3AF, 0xDCF4, 0xF81F, 0xF81F, 0xF81F, 0xF81F, 0xC63A, 0xB61A,
  0xB5F9, 0xB5D9, 0xF81F, 0xF81F, 0xF81F, 0xF81F, 0xDCF5, 0xD3AF, 0xD3AF, 0xDCB3, 0xF81F, 0xF81F, 0xF81F, 0xF81F, 0xF81F, 0xF81F,
  0xF81F, 0xF81F, 0xF81F, 0xC65A, 0xD411, 0xDA2A, 0xDA09, 0xD9E8, 0xD1A8, 0xD1C8, 0xC26B, 0xF81F, 0xF81F, 0xF81F, 0xB4D3, 0xA38F,
  0xA36E, 0xAC72, 0xF81F, 0xF81F, 0xF81F, 0xD28B, 0xE209, 0xD9E8, 0xD9C8, 0xD9C8, 0xD209, 0xD411, 0xC63A, 0xF81F, 0xF81F, 0xF81F,
  0xF81F, 0xF81F, 0xCE18, 0xEBAF, 0xE1E9, 0xD22A, 0xDACC, 0xD2AB, 0xC9E8, 0xC187, 0xCC93, 0xF81F, 0xF81F, 0xE597, 0xE4B3, 0xC492,
  0xBC72, 0xDCB3, 0xE597, 0xF81F, 0xF81F, 0xD4D4, 0xE2AB, 0xE30C, 0xDACC, 0xCA09, 0xC167, 0xD1A8, 0xE38F, 0xCDF8, 0xF81F, 0xF81F,
  0xF81F, 0xF81F, 0xDB6E, 0xDA09, 0xE2AB, 0xE34D, 0xE36E, 0xDAEC, 0xCA6B, 0xCC93, 0xDD35, 0xD32D, 0xDAAB, 0xE2AB, 0xE24A, 0xD2EC,
  0xCACB, 0xE229, 0xDA6A, 0xD26A, 0xD32D, 0xDD35, 0xDD55, 0xF411, 0xEB6E, 0xD2AB, 0xC9C8, 0xC1A8, 0xC9A9, 0xCB4E, 0xF81F, 0xF81F,
  0xF81F, 0xDCF4, 0xEACC, 0xEB4E, 0xFBF0, 0xF3AF, 0xE2EC, 0xCA09, 0xAAEB, 0xAA08, 0xC186, 0xD1C7, 0xD229, 0xCA6A, 0xC2CB, 0xC2CB,
  0xC2CB, 0xC28A, 0xC209, 0xC1A7, 0xC125, 0xB924, 0xA1C7, 0xB32D, 0xDAAB, 0xDA8B, 0xCA2A, 0xC1C9, 0xB9E9, 0xD28C, 0xD4F4, 0xF81F,
  0xF81F, 0xD32D, 0xF36E, 0xFD34, 0xFCD3, 0xE2AB, 0xA1A7, 0x824A, 0x9904, 0xB924, 0xCA08, 0xC34D, 0xC4B3, 0xCDD7, 0xD69A, 0xD638,
  0xD618, 0xCE9A, 0xC5B7, 0xBC92, 0xBAEC, 0xB946, 0xB082, 0x90A2, 0x930C, 0xB1E8, 0xC1A7, 0xCA29, 0xC1E8, 0xB9E8, 0xC30C, 0xF81F,
  0xF81F, 0xCA49, 0xCA28, 0xCA08, 0xC1C7, 0xA145, 0x5186, 0x82AB, 0xC145, 0xBAEC, 0xC555, 0xD71C, 0xE77D, 0xE75D, 0xEF9E, 0xE638,
  0xE5F8, 0xE79E, 0xE75D, 0xE75D, 0xD6FC, 0xBD35, 0xB249, 0xB082, 0x8B0C, 0x59E7, 0x9924, 0xB124, 0xC9E6, 0xCA07, 0xD2A9, 0xF81F,
  0xF81F, 0xA165, 0x9882, 0x9862, 0xA2AA, 0x99C7, 0x90E3, 0xB965, 0xBC10, 0xD6FC, 0xEE18, 0xE71C, 0xE73C, 0xE71C, 0xE77D, 0xE5D7,
  0xE5B6, 0xE77D, 0xE71C, 0xE73C, 0xE71C, 0xE5B7, 0xCEBA, 0xB3AF, 0xA882, 0x88C2, 0x99C7, 0x9AAB, 0x8882, 0xA144, 0xAA07, 0xF81F,
  0xF81F, 0x89A6, 0x7861, 0xB492, 0xBB0C, 0xA8A2, 0xC9A6, 0xBCB3, 0xE79E, 0xEF9E, 0xE5D7, 0xE555, 0xE79E, 0xE71C, 0xE79E, 0xE596,
  0xE555, 0xE79E, 0xE71C, 0xE79E, 0xE555, 0xE596, 0xE75D, 0xD71C, 0xB451, 0xB0C3, 0xA082, 0xBB2D, 0xB4B3, 0x8903, 0x91C7, 0xF81F,
  0xF81F, 0xBCB3, 0xF81F, 0xDD56, 0xB904, 0xD1E7, 0xC472, 0xE79E, 0xEF3D, 0xE73C, 0xE77D, 0xE451, 0xE639, 0xE77D, 0xE75D, 0xE69A,
  0xE69A, 0xE75D, 0xE77D, 0xE679, 0xE430, 0xE75D, 0xE71C, 0xE71C, 0xDF7D, 0xB3F0, 0xB0E4, 0xB124, 0xDD56, 0xF81F, 0xBC92, 0xF81F,
  0xF81F, 0xF81F, 0xF81F, 0xCA8A, 0xD229, 0xCBAF, 0xDF5D, 0xEFBE, 0xE73C, 0xE73C, 0xE77D, 0xE679, 0xE659, 0xE77D, 0xE73C, 0xE75D,
  0xE75D, 0xE73C, 0xE77D, 0xE679, 0xE659, 0xE75D, 0xEF7D, 0xDEDB, 0xB5D7, 0xCEBA, 0xB2AB, 0xB946, 0xBA8A, 0xF81F, 0xF81F, 0xF81F,
  0xF81F, 0xF81F, 0xD4D3, 0xF36E, 0xE38E, 0xD5D7, 0xF6BA, 0xE5F7, 0xE77D, 0xE77D, 0xE73C, 0xE75D, 0xE77D, 0xE73C, 0xE73C, 0xE73C,
  0xE73C, 0xE73C, 0xE73C, 0xE75D, 0xE77D, 0xF79E, 0xC659, 0x73EF, 0xA410, 0xE596, 0xC514, 0xB9E9, 0xCA6B, 0xD4D3, 0xF81F, 0xF81F,
  0xF81F, 0xF81F, 0xD36E, 0xF3CF, 0xCC30, 0xEF9E, 0xEF3C, 0xE555, 0xE471, 0xE679, 0xEF7D, 0xF79E, 0xEF3C, 0xE73C, 0xE73C, 0xE73C,
  0xE73C, 0xE73C, 0xE73C, 0xEF7D, 0xEF5D, 0x9CF3, 0x6ACB, 0xB34D, 0xE534, 0xE6DB, 0xD71C, 0xB2CB, 0xC1C7, 0xC32C, 0xF81F, 0xF81F,
  0xF81F, 0xF81F, 0xE32C, 0xE38E, 0xCD55, 0xF7DF, 0xE73C, 0xE79E, 0xE638, 0xEE7A, 0xCE79, 0x9CB3, 0xEF5D, 0xEF7D, 0xE73C, 0xE73C,
  0xE73C, 0xE73C, 0xF79E, 0xD6BA, 0x738E, 0x7BEF, 0xD5F7, 0xEE59, 0xE77D, 0xE71C, 0xDF3C, 0xBC71, 0xB9A6, 0xCACB, 0xF81F, 0xF81F,
  0xF81F, 0xDD96, 0xEB0B, 0xDB2C, 0xD639, 0xEF9E, 0xE71C, 0xE71C, 0xE77D, 0xEF7D, 0xDEDB, 0x7BEF, 0x6B6D, 0xCE59, 0xF7BE, 0xE73C,
  0xE73C, 0xF79E, 0xAD75, 0x630C, 0x9CF3, 0xEF3C, 0xEF7D, 0xE75D, 0xE71C, 0xE71C, 0xE73C, 0xCDD7, 0xB9E7, 0xDAAA, 0xDD97, 0xF81F,
  0xF81F, 0xD4F4, 0xE289, 0xCACA, 0xD6DB, 0xEFBE, 0xE77D, 0xE79E, 0xE75D, 0xE73C, 0xEF5D, 0xEF5D, 0xAD55, 0x630C, 0x9CF3, 0xEF5C,
  0xEF3B, 0x8C51, 0x6B2C, 0xC638, 0xEF7D, 0xE73C, 0xE73C, 0xE75D, 0xE79E, 0xE77D, 0xE77D, 0xCE9A, 0xBA48, 0xE2A9, 0xD4F3, 0xF81F,
  0xF81F, 0xCC92, 0xC9C7, 0xBA69, 0xD5F7, 0xE5D7, 0xE5B6, 0xE575, 0xE69A, 0xE75D, 0xE73C, 0xE73C, 0xEF7D, 0xCE79, 0x8C92, 0xAD12,
  0xA4F2, 0x9D14, 0xDEFB, 0xEF7D, 0xE73C, 0xE73C, 0xE75D, 0xE6BA, 0xE555, 0xE596, 0xE5B6, 0xD5F7, 0xC289, 0xDA68, 0xCC92, 0xF81F,
  0xF81F, 0xCC92, 0xB965, 0xB228, 0xD5D7, 0xE596, 0xE575, 0xE534, 0xE679, 0xE75D, 0xE73C, 0xE73C, 0xE73C, 0xEF5D, 0xEF9E, 0xBD74,
  0xBD94, 0xF79E, 0xE73C, 0xE73C, 0xE73C, 0xE73C, 0xE75D, 0xE69A, 0xE514, 0xE555, 0xE575, 0xD5D6, 0xBA89, 0xC207, 0xC472, 0xF81F,
  0xF81F, 0xCCD4, 0xB165, 0xA9A6, 0xCE79, 0xE75D, 0xE77D, 0xE79E, 0xE75D, 0xE73C, 0xE73C, 0xE73C, 0xE73C, 0xE73C, 0xE75D, 0xE6FA,
  0xE6FA, 0xE73D, 0xE73C, 0xE73C, 0xE73C, 0xE73C, 0xE73C, 0xE75D, 0xE79E, 0xE77D, 0xDF5D, 0xD69A, 0xB207, 0xB1E7, 0xCCD3, 0xF81F,
  0xF81F, 0xD597, 0xB1A6, 0xA104, 0xC596, 0xE71C, 0xE6FB, 0xE71C, 0xE75D, 0xE77D, 0xE73C, 0xE73C, 0xE73C, 0xE73C, 0xE75D, 0xE6DA,
  0xE6DA, 0xE75D, 0xE73C, 0xE73C, 0xE73C, 0xE73C, 0xE75D, 0xE75D, 0xE6FB, 0xE6FB, 0xDEFB, 0xCDB6, 0xA965, 0xAA07, 0xD596, 0xF81F,
  0xF81F, 0xF81F, 0xA1E7, 0x9882, 0xBC51, 0xDF3C, 0xE71C, 0xE79E, 0xE679, 0xE659, 0xE75D, 0xE73C, 0xE73C, 0xE73C, 0xE75D, 0xE6FA,
  0xE6DA, 0xE75D, 0xE73C, 0xE73C, 0xE73C, 0xE75D, 0xE679, 0xE638, 0xE79E, 0xDEFB, 0xDF1C, 0xC471, 0x98E3, 0xAA28, 0xF81F, 0xF81F,
  0xF81F, 0xF81F, 0xAACB, 0x98A3, 0xAA69, 0xD6DB, 0xE6FB, 0xE554, 0xE3EF, 0xE659, 0xE75D, 0xE73C, 0xE73C, 0xE73C, 0xE75D, 0xE6FA,
  0xE6DA, 0xE75D, 0xE73C, 0xE73C, 0xE71C, 0xE75D, 0xE679, 0xE3EF, 0xE4D3, 0xDEBA, 0xD6DB, 0xB28A, 0x9103, 0xB30B, 0xF81F, 0xF81F,
  0xF81F, 0xF81F, 0xC4F4, 0x9965, 0x98E3, 0xBCF3, 0xDD14, 0xE575, 0xE73C, 0xE77D, 0xE71C, 0xE75D, 0xE75D, 0xE73C, 0xE75D, 0xE6DA,
  0xE6DA, 0xE75D, 0xE73C, 0xE75D, 0xE75D, 0xE71C, 0xE75D, 0xE73C, 0xDD55, 0xD492, 0xC4D3, 0x9924, 0x99C6, 0xCCF3, 0xF81F, 0xF81F,
  0xF81F, 0xF81F, 0xF81F, 0x9A28, 0x88A2, 0xAA08, 0xC639, 0xDF1C, 0xE71C, 0xE71C, 0xE75D, 0xE69A, 0xE659, 0xE75D, 0xE73D, 0xE6FA,
  0xE6FA, 0xE73D, 0xE75D, 0xE679, 0xE679, 0xE75D, 0xE71C, 0xE6FB, 0xD71C, 0xCE38, 0xAA08, 0x88E3, 0xAA69, 0xF81F, 0xF81F, 0xF81F,
  0xF81F, 0xF81F, 0xF81F, 0xC4F4, 0x9166, 0x9082, 0xB38E, 0xCEBA, 0xDEBA, 0xE6FB, 0xE75D, 0xE410, 0xE5F7, 0xE77D, 0xE75D, 0xE698,
  0xE678, 0xE75D, 0xE75D, 0xE638, 0xE3CF, 0xE73C, 0xDEFB, 0xD6BA, 0xC679, 0xB3AE, 0x88C3, 0xA1E7, 0xD4F3, 0xF81F, 0xF81F, 0xF81F,
  0xF81F, 0xF81F, 0xF81F, 0xF81F, 0xAB0C, 0x8904, 0x9062, 0xABCF, 0xC69A, 0xD6FB, 0xDD96, 0xE492, 0xE77D, 0xE71B, 0xE77D, 0xDD75,
  0xDD33, 0xE77E, 0xE6FB, 0xE77D, 0xE4D2, 0xDD34, 0xD6FB, 0xC659, 0xB3EF, 0x90C2, 0x9165, 0xBB2C, 0xF81F, 0xF81F, 0xF81F, 0xF81F,
  0xF81F, 0xF81F, 0xF81F, 0xF81F, 0xF81F, 0x9A49, 0x8145, 0x98C3, 0xAB2C, 0xBE18, 0xCC92, 0xDE79, 0xDEFB, 0xDEFB, 0xE75D, 0xDD95,
  0xDD54, 0xE75D, 0xDEFB, 0xDEFB, 0xD69A, 0xCC51, 0xBDD7, 0xB34D, 0x9904, 0x89A6, 0xAA89, 0xF81F, 0xF81F, 0xF81F, 0xF81F, 0xF81F,
  0xF81F, 0xF81F, 0xF81F, 0xF81F, 0xF81F, 0xD619, 0xD69A, 0x830C, 0x8041, 0xA1C7, 0xB451, 0xC679, 0xCEBA, 0xD6DB, 0xDF1C, 0xD575,
  0xD554, 0xD71C, 0xD6BA, 0xCEBA, 0xC659, 0xB451, 0xA1E7, 0x8082, 0x7ACB, 0xB5B8, 0xD5F8, 0xF81F, 0xF81F, 0xF81F, 0xF81F, 0xF81F,
  0xF81F, 0xF81F, 0xF81F, 0xF81F, 0xF81F, 0xEF9E, 0xAD55, 0x7AEB, 0x8986, 0x7882, 0x88C3, 0xA228, 0xB3F0, 0xC555, 0xCE38, 0xC575,
  0xC554, 0xCE38, 0xC555, 0xB410, 0xA249, 0x9104, 0x80E3, 0x99C7, 0x72AA, 0x94D4, 0xC6BC, 0xF81F, 0xF81F, 0xF81F, 0xF81F, 0xF81F,
  0xF81F, 0xF81F, 0xF81F, 0xF81F, 0xEF9F, 0xD659, 0x83CF, 0xF81F, 0xCCF4, 0x9A28, 0x8965, 0x78C3, 0x8082, 0x88E4, 0x9186, 0x99E7,
  0x99E7, 0x9986, 0x8904, 0x80C3, 0x8903, 0x99A6, 0xA249, 0xCCF4, 0xF81F, 0x73AE, 0xB5B8, 0xCEDD, 0xF81F, 0xF81F, 0xF81F, 0xF81F,
  0xF81F, 0xF81F, 0xF81F, 0xF81F, 0xC5F8, 0x83CF, 0xF81F, 0xF81F, 0xF81F, 0xF81F, 0xCD14, 0xAB0C, 0x91E7, 0x89A6, 0x8965, 0x8145,
  0x8145, 0x8965, 0x91A6, 0x9208, 0xAB2C, 0xCD14, 0xF81F, 0xF81F, 0xF81F, 0xF81F, 0x738E, 0xAD76, 0xF81F, 0xF81F, 0xF81F, 0xF81F,
  0xF81F, 0xF81F, 0xF81F, 0xF81F, 0x9CF4, 0xF81F, 0xF81F, 0xF81F, 0xF81F, 0xF81F, 0xF81F, 0xF81F, 0xF81F, 0xD596, 0xC4B3, 0xBC30,
  0xBC30, 0xC4B3, 0xD576, 0xF81F, 0xF81F, 0xF81F, 0xF81F, 0xF81F, 0xF81F, 0xF81F, 0xF81F, 0xA514, 0xF81F, 0xF81F, 0xF81F, 0xF81F,
};

const uint16_t icon_socks[1024] PROGMEM = {
  0xF81F, 0xF81F, 0xF81F, 0xF81F, 0xF81F, 0xF81F, 0xF81F, 0xF81F, 0xF81F, 0xF81F, 0xF81F, 0xF81F, 0xF81F, 0xF81F, 0xF81F, 0xF81F,
  0xF81F, 0xF81F, 0xF81F, 0xF81F, 0xF81F, 0xE6FB, 0xEEF9, 0xDEB9, 0xF81F, 0xF81F, 0xF81F, 0xF81F, 0xF81F, 0xF81F, 0xF81F, 0xF81F,
  0xF81F, 0xF81F, 0xF81F, 0xF81F, 0xF81F, 0xF81F, 0xF81F, 0xF81F, 0xF81F, 0xF81F, 0xF81F, 0xF81F, 0xF81F, 0xF81F, 0xF81F, 0xF81F,
  0xF81F, 0xF81F, 0xF81F, 0xF81F, 0xF81F, 0xE6B9, 0xFFBB, 0xF719, 0xEED9, 0xDEBA, 0xF81F, 0xF81F, 0xF81F, 0xF81F, 0xF81F, 0xF81F,
  0xF81F, 0xF81F, 0xF81F, 0xF81F, 0xF81F, 0xF81F, 0xF81F, 0xF81F, 0xF81F, 0xF81F, 0xF81F, 0xF81F, 0xF81F, 0xF81F, 0xF81F, 0xF81F,
  0xF81F, 0xF81F, 0xF81F, 0xF81F, 0xF81F, 0xCDD4, 0xE6B8, 0xF719, 0xF739, 0xFF5A, 0xE698, 0xDE99, 0xF81F, 0xF81F, 0xF81F, 0xF81F,
  0xF81F, 0xF81F, 0xF81F, 0xF81F, 0xF81F, 0xF81F, 0xF81F, 0xF81F, 0xF81F, 0xF81F, 0xF81F, 0xF81F, 0xF81F, 0xF81F, 0xF81F, 0xF81F,
  0xF81F, 0xF81F, 0xF81F, 0xF81F, 0xDE99, 0xD5F4, 0xB4F1, 0xC593, 0xDE36, 0xE697, 0xEED8, 0xF719, 0xE698, 0xDEBA, 0xF81F, 0xF81F,
  0xF81F, 0xF81F, 0xF81F, 0xF81F, 0xF81F, 0xF81F, 0xF81F, 0xF81F, 0xF81F, 0xF81F, 0xF81F, 0xF81F, 0xF81F, 0xF81F, 0xF81F, 0xF81F,
  0xF81F, 0xF81F, 0xF81F, 0xF81F, 0xD636, 0xCDB3, 0xB511, 0xACB0, 0x9C4E, 0xB511, 0xD615, 0xE6B8, 0xF6F9, 0xFF9B, 0xD678, 0xF81F,
  0xF81F, 0xF81F, 0xF81F, 0xF81F, 0xF81F, 0xF81F, 0xF81F, 0xF81F, 0xF81F, 0xF81F, 0xF81F, 0xF81F, 0xF81F, 0xF81F, 0xF81F, 0xF81F,
  0xF81F, 0xF81F, 0xF81F, 0xE6DB, 0xE677, 0xBD52, 0xB531, 0xB4F0, 0xA4AF, 0x940D, 0x93EC, 0xACD0, 0xD636, 0xF719, 0xB532, 0xCE38,
  0xF81F, 0xF81F, 0xF81F, 0xF81F, 0xF81F, 0xF81F, 0xF81F, 0xF81F, 0xF81F, 0xF81F, 0xF81F, 0xF81F, 0xF81F, 0xF81F, 0xF81F, 0xF81F,
  0xF81F, 0xF81F, 0xF81F, 0xD657, 0xD615, 0xB532, 0xB511, 0xACD0, 0xA48F, 0xA46F, 0x8BEC, 0x7B4A, 0x7B6A, 0x838B, 0xBD72, 0xCDF6,
  0xF81F, 0xF81F, 0xF81F, 0xF81F, 0xF81F, 0xF81F, 0xF81F, 0xF81F, 0xF81F, 0xF81F, 0xF81F, 0xF81F, 0xF81F, 0xF81F, 0xF81F, 0xF81F,
  0xF81F, 0xF81F, 0xF81F, 0xDE56, 0xC573, 0xBD52, 0xB511, 0xACD0, 0xA48F, 0x9C4E, 0x8BCC, 0x8BCC, 0x6AE9, 0x3963, 0xA490, 0xF81F,
  0xF81F, 0xF81F, 0xF81F, 0xF81F, 0xF81F, 0xF81F, 0xF81F, 0xF81F, 0xF81F, 0xF81F, 0xF81F, 0xF81F, 0xF81F, 0xF81F, 0xF81F, 0xF81F,
  0xF81F, 0xF81F, 0xD658, 0xDE35, 0xBD52, 0xBD52, 0xB511, 0xACD0, 0x9C4E, 0x940D, 0x838B, 0x838B, 0x5A47, 0x5205, 0x9450, 0xF81F,
  0xF81F, 0xF81F, 0xF81F, 0xF81F, 0xF81F, 0xF81F, 0xF81F, 0xF81F, 0xF81F, 0xF81F, 0xF81F, 0xF81F, 0xF81F, 0xF81F, 0xF81F, 0xF81F,
  0xF81F, 0xF81F, 0xD615, 0xC593, 0xBD32, 0xB531, 0xB511, 0xA48F, 0x9C4E, 0x8BCC, 0x8BAB, 0x6AE9, 0x41A4, 0x62C8, 0xF81F, 0xF81F,
  0xF81F, 0xF81F, 0xF81F, 0xF81F, 0xF81F, 0xF81F, 0xF81F, 0xF81F, 0xF81F, 0xF81F, 0xF81F, 0xF81F, 0xF81F, 0xF81F, 0xF81F, 0xF81F,
  0xF81F, 0xD658, 0xDE56, 0xB531, 0xB511, 0xB511, 0xACD0, 0x9C4E, 0x940D, 0x8BCC, 0x83AB, 0x5226, 0x5226, 0x8C0F, 0xF81F, 0xF81F,
  0xF81F, 0xF81F, 0xF81F, 0xF81F, 0xF81F, 0xF81F, 0xF81F, 0xF81F, 0xF81F, 0xF81F, 0xF81F, 0xF81F, 0xF81F, 0xF81F, 0xF81F, 0xF81F,
  0xF81F, 0xD615, 0xCDB4, 0xB511, 0xB4F1, 0xB4F1, 0xA48F, 0x940D, 0x93ED, 0x8BCC, 0x7309, 0x49C5, 0x6287, 0xF81F, 0xF81F, 0xF81F,
  0xF81F, 0xF81F, 0xF81F, 0xF81F, 0xF81F, 0xF81F, 0xF81F, 0xF81F, 0xF81F, 0xF81F, 0xF81F, 0xF81F, 0xF81F, 0xF81F, 0xF81F, 0xF81F,
  0xD658, 0xE697, 0xBD52, 0xACF0, 0xACF0, 0xACAF, 0x9C6E, 0x9C2E, 0x8BCC, 0x836B, 0x5A46, 0x5205, 0x734B, 0xF81F, 0xF81F, 0xF81F,
  0xF81F, 0xF81F, 0xF81F, 0xF81F, 0xF81F, 0xF81F, 0xF81F, 0xF81F, 0xF81F, 0xF81F, 0xF81F, 0xF81F, 0xF81F, 0xF81F, 0xF81F, 0xF81F,
  0xD615, 0xCDD4, 0xB4F1, 0xACD0, 0xACB0, 0xA46F, 0x9C4E, 0x940D, 0x8BAC, 0x7309, 0x4184, 0x6287, 0xAD34, 0xF81F, 0xF81F, 0xF81F,
  0xF81F, 0xF81F, 0xF81F, 0xF81F, 0xF81F, 0xF81F, 0xF81F, 0xF81F, 0xF81F, 0xF81F, 0xF81F, 0xF81F, 0xF81F, 0xF81F, 0xF81F, 0xD637,
  0xDE56, 0xBD52, 0xACF0, 0xACD0, 0xACAF, 0xA46F, 0x9C2E, 0x8BCC, 0x83AB, 0x5A46, 0x49C4, 0x6AE9, 0xF81F, 0xF81F, 0xF81F, 0xF81F,
  0xF81F, 0xF81F, 0xF81F, 0xF81F, 0xF81F, 0xF81F, 0xF81F, 0xF81F, 0xF81F, 0xF81F, 0xF81F, 0xF81F, 0xF81F, 0xDE79, 0xD615, 0xD635,
  0xBD52, 0xB511, 0xACD0, 0xACB0, 0xA46F, 0x9C4E, 0x93ED, 0x838B, 0x7329, 0x49C5, 0x62A7, 0x8C2F, 0xF81F, 0xF81F, 0xF81F, 0xF81F,
  0xF81F, 0xF81F, 0xF81F, 0xF81F, 0xF81F, 0xF81F, 0xF81F, 0xF81F, 0xF81F, 0xF81F, 0xDEBA, 0xD657, 0xCDF4, 0xD615, 0xC573, 0xB531,
  0xB4F1, 0xACAF, 0xACAF, 0xACB0, 0xA46F, 0x9C2E, 0x8BCC, 0x838B, 0x62A8, 0x49E5, 0x62A8, 0xF81F, 0xF81F, 0xF81F, 0xF81F, 0xF81F,
  0xF81F, 0xF81F, 0xF81F, 0xF81F, 0xF81F, 0xF81F, 0xF81F, 0xDEBA, 0xD636, 0xCDD4, 0xD5F4, 0xCDB3, 0xBD32, 0xB4F1, 0xACF0, 0xB4F0,
  0xB4F0, 0xACD0, 0xA48F, 0xA48F, 0x9C2E, 0x93ED, 0x8BAB, 0x836B, 0x49E5, 0x5A46, 0x7B8C, 0xF81F, 0xF81F, 0xF81F, 0xF81F, 0xF81F,
  0xF81F, 0xF81F, 0xF81F, 0xF81F, 0xF81F, 0xDE78, 0xD615, 0xD635, 0xC593, 0xB511, 0xB531, 0xB511, 0xB4F1, 0xB511, 0xB511, 0xACF0,
  0xACF0, 0xACF0, 0xA46E, 0x9C4E, 0x9C2E, 0x940D, 0x838B, 0x6AA8, 0x41C5, 0x6AC8, 0xAD34, 0xF81F, 0xF81F, 0xF81F, 0xF81F, 0xF81F,
  0xF81F, 0xF81F, 0xF81F, 0xDE98, 0xD5F4, 0xD5F5, 0xBD72, 0xB511, 0xB4F1, 0xB511, 0xB511, 0xB511, 0xB511, 0xB4F1, 0xB4F1, 0xB4F0,
  0xB511, 0xB4F0, 0xD615, 0xDE36, 0xDE56, 0xD636, 0xD635, 0x940E, 0x5206, 0x6AE9, 0xF81F, 0xF81F, 0xF81F, 0xF81F, 0xF81F, 0xF81F,
  0xF81F, 0xE6DB, 0xD4B1, 0xD5B3, 0xBD72, 0xB511, 0xBD31, 0xB531, 0xBD32, 0xB531, 0xB531, 0xB511, 0xB511, 0xB4F1, 0xB4F0, 0xB4F0,
  0xACAF, 0xB4F1, 0xEEF9, 0xEED8, 0xE697, 0xDE56, 0xE697, 0xA490, 0x6287, 0x83AD, 0xF81F, 0xF81F, 0xF81F, 0xF81F, 0xF81F, 0xF81F,
  0xF81F, 0xEF19, 0xEE97, 0xC46F, 0xB44E, 0xBD52, 0xBD52, 0xBD32, 0xB511, 0xB511, 0xB511, 0xB511, 0xACD0, 0xACD0, 0xACD0, 0xACD0,
  0xA48F, 0xACD0, 0xEED8, 0xE697, 0xDE56, 0xD615, 0xD615, 0x942E, 0xC573, 0xBD95, 0xF81F, 0xF81F, 0xF81F, 0xF81F, 0xF81F, 0xF81F,
  0xDEBA, 0xF719, 0xDE77, 0xEF19, 0xE573, 0xB3ED, 0xB511, 0xB511, 0xB4F1, 0xB4F0, 0xACD0, 0xACD0, 0xA48F, 0xA48F, 0xA48F, 0xA48F,
  0x9C4E, 0xA46F, 0xE6B8, 0xE697, 0xD635, 0xD635, 0xBD52, 0x838B, 0xD5F4, 0xC617, 0xF81F, 0xF81F, 0xF81F, 0xF81F, 0xF81F, 0xF81F,
  0xDE98, 0xEEF8, 0xDE56, 0xEEF8, 0xFF9B, 0xE5B4, 0xABCD, 0xACF0, 0xACAF, 0xA4AF, 0xA48F, 0xA48F, 0xA46F, 0x9C4E, 0x9C4E, 0x93ED,
  0x8BCC, 0x8BEC, 0xD636, 0xDE56, 0xCDD4, 0xBD31, 0x6AE9, 0x8BCD, 0xC5B3, 0xF81F, 0xF81F, 0xF81F, 0xF81F, 0xF81F, 0xF81F, 0xF81F,
  0xD637, 0xEEF8, 0xE697, 0xEEB8, 0xEEF8, 0xEED8, 0xAB8C, 0x9C4E, 0x9C4E, 0x9C4E, 0x9C2E, 0x9C4E, 0x9C2D, 0x8BCC, 0x8BAC, 0x838B,
  0x7B6A, 0x7309, 0xACB0, 0xACB0, 0x838B, 0x5A46, 0x62A8, 0xBD52, 0xACD1, 0xF81F, 0xF81F, 0xF81F, 0xF81F, 0xF81F, 0xF81F, 0xF81F,
  0xD658, 0xEED8, 0xDE77, 0xDE76, 0xE677, 0xE697, 0xABAC, 0x8BEC, 0x940D, 0x93ED, 0x93EC, 0x93EC, 0x8BCC, 0x838B, 0x7329, 0x6287,
  0x49E5, 0x3963, 0x3963, 0x3984, 0x5A67, 0x83AC, 0xB511, 0xA46E, 0xC5F7, 0xF81F, 0xF81F, 0xF81F, 0xF81F, 0xF81F, 0xF81F, 0xF81F,
  0xF81F, 0xD615, 0xE6B8, 0xDE56, 0xDE56, 0xE6B7, 0xABAC, 0x836B, 0x8BCC, 0x83AB, 0x83AB, 0x838B, 0x72E9, 0x5226, 0x4184, 0x3963,
  0x41A5, 0x5206, 0x5A67, 0x5A46, 0x940D, 0xA48F, 0xA4B0, 0xF81F, 0xF81F, 0xF81F, 0xF81F, 0xF81F, 0xF81F, 0xF81F, 0xF81F, 0xF81F,
  0xF81F, 0xD69A, 0xCDD4, 0xDE56, 0xD615, 0xE6B7, 0xB40E, 0x72E8, 0x7B4A, 0x72E8, 0x6287, 0x49C5, 0x3963, 0x49C5, 0x6288, 0x72E9,
  0x7309, 0x62A7, 0x7B8C, 0xA4F3, 0xF81F, 0xF81F, 0xF81F, 0xF81F, 0xF81F, 0xF81F, 0xF81F, 0xF81F, 0xF81F, 0xF81F, 0xF81F, 0xF81F,
  0xF81F, 0xF81F, 0xB554, 0x9C2D, 0xA46F, 0xACF0, 0x936B, 0x51C4, 0x4984, 0x3963, 0x4184, 0x5206, 0x6AC8, 0x7B6A, 0x7B4A, 0x730A,
  0x9C91, 0xF81F, 0xF81F, 0xF81F, 0xF81F, 0xF81F, 0xF81F, 0xF81F, 0xF81F, 0xF81F, 0xF81F, 0xF81F, 0xF81F, 0xF81F, 0xF81F, 0xF81F,
  0xF81F, 0xF81F, 0xF81F, 0x7B6B, 0x8BCC, 0x6AE9, 0x6AC8, 0x7B6A, 0x7A88, 0x6246, 0x7309, 0x7B4A, 0x7309, 0x732A, 0xA4F3, 0xF81F,
  0xF81F, 0xF81F, 0xF81F, 0xF81F, 0xF81F, 0xF81F, 0xF81F, 0xF81F, 0xF81F, 0xF81F, 0xF81F, 0xF81F, 0xF81F, 0xF81F, 0xF81F, 0xF81F,
  0xF81F, 0xF81F, 0xF81F, 0xF81F, 0xBD73, 0xBD72, 0xC572, 0xCDF4, 0xC4B0, 0x6A26, 0x62A8, 0x7B8C, 0xB575, 0xF81F, 0xF81F, 0xF81F,
  0xF81F, 0xF81F, 0xF81F, 0xF81F, 0xF81F, 0xF81F, 0xF81F, 0xF81F, 0xF81F, 0xF81F, 0xF81F, 0xF81F, 0xF81F, 0xF81F, 0xF81F, 0xF81F,
  0xF81F, 0xF81F, 0xF81F, 0xF81F, 0xF81F, 0xC617, 0xB553, 0xAD32, 0xB533, 0xACF4, 0xF81F, 0xF81F, 0xF81F, 0xF81F, 0xF81F, 0xF81F,
  0xF81F, 0xF81F, 0xF81F, 0xF81F, 0xF81F, 0xF81F, 0xF81F, 0xF81F, 0xF81F, 0xF81F, 0xF81F, 0xF81F, 0xF81F, 0xF81F, 0xF81F, 0xF81F,
};

const uint16_t icon_shoes[1024] PROGMEM = {
  0xF81F, 0xF81F, 0xF81F, 0xF81F, 0xF81F, 0xF81F, 0xF81F, 0xF81F, 0xF81F, 0xF81F, 0xF81F, 0xC5F8, 0xC638, 0xDEDC, 0xF81F, 0xF81F,
  0xF81F, 0xF81F, 0xF81F, 0xF81F, 0xF81F, 0xF81F, 0xF81F, 0xF81F, 0xF81F, 0xF81F, 0xF81F, 0xF81F, 0xF81F, 0xF81F, 0xF81F, 0xF81F,
  0xF81F, 0xF81F, 0xF81F, 0xF81F, 0xF81F, 0xF81F, 0xF81F, 0xF81F, 0xF81F, 0xF81F, 0xBDF7, 0xB5B5, 0xE71C, 0xC618, 0xF81F, 0xF81F,
  0xF81F, 0xF81F, 0xF81F, 0xF81F, 0xF81F, 0xF81F, 0xF81F, 0xF81F, 0xF81F, 0xF81F, 0xF81F, 0xF81F, 0xF81F, 0xF81F, 0xF81F, 0xF81F,
  0xF81F, 0xF81F, 0xF81F, 0xF81F, 0xF81F, 0xF81F, 0xF81F, 0xF81F, 0xF81F, 0xBDF7, 0xBDB6, 0xB596, 0xD69A, 0xB5B6, 0xF81F, 0xF81F,
  0xF81F, 0xF81F, 0xF81F, 0xF81F, 0xF81F, 0xF81F, 0xF81F, 0xF81F, 0xF81F, 0xF81F, 0xF81F, 0xF81F, 0xF81F, 0xF81F, 0xF81F, 0xF81F,
  0xF81F, 0xF81F, 0xF81F, 0xF81F, 0xF81F, 0xF81F, 0xF81F, 0xD69B, 0xC617, 0xB596, 0xA534, 0xC638, 0xC618, 0xAD75, 0xF81F, 0xF81F,
  0xF81F, 0xF81F, 0xF81F, 0xF81F, 0xF81F, 0xF81F, 0xF81F, 0xF81F, 0xF81F, 0xF81F, 0xF81F, 0xF81F, 0xF81F, 0xF81F, 0xF81F, 0xF81F,
  0xF81F, 0xF81F, 0xF81F, 0xF81F, 0xF81F, 0xF81F, 0xD6BB, 0xD679, 0xB575, 0xAD54, 0xAD54, 0xCE38, 0xBDD7, 0xBDD7, 0xF81F, 0xF81F,
  0xF81F, 0xF81F, 0xF81F, 0xF81F, 0xF81F, 0xF81F, 0xF81F, 0xF81F, 0xF81F, 0xF81F, 0xF81F, 0xF81F, 0xF81F, 0xF81F, 0xF81F, 0xF81F,
  0xF81F, 0xF81F, 0xF81F, 0xF81F, 0xF81F, 0xCE39, 0xD6BA, 0xAD34, 0x9CD3, 0xAD75, 0xB595, 0xC617, 0xC618, 0xC638, 0xD6BB, 0xF81F,
  0xF81F, 0xF81F, 0xF81F, 0xF81F, 0xF81F, 0xF81F, 0xF81F, 0xF81F, 0xF81F, 0xF81F, 0xF81F, 0xF81F, 0xF81F, 0xF81F, 0xF81F, 0xF81F,
  0xF81F, 0xF81F, 0xF81F, 0xF81F, 0xC618, 0xCE79, 0xAD54, 0x9491, 0x8C51, 0xAD75, 0xB5B6, 0xBDD6, 0xCE58, 0xBDD7, 0xCE59, 0xF81F,
  0xF81F, 0xF81F, 0xD6BB, 0xC618, 0xBDD6, 0xF81F, 0xF81F, 0xF81F, 0xF81F, 0xF81F, 0xF81F, 0xF81F, 0xF81F, 0xF81F, 0xF81F, 0xF81F,
  0xF81F, 0xF81F, 0xF81F, 0xCE59, 0xC638, 0xB5B6, 0x9CB2, 0x8C50, 0x840F, 0xA534, 0xCE79, 0xCE79, 0xD6BA, 0xD69A, 0xC638, 0xCE59,
  0xF81F, 0xCE7A, 0xE71B, 0xBDF7, 0xC638, 0xBDF7, 0xF81F, 0xF81F, 0xF81F, 0xF81F, 0xF81F, 0xF81F, 0xF81F, 0xF81F, 0xF81F, 0xF81F,
  0xF81F, 0xF81F, 0xF81F, 0xA534, 0xA534, 0xA513, 0x9CF3, 0x8C30, 0x840F, 0x9471, 0xCE58, 0xCE79, 0xD699, 0xD6BA, 0xD6BA, 0xDEDB,
  0xD69A, 0xD6BA, 0xEF5C, 0xCE58, 0xB595, 0xBDD7, 0xF81F, 0xF81F, 0xF81F, 0xF81F, 0xF81F, 0xF81F, 0xF81F, 0xF81F, 0xF81F, 0xF81F,
  0xF81F, 0xF81F, 0xD69A, 0xBDD7, 0x8430, 0x9492, 0x9CB2, 0x94B2, 0x840F, 0x83EF, 0xB5B6, 0xCE79, 0xCE79, 0xD699, 0xD6BA, 0xD69A,
  0xE71C, 0xDEFB, 0xD69A, 0xD6BA, 0xBDD6, 0xBDD7, 0xF81F, 0xF81F, 0xF81F, 0xF81F, 0xF81F, 0xF81F, 0xF81F, 0xF81F, 0xF81F, 0xF81F,
  0xF81F, 0xB596, 0xEF5D, 0xC638, 0xA4F3, 0x840F, 0x9471, 0x9CB2, 0x9471, 0x83CE, 0xA513, 0xCE79, 0xCE59, 0xCE79, 0xD679, 0xCE59,
  0xDEFB, 0xD6BA, 0xD69A, 0xE71C, 0xD6BA, 0xC5F8, 0xF81F, 0xF81F, 0xF81F, 0xF81F, 0xF81F, 0xF81F, 0xF81F, 0xF81F, 0xF81F, 0xF81F,
  0xF81F, 0x630C, 0xD6BA, 0xD699, 0xBDF7, 0x9CD2, 0x83EF, 0x9491, 0x9491, 0x83CE, 0x8C50, 0xC638, 0xCE59, 0xCE79, 0xD69A, 0xDEFB,
  0xE73C, 0xE71C, 0xD69A, 0xC618, 0xBDB6, 0xBDB6, 0xF81F, 0xF81F, 0xF81F, 0xF81F, 0xF81F, 0xF81F, 0xF81F, 0xF81F, 0xF81F, 0xF81F,
  0xF81F, 0x31A6, 0x8410, 0xE71B, 0xCE59, 0xBDF7, 0x9CB2, 0x840F, 0x8C51, 0x83CE, 0x83EF, 0xBDF7, 0xC638, 0xBDD7, 0xBDB6, 0xAD55,
  0x9CD2, 0x9471, 0x8C30, 0x8C50, 0xB595, 0xE73C, 0xC618, 0xF81F, 0xF81F, 0xF81F, 0xF81F, 0xF81F, 0xF81F, 0xF81F, 0xF81F, 0xF81F,
  0xF81F, 0xAD76, 0x18C3, 0xA514, 0xDEFB, 0xCE59, 0xBDF7, 0x9CD3, 0x7BCE, 0x7BAE, 0x83CF, 0x8C30, 0x8C0F, 0x83EF, 0x840F, 0x8C30,
  0x9471, 0x9492, 0xA4F3, 0x9CB2, 0xAD54, 0xBDD6, 0xDEFB, 0xD69A, 0xF81F, 0xF81F, 0xF81F, 0xF81F, 0xF81F, 0xF81F, 0xF81F, 0xF81F,
  0xF81F, 0xF81F, 0x9CF4, 0x18E3, 0xB5B6, 0xDEFB, 0xCE59, 0xBDF7, 0xA514, 0x7BCE, 0x7BAE, 0x7BCE, 0x840F, 0x9492, 0x9491, 0x9CB2,
  0x9CB2, 0x9CB2, 0xA513, 0xAD34, 0x9450, 0xA4F3, 0xCE59, 0xAD55, 0xF81F, 0xF81F, 0xF81F, 0xF81F, 0xF81F, 0xF81F, 0xF81F, 0xF81F,
  0xF81F, 0xF81F, 0xF81F, 0x9CD4, 0x2124, 0xBDD7, 0xDEFB, 0xCE79, 0xC618, 0xAD55, 0x7BCF, 0x7BAE, 0x83CF, 0x8C50, 0x8C30, 0x8C50,
  0x8C50, 0x9471, 0x9471, 0x9471, 0x9471, 0xBDB6, 0xD69A, 0xEF3C, 0xDEDB, 0xF81F, 0xF81F, 0xF81F, 0xF81F, 0xF81F, 0xF81F, 0xF81F,
  0xF81F, 0xF81F, 0xF81F, 0xF81F, 0xF81F, 0x632D, 0xBDD6, 0xE71B, 0xCE79, 0xC618, 0xAD54, 0x7BCE, 0x7BAE, 0x83CE, 0x83EF, 0x840F,
  0x8C30, 0x8C70, 0x9491, 0x9CD3, 0xA4F3, 0x9C91, 0x9CB2, 0xBDD6, 0xA514, 0xF81F, 0xF81F, 0xF81F, 0xF81F, 0xF81F, 0xF81F, 0xF81F,
  0xF81F, 0xF81F, 0xF81F, 0xF81F, 0xF81F, 0xF81F, 0x31A6, 0xB596, 0xE71B, 0xCE79, 0xC618, 0xA514, 0x7BAE, 0x7BCE, 0x8C30, 0x9471,
  0x9471, 0x9CB2, 0x9CB2, 0x9CB2, 0xAD55, 0x9CD2, 0xB5B6, 0xDEFB, 0xD6BA, 0xCE7A, 0xF81F, 0xF81F, 0xF81F, 0xF81F, 0xF81F, 0xF81F,
  0xF81F, 0xF81F, 0xF81F, 0xF81F, 0xF81F, 0xF81F, 0xF81F, 0x7BF0, 0xA534, 0xE71C, 0xCE79, 0xC618, 0x9CD2, 0x7BAE, 0x83EF, 0x840F,
  0x840F, 0x8C30, 0x8C50, 0x9471, 0x9491, 0x9CB2, 0xA4D3, 0xA4F3, 0xBDD7, 0xCE79, 0xF81F, 0xF81F, 0xF81F, 0xF81F, 0xF81F, 0xF81F,
  0xF81F, 0xF81F, 0xF81F, 0xF81F, 0xF81F, 0xF81F, 0xF81F, 0xF81F, 0x4A6A, 0x94B2, 0xE71B, 0xCE79, 0xBDF7, 0x8C51, 0x7BAE, 0x83CE,
  0x7BCE, 0x83EF, 0x840F, 0x8C30, 0x9471, 0x9CB1, 0x9CD2, 0xA513, 0xBDF7, 0xC618, 0xF81F, 0xF81F, 0xF81F, 0xF81F, 0xF81F, 0xF81F,
  0xF81F, 0xF81F, 0xF81F, 0xF81F, 0xF81F, 0xF81F, 0xF81F, 0xF81F, 0xF81F, 0xA514, 0x8C71, 0xE71B, 0xD699, 0xB596, 0x7BEF, 0x738E,
  0x7BCE, 0x83EF, 0x8C0F, 0x8C30, 0x8C30, 0x9471, 0x9CD2, 0xA4F3, 0xB596, 0xD69A, 0xD69A, 0xF81F, 0xF81F, 0xF81F, 0xF81F, 0xF81F,
  0xF81F, 0xF81F, 0xF81F, 0xF81F, 0xF81F, 0xF81F, 0xF81F, 0xF81F, 0xF81F, 0xF81F, 0x8431, 0x6B4D, 0xDEDB, 0xD69A, 0xA534, 0x7BAE,
  0x83CE, 0x840F, 0x8C2F, 0x8C50, 0x9471, 0x9450, 0x8C50, 0x9491, 0xBDB6, 0xE71C, 0xCE59, 0xF81F, 0xF81F, 0xF81F, 0xF81F, 0xF81F,
  0xF81F, 0xF81F, 0xF81F, 0xF81F, 0xF81F, 0xF81F, 0xF81F, 0xF81F, 0xF81F, 0xF81F, 0xF81F, 0xF81F, 0x8C51, 0xD69A, 0xDEDA, 0x9CF3,
  0x738E, 0x83CE, 0x83EF, 0x8C30, 0x8C50, 0x9451, 0x9CD2, 0xAD54, 0xA514, 0xAD54, 0xCE58, 0xD6BB, 0xF81F, 0xF81F, 0xF81F, 0xF81F,
  0xF81F, 0xF81F, 0xF81F, 0xF81F, 0xF81F, 0xF81F, 0xF81F, 0xF81F, 0xF81F, 0xF81F, 0xF81F, 0xF81F, 0xF81F, 0x4A69, 0xCE58, 0xDEDA,
  0x9492, 0x738E, 0x83CE, 0x840F, 0x8C30, 0x9471, 0xD69A, 0xE6FB, 0xD69A, 0xCE59, 0xD69A, 0xD69A, 0xDEDC, 0xF81F, 0xF81F, 0xF81F,
  0xF81F, 0xF81F, 0xF81F, 0xF81F, 0xF81F, 0xF81F, 0xF81F, 0xF81F, 0xF81F, 0xF81F, 0xF81F, 0xF81F, 0xF81F, 0xF81F, 0x9492, 0xB5B6,
  0xDEDB, 0x8C71, 0x738D, 0x83EF, 0x8C0F, 0x8C30, 0xB596, 0xDEDB, 0xDEDA, 0xDEDB, 0xD6BA, 0xD6BA, 0xD69A, 0xF81F, 0xF81F, 0xF81F,
  0xF81F, 0xF81F, 0xF81F, 0xF81F, 0xF81F, 0xF81F, 0xF81F, 0xF81F, 0xF81F, 0xF81F, 0xF81F, 0xF81F, 0xF81F, 0xF81F, 0xF81F, 0x4A6A,
  0xA534, 0xDEDB, 0x8C51, 0x736D, 0x83EF, 0x840F, 0x840F, 0xAD54, 0xD6BA, 0xDEDA, 0xDEBA, 0xD6BA, 0xDEDB, 0xCE79, 0xF81F, 0xF81F,
  0xF81F, 0xF81F, 0xF81F, 0xF81F, 0xF81F, 0xF81F, 0xF81F, 0xF81F, 0xF81F, 0xF81F, 0xF81F, 0xF81F, 0xF81F, 0xF81F, 0xF81F, 0xF81F,
  0xA514, 0x8430, 0xD69A, 0x9492, 0x6B4D, 0x83CE, 0x8C0F, 0x83EF, 0x9CB2, 0xC638, 0xDEDB, 0xDEDA, 0xD6BA, 0xDEFB, 0xCE39, 0xF81F,
  0xF81F, 0xF81F, 0xF81F, 0xF81F, 0xF81F, 0xF81F, 0xF81F, 0xF81F, 0xF81F, 0xF81F, 0xF81F, 0xF81F, 0xF81F, 0xF81F, 0xF81F, 0xF81F,
  0xF81F, 0x8431, 0x7BEF, 0xC638, 0xAD34, 0x736D, 0x7BAE, 0x8C0F, 0x840F, 0x8C30, 0xAD55, 0xCE59, 0xD6BA, 0xDEBA, 0xB5B6, 0xF81F,
  0xF81F, 0xF81F, 0xF81F, 0xF81F, 0xF81F, 0xF81F, 0xF81F, 0xF81F, 0xF81F, 0xF81F, 0xF81F, 0xF81F, 0xF81F, 0xF81F, 0xF81F, 0xF81F,
  0xF81F, 0xF81F, 0xF81F, 0x5AEB, 0xA534, 0xC617, 0x8C50, 0x736D, 0x83CE, 0x8C0F, 0x8C30, 0x9471, 0xAD34, 0xB5B6, 0xBDD7, 0xF81F,
  0xF81F, 0xF81F, 0xF81F, 0xF81F, 0xF81F, 0xF81F, 0xF81F, 0xF81F, 0xF81F, 0xF81F, 0xF81F, 0xF81F, 0xF81F, 0xF81F, 0xF81F, 0xF81F,
  0xF81F, 0xF81F, 0xF81F, 0xF81F, 0xA535, 0x94B2, 0xB596, 0xAD75, 0x8C30, 0x83CE, 0x83EF, 0x8C30, 0x9471, 0xBDD6, 0xB596, 0xF81F,
  0xF81F, 0xF81F, 0xF81F, 0xF81F, 0xF81F, 0xF81F, 0xF81F, 0xF81F, 0xF81F, 0xF81F, 0xF81F, 0xF81F, 0xF81F, 0xF81F, 0xF81F, 0xF81F,
  0xF81F, 0xF81F, 0xF81F, 0xF81F, 0xF81F, 0xF81F, 0x73AF, 0x8C51, 0xA534, 0xAD75, 0xA4F3, 0x9CB2, 0x9CD2, 0x94B2, 0xF81F, 0xF81F,
  0xF81F, 0xF81F, 0xF81F, 0xF81F, 0xF81F, 0xF81F, 0xF81F, 0xF81F, 0xF81F, 0xF81F, 0xF81F, 0xF81F, 0xF81F, 0xF81F, 0xF81F, 0xF81F,
  0xF81F, 0xF81F, 0xF81F, 0xF81F, 0xF81F, 0xF81F, 0xF81F, 0xF81F, 0x94B3, 0x94B3, 0x8410, 0x8430, 0xA514, 0xF81F, 0xF81F, 0xF81F,
};

const uint16_t icon_coat[1024] PROGMEM = {
  0xF81F, 0xF81F, 0xF81F, 0xF81F, 0xF81F, 0xF81F, 0xF81F, 0xF81F, 0xF81F, 0xF81F, 0xF81F, 0xF81F, 0xF81F, 0xF81F, 0xBCAC, 0xABA7,
  0xB408, 0xCDB2, 0xF81F, 0xF81F, 0xF81F, 0xF81F, 0xF81F, 0xF81F, 0xF81F, 0xF81F, 0xF81F, 0xF81F, 0xF81F, 0xF81F, 0xF81F, 0xF81F,
  0xF81F, 0xF81F, 0xF81F, 0xF81F, 0xF81F, 0xF81F, 0xF81F, 0xF81F, 0xF81F, 0xF81F, 0xF81F, 0xF81F, 0xDE77, 0xABC6, 0x8A21, 0x8221,
  0x8221, 0x92A2, 0xBCCD, 0xF81F, 0xF81F, 0xF81F, 0xF81F, 0xF81F, 0xF81F, 0xF81F, 0xF81F, 0xF81F, 0xF81F, 0xF81F, 0xF81F, 0xF81F,
  0xF81F, 0xF81F, 0xF81F, 0xF81F, 0xF81F, 0xF81F, 0xF81F, 0xF81F, 0xF81F, 0xF81F, 0xF81F, 0xCDD5, 0xD56C, 0xA365, 0x7A42, 0x9324,
  0x8AE4, 0x71E1, 0xC488, 0xD5D1, 0xC5F6, 0xF81F, 0xF81F, 0xF81F, 0xF81F, 0xF81F, 0xF81F, 0xF81F, 0xF81F, 0xF81F, 0xF81F, 0xF81F,
  0xF81F, 0xF81F, 0xF81F, 0xF81F, 0xF81F, 0xF81F, 0xF81F, 0xF81F, 0xF81F, 0xCD2C, 0xD54B, 0xD54A, 0xE5EC, 0xC4C9, 0xA3A5, 0xC4A8,
  0xBC68, 0xA3A5, 0xD56B, 0xE5AB, 0xCD0A, 0xD56C, 0xCD4D, 0xF81F, 0xF81F, 0xF81F, 0xF81F, 0xF81F, 0xF81F, 0xF81F, 0xF81F, 0xF81F,
  0xF81F, 0xF81F, 0xF81F, 0xF81F, 0xF81F, 0xF81F, 0xF81F, 0xF81F, 0xD58E, 0xF64D, 0xF64E, 0xD54A, 0xBCA9, 0xBCA9, 0xAC06, 0xBC46,
  0xB426, 0xB427, 0xBCA9, 0xCD0A, 0xE5ED, 0xF64E, 0xFE6E, 0xDE54, 0xF81F, 0xF81F, 0xF81F, 0xF81F, 0xF81F, 0xF81F, 0xF81F, 0xF81F,
  0xF81F, 0xF81F, 0xF81F, 0xF81F, 0xF81F, 0xF81F, 0xF81F, 0xD5D1, 0xFE8E, 0xE5ED, 0xEE0D, 0xD54B, 0xAC28, 0xBC89, 0xCCE9, 0xABC5,
  0xABE5, 0xC4A9, 0xBC89, 0xCD0A, 0xE5ED, 0xE5ED, 0xE5ED, 0xFE6E, 0xDE97, 0xF81F, 0xF81F, 0xF81F, 0xF81F, 0xF81F, 0xF81F, 0xF81F,
  0xF81F, 0xF81F, 0xF81F, 0xF81F, 0xF81F, 0xF81F, 0xDE56, 0xF62D, 0xEE0D, 0xE5CC, 0xEE0D, 0xEE2E, 0xEE0D, 0xDDAC, 0xDDAC, 0xB447,
  0xB406, 0xDDCC, 0xDDAC, 0xEE2E, 0xEE0D, 0xE5ED, 0xE5CC, 0xEE2E, 0xE60E, 0xF81F, 0xF81F, 0xF81F, 0xF81F, 0xF81F, 0xF81F, 0xF81F,
  0xF81F, 0xF81F, 0xF81F, 0xF81F, 0xF81F, 0xF81F, 0xDDAD, 0xF64E, 0xE5CC, 0xCCEA, 0xE5CC, 0xEE2E, 0xD58C, 0xB489, 0xD58B, 0xCD2A,
  0xCD2A, 0xCD2A, 0xB488, 0xEE0D, 0xEE2E, 0xD56B, 0xC4C9, 0xE5ED, 0xFE6E, 0xDE31, 0xF81F, 0xF81F, 0xF81F, 0xF81F, 0xF81F, 0xF81F,
  0xF81F, 0xF81F, 0xF81F, 0xF81F, 0xF81F, 0xD5D2, 0xF64D, 0xE5CC, 0xD54B, 0xABC6, 0xD54B, 0xEE2E, 0xEE4E, 0xDD8C, 0xCD0A, 0xCD2A,
  0xC4EA, 0xC4C9, 0xE5ED, 0xEE0E, 0xF64E, 0xBC89, 0xA3C6, 0xD56B, 0xE5ED, 0xF64E, 0xE6B8, 0xF81F, 0xF81F, 0xF81F, 0xF81F, 0xF81F,
  0xF81F, 0xF81F, 0xF81F, 0xF81F, 0xF81F, 0xE5AC, 0xEDED, 0xD54B, 0xBC68, 0x9304, 0xCCEA, 0xEE4E, 0xEE2D, 0xF66F, 0xEE2D, 0xBC68,
  0xCCEA, 0xF68F, 0xEE4E, 0xEE0D, 0xEE4E, 0xB448, 0x9B44, 0xBC88, 0xDD8B, 0xF62D, 0xDDEF, 0xF81F, 0xF81F, 0xF81F, 0xF81F, 0xF81F,
  0xF81F, 0xF81F, 0xF81F, 0xF81F, 0xD58F, 0xF62D, 0xDDAC, 0xC4C9, 0xA385, 0xA40C, 0xCCEA, 0xEE2D, 0xEE4E, 0xD54B, 0xC4C9, 0xD56B,
  0xEE2E, 0xCCEA, 0xE5CD, 0xEE2E, 0xF64D, 0xCD90, 0xA40C, 0xB3C6, 0xC4C9, 0xDDAC, 0xF64E, 0xDE55, 0xF81F, 0xF81F, 0xF81F, 0xF81F,
  0xF81F, 0xF81F, 0xF81F, 0xF81F, 0xDDAC, 0xEE0D, 0xD56B, 0xBC27, 0xAC2C, 0xF81F, 0xCCEA, 0xEE0D, 0xEE4E, 0xC4A9, 0xBC89, 0xEE4E,
  0xEE0D, 0xBC68, 0xDDAC, 0xEE0D, 0xEE2D, 0xD5D2, 0xF81F, 0x9B45, 0xB427, 0xD52A, 0xE5CC, 0xDDAD, 0xF81F, 0xF81F, 0xF81F, 0xF81F,
  0xF81F, 0xF81F, 0xF81F, 0xD5B1, 0xD50A, 0xC4A9, 0xCCEA, 0xABE7, 0xF81F, 0xF81F, 0xC4CA, 0xEE0D, 0xE5ED, 0xDDAC, 0xE5ED, 0xE5EC,
  0xE5CC, 0xEE0D, 0xE5ED, 0xE5CD, 0xE5EC, 0xC570, 0xF81F, 0xC5B4, 0xA386, 0xB407, 0xCD0A, 0xE5CC, 0xDE55, 0xF81F, 0xF81F, 0xF81F,
  0xF81F, 0xF81F, 0xF81F, 0xBCED, 0xD52A, 0xC4A9, 0xB427, 0xCE16, 0xF81F, 0xF81F, 0xBCAA, 0xEE0D, 0xDDAC, 0xDD6B, 0xE5CC, 0xDDAC,
  0xDDAC, 0xDDAC, 0xDDAC, 0xDDAC, 0xDD8B, 0xC571, 0xF81F, 0xF81F, 0xC531, 0xDD4A, 0xDDAC, 0xEE0D, 0xD5D0, 0xF81F, 0xF81F, 0xF81F,
  0xF81F, 0xF81F, 0xF81F, 0xBCEC, 0xDD6B, 0xDD8B, 0xC4A9, 0xF81F, 0xF81F, 0xF81F, 0xB46A, 0xE5CC, 0xDDAC, 0xCCEA, 0xD54B, 0xDD8B,
  0xDD8B, 0xCD0A, 0xD54B, 0xDD8C, 0xDD6B, 0xC571, 0xF81F, 0xF81F, 0xD615, 0xE5AC, 0xE5ED, 0xF62D, 0xDE12, 0xF81F, 0xF81F, 0xF81F,
  0xF81F, 0xF81F, 0xF81F, 0xBCCC, 0xD54A, 0xD54B, 0xCCEA, 0xF81F, 0xF81F, 0xF81F, 0xA3E9, 0xC4A9, 0xC4A9, 0x9B65, 0xABE6, 0xCD0A,
  0xCD0A, 0xA365, 0xC4A9, 0xCD0A, 0xBC68, 0xB511, 0xF81F, 0xF81F, 0xCD92, 0xE5AB, 0xE5ED, 0xEE2D, 0xD634, 0xF81F, 0xF81F, 0xF81F,
  0xF81F, 0xF81F, 0xF81F, 0xBD0E, 0xD52A, 0xDD8C, 0xDD4A, 0xD637, 0xF81F, 0xF81F, 0xA409, 0xABC6, 0xABC6, 0xABE7, 0xABE7, 0xABC6,
  0xABC6, 0xBC68, 0xC4A9, 0xB448, 0xA385, 0xBD11, 0xF81F, 0xF81F, 0xCD70, 0xEDEC, 0xEE0D, 0xE5CC, 0xD657, 0xF81F, 0xF81F, 0xF81F,
  0xF81F, 0xF81F, 0xF81F, 0xC572, 0xC488, 0xD52B, 0xDD8B, 0xD5F3, 0xF81F, 0xF81F, 0xAC6B, 0xBC48, 0xAC07, 0xABE6, 0xABE7, 0xABE7,
  0xABE7, 0xA3A6, 0xA366, 0xABE7, 0xBC67, 0xC572, 0xF81F, 0xF81F, 0xC50D, 0xDD6B, 0xCD2A, 0xC4A9, 0xF81F, 0xF81F, 0xF81F, 0xF81F,
  0xF81F, 0xF81F, 0xF81F, 0xAC4C, 0xA385, 0xC4C9, 0xE58B, 0xC54F, 0xF81F, 0xF81F, 0xBCCB, 0xD52A, 0xD54B, 0xDD8B, 0xD58B, 0xD54B,
  0xBC68, 0xB448, 0xD56B, 0xC4C9, 0xC468, 0xCDB1, 0xF81F, 0xF81F, 0xC4EA, 0xD54B, 0xBC89, 0xA365, 0xC593, 0xF81F, 0xF81F, 0xF81F,
  0xF81F, 0xF81F, 0xF81F, 0xBD73, 0x9B85, 0xD54B, 0xFE8E, 0xDDEF, 0xF81F, 0xF81F, 0xBC48, 0xB448, 0xD54B, 0xC488, 0xC4C9, 0xD58B,
  0xABE7, 0xA386, 0xD58B, 0xBCA9, 0xB407, 0xC50E, 0xF81F, 0xF81F, 0xEE2D, 0xEE2E, 0xDD6B, 0xB44B, 0xF81F, 0xF81F, 0xF81F, 0xF81F,
  0xF81F, 0xF81F, 0xF81F, 0xF81F, 0xB44A, 0xCCC9, 0xBC68, 0xA3C6, 0xF81F, 0xD616, 0xBC48, 0xCD0A, 0xD54B, 0xBC88, 0xC4E9, 0xC4E9,
  0xA3A6, 0xA3A6, 0xD56B, 0xCD2A, 0xA365, 0xB46A, 0xF81F, 0xC592, 0xC468, 0xB448, 0xCCE9, 0xCDD5, 0xF81F, 0xF81F, 0xF81F, 0xF81F,
  0xF81F, 0xF81F, 0xF81F, 0xF81F, 0xC572, 0xA386, 0xB44C, 0xF81F, 0xF81F, 0xC551, 0xCCE9, 0xDD6B, 0xCD2A, 0xDD8B, 0xDDAC, 0xB447,
  0xA385, 0xC4EA, 0xE5CC, 0xD54A, 0xBCA9, 0xB449, 0xF81F, 0xF81F, 0xBD0F, 0xA3A8, 0xA3C8, 0xF81F, 0xF81F, 0xF81F, 0xF81F, 0xF81F,
  0xF81F, 0xF81F, 0xF81F, 0xF81F, 0xF81F, 0xF81F, 0xF81F, 0xF81F, 0xF81F, 0xBCEE, 0xDD6B, 0xD56B, 0xD54B, 0xD58B, 0xD54B, 0xABE6,
  0x9B65, 0xC4EA, 0xDD8B, 0xD56B, 0xDDAC, 0xBCA9, 0xF81F, 0xF81F, 0xF81F, 0xF81F, 0xF81F, 0xF81F, 0xF81F, 0xF81F, 0xF81F, 0xF81F,
  0xF81F, 0xF81F, 0xF81F, 0xF81F, 0xF81F, 0xF81F, 0xF81F, 0xF81F, 0xF81F, 0xBCEC, 0xDD4B, 0xD54B, 0xCD2A, 0xD54B, 0xD54B, 0x9B45,
  0x9345, 0xD52A, 0xD56B, 0xD56B, 0xD54B, 0xD52A, 0xF81F, 0xF81F, 0xF81F, 0xF81F, 0xF81F, 0xF81F, 0xF81F, 0xF81F, 0xF81F, 0xF81F,
  0xF81F, 0xF81F, 0xF81F, 0xF81F, 0xF81F, 0xF81F, 0xF81F, 0xF81F, 0xF81F, 0xC4CA, 0xD52A, 0xCD2A, 0xCD0A, 0xABE7, 0xBC68, 0xCCEA,
  0xCD0A, 0xABA6, 0xCCE9, 0xD56B, 0xD54B, 0xD54A, 0xD636, 0xF81F, 0xF81F, 0xF81F, 0xF81F, 0xF81F, 0xF81F, 0xF81F, 0xF81F, 0xF81F,
  0xF81F, 0xF81F, 0xF81F, 0xF81F, 0xF81F, 0xF81F, 0xF81F, 0xF81F, 0xF81F, 0xBCA9, 0xCD0A, 0xCD2A, 0xBC89, 0xCCEA, 0xCD2A, 0xD54B,
  0xD54B, 0xCD0A, 0xD52A, 0xD52A, 0xCD2A, 0xD54A, 0xCDF4, 0xF81F, 0xF81F, 0xF81F, 0xF81F, 0xF81F, 0xF81F, 0xF81F, 0xF81F, 0xF81F,
  0xF81F, 0xF81F, 0xF81F, 0xF81F, 0xF81F, 0xF81F, 0xF81F, 0xF81F, 0xF81F, 0xC4C9, 0xC4E9, 0xCD0A, 0xB448, 0xCCEA, 0xCD2A, 0xCD0A,
  0xCD0A, 0xCD2A, 0xCD0A, 0xCD0A, 0xCD0A, 0xD52A, 0xCDB3, 0xF81F, 0xF81F, 0xF81F, 0xF81F, 0xF81F, 0xF81F, 0xF81F, 0xF81F, 0xF81F,
  0xF81F, 0xF81F, 0xF81F, 0xF81F, 0xF81F, 0xF81F, 0xF81F, 0xF81F, 0xD616, 0xC4C9, 0xC4C9, 0xC4C9, 0xAC07, 0xC4A9, 0xCCE9, 0xC4E9,
  0xC4E9, 0xC4C9, 0xC4C9, 0xC4C9, 0xC4C9, 0xD509, 0xC571, 0xF81F, 0xF81F, 0xF81F, 0xF81F, 0xF81F, 0xF81F, 0xF81F, 0xF81F, 0xF81F,
  0xF81F, 0xF81F, 0xF81F, 0xF81F, 0xF81F, 0xF81F, 0xF81F, 0xF81F, 0xCDD4, 0xC488, 0xBC89, 0xC488, 0xABC6, 0xBC88, 0xC4A9, 0xC4A9,
  0xC4A9, 0xC4A9, 0xBC88, 0xBC88, 0xBCA9, 0xCCC9, 0xC550, 0xF81F, 0xF81F, 0xF81F, 0xF81F, 0xF81F, 0xF81F, 0xF81F, 0xF81F, 0xF81F,
  0xF81F, 0xF81F, 0xF81F, 0xF81F, 0xF81F, 0xF81F, 0xF81F, 0xF81F, 0xC593, 0xC488, 0xB428, 0xBC48, 0xA3A6, 0xB448, 0xBC68, 0xBC48,
  0xBC48, 0xBC68, 0xBC68, 0xBC48, 0xBC68, 0xC488, 0xBCED, 0xF81F, 0xF81F, 0xF81F, 0xF81F, 0xF81F, 0xF81F, 0xF81F, 0xF81F, 0xF81F,
  0xF81F, 0xF81F, 0xF81F, 0xF81F, 0xF81F, 0xF81F, 0xF81F, 0xF81F, 0xF81F, 0xB46B, 0xAC07, 0xB407, 0xA386, 0xB427, 0xBC27, 0xBC47,
  0xBC47, 0xBC47, 0xBC47, 0xBC48, 0xBC47, 0xBC47, 0xBD30, 0xF81F, 0xF81F, 0xF81F, 0xF81F, 0xF81F, 0xF81F, 0xF81F, 0xF81F, 0xF81F,
  0xF81F, 0xF81F, 0xF81F, 0xF81F, 0xF81F, 0xF81F, 0xF81F, 0xF81F, 0xF81F, 0xF81F, 0xF81F, 0xF81F, 0xC573, 0xB44B, 0xAC4A, 0xAC6B,
  0xB48C, 0xBCAD, 0xBCEF, 0xC551, 0xCDD4, 0xF81F, 0xF81F, 0xF81F, 0xF81F, 0xF81F, 0xF81F, 0xF81F, 0xF81F, 0xF81F, 0xF81F, 0xF81F,
};

const uint16_t icon_pajamas[1024] PROGMEM = {
  0xF81F, 0xF81F, 0xF81F, 0xF81F, 0xF81F, 0xF81F, 0xF81F, 0xF81F, 0xF81F, 0xF81F, 0xBC55, 0xC4F7, 0xF81F, 0xF81F, 0xF81F, 0xF81F,
  0xF81F, 0xF81F, 0xF81F, 0xF81F, 0xC517, 0xC4B6, 0xF81F, 0xF81F, 0xF81F, 0xF81F, 0xF81F, 0xF81F, 0xF81F, 0xF81F, 0xF81F, 0xF81F,
  0xF81F, 0xF81F, 0xF81F, 0xF81F, 0xF81F, 0xF81F, 0xF81F, 0xF81F, 0xD539, 0xCC16, 0xD417, 0xBBB5, 0xD457, 0xDC98, 0xDCD8, 0xD4D8,
  0xD4D8, 0xDCD8, 0xDC98, 0xD457, 0xBBB4, 0xD437, 0xD417, 0xD538, 0xF81F, 0xF81F, 0xF81F, 0xF81F, 0xF81F, 0xF81F, 0xF81F, 0xF81F,
  0xF81F, 0xF81F, 0xF81F, 0xF81F, 0xF81F, 0xF81F, 0xDCF9, 0xDC57, 0xE479, 0xDC58, 0xDC78, 0xBB94, 0xBB94, 0xD416, 0xBB74, 0x9AB0,
  0x9AB0, 0xBB74, 0xCBF6, 0xBB94, 0xB393, 0xDC78, 0xDC58, 0xEC99, 0xDC57, 0xD4B8, 0xF81F, 0xF81F, 0xF81F, 0xF81F, 0xF81F, 0xF81F,
  0xF81F, 0xF81F, 0xF81F, 0xF81F, 0xF81F, 0xDCD8, 0xE479, 0xECD9, 0xED1A, 0xE4B9, 0xECB9, 0xCBF6, 0xB353, 0xC3B5, 0xC3B5, 0xC3B5,
  0xC3B5, 0xC3B5, 0xC395, 0xB353, 0xCBF6, 0xECD9, 0xECDA, 0xF53B, 0xECFA, 0xE459, 0xDCB8, 0xF81F, 0xF81F, 0xF81F, 0xF81F, 0xF81F,
  0xF81F, 0xF81F, 0xF81F, 0xF81F, 0xE539, 0xE478, 0xE4B9, 0xF53B, 0xF55B, 0xF55B, 0xECDA, 0xECDA, 0xBBB4, 0xBB54, 0xC394, 0xC394,
  0xC394, 0xBB74, 0xB353, 0xBB94, 0xECDA, 0xECDA, 0xF53B, 0xF55B, 0xF55B, 0xE4B9, 0xEC78, 0xED5A, 0xF81F, 0xF81F, 0xF81F, 0xF81F,
  0xF81F, 0xF81F, 0xF81F, 0xE55A, 0xEC98, 0xE498, 0xF53A, 0xED1A, 0xF55B, 0xF57C, 0xF53B, 0xECDA, 0xE4D9, 0xCBD6, 0xBB54, 0xBB74,
  0xBB74, 0xBB53, 0xCBD5, 0xE4D9, 0xECD9, 0xF53B, 0xF55B, 0xF55B, 0xF53B, 0xF53B, 0xE498, 0xECB9, 0xED9B, 0xF81F, 0xF81F, 0xF81F,
  0xF81F, 0xF81F, 0xD4F8, 0xF4F9, 0xDC36, 0xF57B, 0xF57B, 0xECDA, 0xF53B, 0xFD7C, 0xFD9C, 0xF53B, 0xECFA, 0xED1A, 0xBB74, 0xBB53,
  0xBB53, 0xBB74, 0xECFA, 0xECFA, 0xF53B, 0xFD9C, 0xFD9C, 0xF55B, 0xECFA, 0xF57B, 0xF57B, 0xDC36, 0xF51A, 0xE57A, 0xF81F, 0xF81F,
  0xF81F, 0xF81F, 0xC456, 0xEC78, 0xECF9, 0xFDBC, 0xF55B, 0xE4B9, 0xECFA, 0xFD9C, 0xFD9C, 0xFD9C, 0xF53B, 0xF53B, 0xCBF6, 0xB313,
  0xB313, 0xCBF6, 0xF53B, 0xF55B, 0xFD9C, 0xFDBC, 0xFDBC, 0xF51B, 0xECD9, 0xF55B, 0xFD9C, 0xECF9, 0xE478, 0xD518, 0xF81F, 0xF81F,
  0xF81F, 0xF81F, 0xF81F, 0xD4B7, 0xFDDD, 0xF57B, 0xF55B, 0xE4B9, 0xE479, 0xFD7C, 0xFD9C, 0xFD9C, 0xFD9C, 0xF55B, 0xE4B9, 0xB312,
  0xB312, 0xE4B8, 0xF57B, 0xFD9C, 0xFDBC, 0xFDBC, 0xFDBC, 0xECFA, 0xECD9, 0xF55B, 0xF57B, 0xFDBC, 0xD436, 0xF81F, 0xF81F, 0xF81F,
  0xF81F, 0xF81F, 0xF81F, 0xF81F, 0xD4F8, 0xFD9C, 0xFD9C, 0xE4B9, 0xDC37, 0xF55B, 0xFDBC, 0xFD9C, 0xFDBD, 0xF57C, 0xF55B, 0xBB53,
  0xBB53, 0xF55B, 0xF57C, 0xFDBD, 0xFDBC, 0xFDBC, 0xFDBC, 0xE4B9, 0xE4B9, 0xFD7C, 0xFD9C, 0xCC57, 0xC558, 0xF81F, 0xF81F, 0xF81F,
  0xF81F, 0xF81F, 0xF81F, 0xF81F, 0xF81F, 0xD497, 0xECDA, 0xD3F6, 0xD416, 0xF51A, 0xFD9C, 0xFDBC, 0xFDBD, 0xFD9C, 0xFDBD, 0xCBD5,
  0xC3F5, 0xFDDD, 0xFD9C, 0xFDBD, 0xFDBC, 0xFDBC, 0xFD9C, 0xDC78, 0xCBF6, 0xF4FB, 0xD4F8, 0xF81F, 0xF81F, 0xF81F, 0xF81F, 0xF81F,
  0xF81F, 0xF81F, 0xF81F, 0xF81F, 0xF81F, 0xF81F, 0xD5DA, 0xBCB6, 0xCBD5, 0xECFA, 0xFD9C, 0xFDBC, 0xFDBD, 0xFDBD, 0xFDDD, 0xE4F9,
  0xE4F9, 0xFDDD, 0xFDBD, 0xFDBD, 0xFDBC, 0xFDBC, 0xFD7C, 0xCC16, 0xBCB6, 0xD599, 0xF81F, 0xF81F, 0xF81F, 0xF81F, 0xF81F, 0xF81F,
  0xF81F, 0xF81F, 0xF81F, 0xF81F, 0xF81F, 0xF81F, 0xF81F, 0xF81F, 0xC435, 0xF4D9, 0xFD7C, 0xFDBC, 0xFDBD, 0xFDBD, 0xFDBC, 0xFDBC,
  0xFD9C, 0xFDBC, 0xFDBD, 0xFDBD, 0xFDBC, 0xFDBC, 0xFD3B, 0xCC56, 0xF81F, 0xF81F, 0xF81F, 0xF81F, 0xF81F, 0xF81F, 0xF81F, 0xF81F,
  0xF81F, 0xF81F, 0xF81F, 0xF81F, 0xF81F, 0xF81F, 0xF81F, 0xF81F, 0xCCD7, 0xECB9, 0xF55B, 0xFD9C, 0xFDBD, 0xFDBD, 0xFDBD, 0xFDBC,
  0xF57B, 0xFDBD, 0xFDBD, 0xFDBC, 0xFDBC, 0xFD9C, 0xF51A, 0xCCF7, 0xF81F, 0xF81F, 0xF81F, 0xF81F, 0xF81F, 0xF81F, 0xF81F, 0xF81F,
  0xF81F, 0xF81F, 0xF81F, 0xF81F, 0xF81F, 0xF81F, 0xF81F, 0xF81F, 0xD558, 0xEC99, 0xF53B, 0xFD9C, 0xFD9C, 0xFDBD, 0xFDBD, 0xFDBC,
  0xFDBC, 0xFDBD, 0xFDBD, 0xFD9C, 0xFD9C, 0xFD7C, 0xF4D9, 0xD558, 0xF81F, 0xF81F, 0xF81F, 0xF81F, 0xF81F, 0xF81F, 0xF81F, 0xF81F,
  0xF81F, 0xF81F, 0xF81F, 0xF81F, 0xF81F, 0xF81F, 0xF81F, 0xF81F, 0xDDDA, 0xEC99, 0xED1A, 0xFD9C, 0xFD9C, 0xFD9C, 0xFDBC, 0xFDBD,
  0xFDBD, 0xFDBD, 0xFDBD, 0xFD9C, 0xFD9C, 0xF55B, 0xEC99, 0xD5B9, 0xF81F, 0xF81F, 0xF81F, 0xF81F, 0xF81F, 0xF81F, 0xF81F, 0xF81F,
  0xF81F, 0xF81F, 0xF81F, 0xF81F, 0xF81F, 0xF81F, 0xF81F, 0xF81F, 0xDE1B, 0xEC98, 0xECDA, 0xFD7C, 0xFD9C, 0xFD9C, 0xFD9C, 0xFDBC,
  0xFDBC, 0xFDBC, 0xFD9C, 0xFD9C, 0xFD9C, 0xF51A, 0xE478, 0xDDFA, 0xF81F, 0xF81F, 0xF81F, 0xF81F, 0xF81F, 0xF81F, 0xF81F, 0xF81F,
  0xF81F, 0xF81F, 0xF81F, 0xF81F, 0xF81F, 0xF81F, 0xF81F, 0xF81F, 0xE63B, 0xEC78, 0xECB9, 0xF55B, 0xFD7C, 0xFD9C, 0xFD9C, 0xFD9C,
  0xFDBC, 0xFD9C, 0xFD9C, 0xFD9C, 0xFD7C, 0xECD9, 0xE458, 0xDDFA, 0xF81F, 0xF81F, 0xF81F, 0xF81F, 0xF81F, 0xF81F, 0xF81F, 0xF81F,
  0xF81F, 0xF81F, 0xF81F, 0xF81F, 0xF81F, 0xF81F, 0xF81F, 0xF81F, 0xE61B, 0xEC78, 0xECB9, 0xF53B, 0xFD7C, 0xFD7C, 0xFD7C, 0xFD9C,
  0xFD9C, 0xFD9C, 0xFD9C, 0xFD7C, 0xF55B, 0xE498, 0xE478, 0xE5FB, 0xF81F, 0xF81F, 0xF81F, 0xF81F, 0xF81F, 0xF81F, 0xF81F, 0xF81F,
  0xF81F, 0xF81F, 0xF81F, 0xF81F, 0xF81F, 0xF81F, 0xF81F, 0xF81F, 0xDDBA, 0xEC78, 0xEC98, 0xF53B, 0xF55B, 0xFD7C, 0xFD7C, 0xFD7C,
  0xFD9C, 0xFD9C, 0xFD7C, 0xFD7C, 0xF53B, 0xE478, 0xEC78, 0xDDBA, 0xF81F, 0xF81F, 0xF81F, 0xF81F, 0xF81F, 0xF81F, 0xF81F, 0xF81F,
  0xF81F, 0xF81F, 0xF81F, 0xF81F, 0xF81F, 0xF81F, 0xF81F, 0xF81F, 0xDD79, 0xEC58, 0xE498, 0xF51B, 0xF55B, 0xF55C, 0xF57C, 0xF57C,
  0xFD7C, 0xFD7C, 0xFD7C, 0xF57C, 0xF51A, 0xE478, 0xE458, 0xDD9A, 0xF81F, 0xF81F, 0xF81F, 0xF81F, 0xF81F, 0xF81F, 0xF81F, 0xF81F,
  0xF81F, 0xF81F, 0xF81F, 0xF81F, 0xF81F, 0xF81F, 0xF81F, 0xF81F, 0xDD19, 0xE437, 0xEC98, 0xF51A, 0xF53B, 0xF55B, 0xF55C, 0xF57C,
  0xF57C, 0xF57C, 0xF57C, 0xF55B, 0xECDA, 0xE478, 0xE458, 0xDD39, 0xF81F, 0xF81F, 0xF81F, 0xF81F, 0xF81F, 0xF81F, 0xF81F, 0xF81F,
  0xF81F, 0xF81F, 0xF81F, 0xF81F, 0xF81F, 0xF81F, 0xF81F, 0xF81F, 0xD4B7, 0xE437, 0xECB9, 0xF4FA, 0xF51B, 0xF55B, 0xF55B, 0xF55B,
  0xF55C, 0xF55C, 0xF55B, 0xF51B, 0xECDA, 0xE478, 0xE437, 0xDCD8, 0xF81F, 0xF81F, 0xF81F, 0xF81F, 0xF81F, 0xF81F, 0xF81F, 0xF81F,
  0xF81F, 0xF81F, 0xF81F, 0xF81F, 0xF81F, 0xF81F, 0xF81F, 0xF81F, 0xD436, 0xE457, 0xECB9, 0xECDA, 0xF51A, 0xF55B, 0xF55B, 0xF55B,
  0xF55B, 0xF55B, 0xF55B, 0xF51B, 0xECB9, 0xE478, 0xDC17, 0xD456, 0xF81F, 0xF81F, 0xF81F, 0xF81F, 0xF81F, 0xF81F, 0xF81F, 0xF81F,
  0xF81F, 0xF81F, 0xF81F, 0xF81F, 0xF81F, 0xF81F, 0xF81F, 0xF81F, 0xDC16, 0xE458, 0xECB9, 0xEC99, 0xF4FA, 0xF53B, 0xF53B, 0xF53B,
  0xF53B, 0xF55B, 0xF55B, 0xF4FA, 0xECB9, 0xECB9, 0xE437, 0xD416, 0xF81F, 0xF81F, 0xF81F, 0xF81F, 0xF81F, 0xF81F, 0xF81F, 0xF81F,
  0xF81F, 0xF81F, 0xF81F, 0xF81F, 0xF81F, 0xF81F, 0xF81F, 0xDE1A, 0xE437, 0xEC99, 0xECB9, 0xE479, 0xECDA, 0xF53B, 0xF53B, 0xF53B,
  0xF53B, 0xF53B, 0xF53B, 0xF4FA, 0xEC99, 0xECDA, 0xEC99, 0xDBF6, 0xDE1A, 0xF81F, 0xF81F, 0xF81F, 0xF81F, 0xF81F, 0xF81F, 0xF81F,
  0xF81F, 0xF81F, 0xF81F, 0xF81F, 0xF81F, 0xF81F, 0xF81F, 0xD538, 0xEC58, 0xECDA, 0xECB9, 0xE458, 0xECDA, 0xF53B, 0xF51B, 0xF51B,
  0xF51B, 0xF51B, 0xF53B, 0xF4FA, 0xEC79, 0xECB9, 0xECB9, 0xDBF7, 0xCD17, 0xF81F, 0xF81F, 0xF81F, 0xF81F, 0xF81F, 0xF81F, 0xF81F,
  0xF81F, 0xF81F, 0xF81F, 0xF81F, 0xF81F, 0xF81F, 0xF81F, 0xCC35, 0xEC58, 0xECDA, 0xEC99, 0xE458, 0xECDA, 0xF51B, 0xF4FB, 0xECFA,
  0xF4FA, 0xF51A, 0xF51B, 0xECFA, 0xE458, 0xEC99, 0xECD9, 0xDC17, 0xBBF4, 0xF81F, 0xF81F, 0xF81F, 0xF81F, 0xF81F, 0xF81F, 0xF81F,
  0xF81F, 0xF81F, 0xF81F, 0xF81F, 0xF81F, 0xF81F, 0xF81F, 0xCB94, 0xE458, 0xECB9, 0xE478, 0xE438, 0xECBA, 0xECFA, 0xECFA, 0xECFA,
  0xECFA, 0xECFA, 0xECFA, 0xECDA, 0xE458, 0xE458, 0xECB9, 0xDBF7, 0xB312, 0xF81F, 0xF81F, 0xF81F, 0xF81F, 0xF81F, 0xF81F, 0xF81F,
  0xF81F, 0xF81F, 0xF81F, 0xF81F, 0xF81F, 0xF81F, 0xF81F, 0xB353, 0xEC59, 0xF4DA, 0xEC79, 0xE458, 0xF4FA, 0xF51B, 0xF4FA, 0xECFA,
  0xECFA, 0xF4FA, 0xF51B, 0xF4FB, 0xE458, 0xE478, 0xECB9, 0xE418, 0xAAF2, 0xF81F, 0xF81F, 0xF81F, 0xF81F, 0xF81F, 0xF81F, 0xF81F,
  0xF81F, 0xF81F, 0xF81F, 0xF81F, 0xF81F, 0xF81F, 0xF81F, 0xF81F, 0xCCF8, 0xCBD5, 0xCB95, 0xCB75, 0xDC17, 0xDC57, 0xDC38, 0xE458,
  0xE478, 0xE479, 0xE478, 0xDC17, 0xCB95, 0xCB95, 0xCBB5, 0xC456, 0xF81F, 0xF81F, 0xF81F, 0xF81F, 0xF81F, 0xF81F, 0xF81F, 0xF81F,
  0xF81F, 0xF81F, 0xF81F, 0xF81F, 0xF81F, 0xF81F, 0xF81F, 0xF81F, 0xF81F, 0xF81F, 0xC537, 0xB3F4, 0xA311, 0x9AB0, 0x9AB0, 0xA331,
  0xAB93, 0xB3F4, 0xB434, 0xB414, 0xBC55, 0xC4F7, 0xF81F, 0xF81F, 0xF81F, 0xF81F, 0xF81F, 0xF81F, 0xF81F, 0xF81F, 0xF81F, 0xF81F,
};

const uint16_t icon_laundry[1024] PROGMEM = {
  0xF81F, 0xF81F, 0xF81F, 0xF81F, 0xF81F, 0xF81F, 0xF81F, 0xF81F, 0xF81F, 0xF81F, 0xF81F, 0xF81F, 0xF81F, 0xF81F, 0xF81F, 0xF81F,
  0xF81F, 0xF81F, 0xF81F, 0xF81F, 0xF81F, 0xF81F, 0xF81F, 0xF81F, 0xF81F, 0xF81F, 0xF81F, 0xF81F, 0xF81F, 0xF81F, 0xF81F, 0xF81F,
  0xF81F, 0xF81F, 0xF81F, 0xB575, 0x6B0A, 0x5226, 0x5A88, 0x9471, 0xF81F, 0xF81F, 0xF81F, 0xF81F, 0xF81F, 0xF81F, 0xF81F, 0xF81F,
  0xF81F, 0xF81F, 0xF81F, 0xF81F, 0xF81F, 0xF81F, 0xF81F, 0xF81F, 0xF81F, 0xF81F, 0xF81F, 0xF81F, 0xF81F, 0xF81F, 0xF81F, 0xF81F,
  0xF81F, 0xF81F, 0xF81F, 0x49E5, 0x41A4, 0x3984, 0x3984, 0x41A4, 0x5267, 0xF81F, 0xF81F, 0xF81F, 0xF81F, 0xF81F, 0xF81F, 0xF81F,
  0xF81F, 0xF81F, 0xF81F, 0xF81F, 0xF81F, 0xF81F, 0xF81F, 0xF81F, 0xF81F, 0xF81F, 0xF81F, 0xF81F, 0xF81F, 0xF81F, 0xF81F, 0xF81F,
  0xF81F, 0xF81F, 0x734C, 0x49C5, 0x738D, 0xF81F, 0xF81F, 0xF81F, 0x3984, 0x4A06, 0xF81F, 0xF81F, 0xF81F, 0xF81F, 0xF81F, 0xF81F,
  0xF81F, 0xF81F, 0xF81F, 0xF81F, 0xF81F, 0xF81F, 0xF81F, 0xF81F, 0xF81F, 0xF81F, 0xF81F, 0xF81F, 0xF81F, 0xF81F, 0xF81F, 0xF81F,
  0xF81F, 0xF81F, 0x5247, 0x41C5, 0xF81F, 0xF81F, 0xF81F, 0xF81F, 0xF81F, 0x3963, 0x7BAE, 0xF81F, 0xF81F, 0xF81F, 0xF81F, 0xF81F,
  0xF81F, 0xF81F, 0xF81F, 0xF81F, 0xF81F, 0xF81F, 0xF81F, 0xF81F, 0xF81F, 0xF81F, 0xF81F, 0xF81F, 0xF81F, 0xF81F, 0xF81F, 0xF81F,
  0xF81F, 0xF81F, 0x4A06, 0x5A89, 0xF81F, 0xF81F, 0xF81F, 0xF81F, 0xF81F, 0x840F, 0x2902, 0xF81F, 0xF81F, 0xF81F, 0xF81F, 0xF81F,
  0xF81F, 0xDEFC, 0xDEDC, 0xD6BB, 0xD6DC, 0xF81F, 0xF81F, 0xF81F, 0xF81F, 0xF81F, 0x8C2F, 0x62A8, 0x5247, 0x83CE, 0xF81F, 0xF81F,
  0xF81F, 0xF81F, 0x5226, 0x5A68, 0xF81F, 0xF81F, 0xF81F, 0xF81F, 0xF81F, 0xF81F, 0x3143, 0x9471, 0xF81F, 0xD616, 0xC553, 0xCE38,
  0xDEFC, 0xEF9E, 0xEF9E, 0xEF9E, 0xDF1C, 0xB5D7, 0xBDD8, 0xF81F, 0xF81F, 0x62A8, 0x5205, 0x3143, 0x39A5, 0x3143, 0x62CA, 0xF81F,
  0xF81F, 0xF81F, 0x62C9, 0x41A5, 0xF81F, 0xF81F, 0xF81F, 0xF81F, 0xCDB4, 0xB48E, 0x8B27, 0x7AC6, 0x6A65, 0x6A86, 0xC5D5, 0xEF9E,
  0xE73D, 0xC659, 0xCE7A, 0xAD76, 0x8C72, 0xAD56, 0xC65A, 0xB5B7, 0x6287, 0x49C4, 0x736D, 0xF81F, 0xF81F, 0x8410, 0x3143, 0xF81F,
  0xF81F, 0xF81F, 0x83EF, 0x3943, 0xCDF6, 0xD5B2, 0xB46B, 0xAC0A, 0xAC8D, 0xACD0, 0xA4D2, 0xA534, 0xA514, 0xBDF8, 0xEF9F, 0xD6DB,
  0xAD76, 0x9CF4, 0x8452, 0x8C72, 0xB5F8, 0xCEBB, 0xD6DC, 0x9491, 0x4183, 0x5206, 0x9BEC, 0xA46F, 0xF81F, 0xF81F, 0x3964, 0x8C30,
  0xF81F, 0xF81F, 0xB511, 0xC4CC, 0xAC09, 0x93CA, 0xBD74, 0xDEDB, 0xEF9F, 0xF7DF, 0xFFFF, 0xFFFF, 0xFFFF, 0xFFFF, 0xEF9E, 0xEF7E,
  0xE73D, 0xCE9A, 0xAD76, 0x9D55, 0x94D4, 0x8CB3, 0x8CB3, 0x5A26, 0x39A4, 0x94D4, 0xB5D8, 0xAD54, 0x9C0C, 0xA40C, 0x41C5, 0x83F0,
  0xD658, 0xC4EE, 0xCCED, 0x6A86, 0x7BAE, 0xE73D, 0xF7BF, 0xE75E, 0xD6FC, 0xCEBB, 0xBE19, 0xD6DB, 0xE77E, 0xE73D, 0xDF1C, 0xD6DB,
  0xCE9A, 0xC67A, 0xC639, 0xAD96, 0xAD76, 0xBE19, 0x840F, 0x3942, 0x6B4D, 0xADB8, 0x9515, 0x9D57, 0x9D77, 0x9C2E, 0x4183, 0x7B2B,
  0xA3CA, 0xCD0D, 0xC4CC, 0x93CB, 0xD699, 0xCE9B, 0xC67B, 0xD6DC, 0xDF3C, 0xE75D, 0xB5D7, 0x9CF4, 0xB5F8, 0xD6DC, 0xCEBB, 0xCE9A,
  0xCE7A, 0xC65A, 0xCEBB, 0xE75D, 0xEF7E, 0xE75D, 0x6AE9, 0x3983, 0xAD96, 0xBE39, 0xADB8, 0x8C93, 0x7C10, 0x8BAC, 0x3943, 0x72A6,
  0x834A, 0x9348, 0xAC2A, 0xCCED, 0xBC8B, 0xBCEF, 0xBD94, 0xB5B7, 0xB5D8, 0xBE39, 0xCEBB, 0xC659, 0xA555, 0xB5D7, 0xD6FC, 0xC65A,
  0xB5F8, 0xB5D7, 0xB5F8, 0xB5F8, 0xBE18, 0xA555, 0x3963, 0x5AEB, 0xBE5A, 0xB5F8, 0xBD94, 0xB48E, 0xC48B, 0x8B27, 0x3943, 0x6246,
  0xBD95, 0x7AA7, 0x82A6, 0x8B07, 0xA3EA, 0xBC6B, 0xC4AB, 0xBC8C, 0xA46D, 0x942F, 0x8451, 0x94D4, 0xA556, 0xA555, 0xAD76, 0xAD76,
  0xB5F8, 0xC659, 0xC67A, 0xC67A, 0xCEBB, 0x840F, 0x28E1, 0x8C2F, 0xBD52, 0xBC8C, 0xBC4A, 0xB429, 0x9348, 0x4184, 0x3963, 0x93EE,
  0xF81F, 0x5248, 0x59C4, 0x7265, 0x7AA6, 0x82E7, 0x9B89, 0xB42A, 0xBC8B, 0xBC8B, 0xB48C, 0xA44D, 0x942F, 0x9492, 0x94D4, 0xAD97,
  0xB5F9, 0xC67A, 0xCE9B, 0xC638, 0xC5D5, 0x5A88, 0x3963, 0xB42A, 0xBC29, 0xA3C9, 0x82E7, 0x6204, 0x4142, 0x3123, 0x3964, 0xF81F,
  0xF81F, 0x8BEF, 0x3943, 0x3923, 0x51C4, 0x6A45, 0x7A86, 0x82C6, 0x8B07, 0x9368, 0xA3C9, 0xB42A, 0xBC6B, 0xB44B, 0xAC4C, 0xA46D,
  0xAC8E, 0xACAE, 0xAC6D, 0xB46B, 0xABE9, 0x3963, 0x49A4, 0x8B27, 0x6A45, 0x51A3, 0x4962, 0x3922, 0x3123, 0x3143, 0x5A68, 0xF81F,
  0xF81F, 0xF81F, 0x6225, 0x49A4, 0x28E2, 0x3122, 0x49A3, 0x6225, 0x7285, 0x7AA6, 0x82C6, 0x82C7, 0x8B07, 0x9348, 0xA3A9, 0xABE9,
  0xABE9, 0xABE9, 0xA3C9, 0x9B88, 0x6245, 0x2923, 0x4143, 0x51A3, 0x4162, 0x3102, 0x3922, 0x3942, 0x2902, 0x49A3, 0x8BCD, 0xF81F,
  0xF81F, 0xF81F, 0x6246, 0x51C4, 0x6A86, 0x6A86, 0x49A4, 0x3922, 0x4983, 0x59E4, 0x6A45, 0x7286, 0x7AA6, 0x7AA6, 0x82C6, 0x82C7,
  0x82E7, 0x7AA6, 0x6225, 0x51A3, 0x3943, 0x28E2, 0x3102, 0x3102, 0x4163, 0x49C4, 0x4183, 0x4163, 0x3943, 0x4163, 0xAD13, 0xF81F,
  0xF81F, 0xF81F, 0x9BAA, 0x51C4, 0x6225, 0x8307, 0x8B48, 0x72C7, 0x5A25, 0x6245, 0x6A45, 0x5A04, 0x59E4, 0x51E4, 0x59E4, 0x6225,
  0x6204, 0x59C4, 0x4983, 0x3102, 0x20C2, 0x3102, 0x2902, 0x3963, 0x8B69, 0x8B48, 0x49A4, 0x4163, 0x51E4, 0x41A4, 0xF81F, 0xF81F,
  0xF81F, 0xF81F, 0xB48D, 0x8B48, 0x6A45, 0x82E6, 0x82E6, 0x7286, 0x6225, 0x6225, 0x7AA6, 0x82E7, 0x7286, 0x49A4, 0x3923, 0x4183,
  0x3922, 0x28E2, 0x3963, 0x2902, 0x28E2, 0x3963, 0x3943, 0x6245, 0x7286, 0x5A04, 0x49A3, 0x6AA6, 0x9369, 0x51E5, 0xF81F, 0xF81F,
  0xF81F, 0xF81F, 0xAC8F, 0xABE9, 0x72A6, 0x8307, 0x9B68, 0x82E7, 0x6245, 0x5A05, 0x5A05, 0x6225, 0x6225, 0x7AC7, 0x8328, 0x8308,
  0x72C7, 0x6245, 0x5A04, 0x4983, 0x4183, 0x3943, 0x4983, 0x59E4, 0x59E4, 0x51C4, 0x6225, 0x8B28, 0x6A65, 0x5A46, 0xF81F, 0xF81F,
  0xF81F, 0xF81F, 0xCE17, 0xABC9, 0x8B27, 0x5A05, 0x7266, 0x7286, 0x7286, 0x6225, 0x5A05, 0x59E4, 0x5A04, 0x82E7, 0x82E7, 0x82E7,
  0x7AA6, 0x6A65, 0x5A04, 0x4183, 0x49A4, 0x4183, 0x51C4, 0x51C4, 0x4183, 0x49C4, 0x6245, 0x6225, 0x6245, 0x732A, 0xF81F, 0xF81F,
  0xF81F, 0xF81F, 0xF81F, 0x72C8, 0x8B27, 0x59E4, 0x51C4, 0x51E4, 0x9347, 0xB44B, 0xA40A, 0x8B69, 0x7AE7, 0x82E6, 0x9347, 0x8B07,
  0x7AC6, 0x7286, 0x6225, 0x51E4, 0x72A7, 0x7AE7, 0x6225, 0x4163, 0x4183, 0x49A3, 0x5A05, 0x5A05, 0x4183, 0x8BEF, 0xF81F, 0xF81F,
  0xF81F, 0xF81F, 0xF81F, 0x93ED, 0x8307, 0xB48B, 0x8B69, 0x5A05, 0x8B07, 0xB3E9, 0xC48B, 0xC48B, 0xABC9, 0x7AC6, 0x6245, 0x6225,
  0x5A05, 0x5A04, 0x6245, 0x8307, 0x8B48, 0x82E7, 0x51E4, 0x51E4, 0x7AC7, 0x5A04, 0x4163, 0x49A4, 0x3943, 0xAD55, 0xF81F, 0xF81F,
  0xF81F, 0xF81F, 0xF81F, 0xCD93, 0x9368, 0xABE9, 0xCCED, 0xA3EA, 0x9348, 0xB42A, 0xC46A, 0xBC2A, 0x9348, 0x6A45, 0x49A4, 0x51C4,
  0x4163, 0x4183, 0x6225, 0x7286, 0x7AC6, 0x7AA6, 0x6205, 0x7AC7, 0x8B27, 0x51E4, 0x4183, 0x8328, 0x5A25, 0xF81F, 0xF81F, 0xF81F,
  0xF81F, 0xF81F, 0xF81F, 0xF81F, 0x9347, 0xA3A8, 0xABC9, 0xABE9, 0x9B68, 0x8B07, 0x9B68, 0xA3C9, 0x9327, 0x72A6, 0x7286, 0x7AC7,
  0x5A25, 0x51E4, 0x6A65, 0x7285, 0x6A65, 0x5A04, 0x5A05, 0x6225, 0x5A04, 0x49A4, 0x7B08, 0x8B28, 0x7B6C, 0xF81F, 0xF81F, 0xF81F,
  0xF81F, 0xF81F, 0xF81F, 0xF81F, 0xB513, 0x72A6, 0x9348, 0xA3A8, 0x9B88, 0x6225, 0x51A4, 0x59E4, 0x59E4, 0x8B47, 0xAC2A, 0xAC0A,
  0x9389, 0x8307, 0x6225, 0x3943, 0x4163, 0x3963, 0x59E4, 0x51E4, 0x51C4, 0x51E4, 0x6A65, 0x5A26, 0xF81F, 0xF81F, 0xF81F, 0xF81F,
  0xF81F, 0xF81F, 0xF81F, 0xF81F, 0xF81F, 0xB555, 0x6A87, 0x6A66, 0x7AA6, 0x9368, 0x8B48, 0x7AC7, 0x6225, 0x8307, 0x9B88, 0x8B27,
  0x82E6, 0x7286, 0x51C4, 0x5A05, 0x7AE7, 0x7AC7, 0x49A4, 0x49A4, 0x4163, 0x51C4, 0x730A, 0xF81F, 0xF81F, 0xF81F, 0xF81F, 0xF81F,
  0xF81F, 0xF81F, 0xF81F, 0xF81F, 0xF81F, 0xF81F, 0xF81F, 0x838C, 0x6225, 0xABE9, 0xC4AB, 0xC4CC, 0xB44A, 0x9B88, 0x7AA6, 0x7265,
  0x6A65, 0x6245, 0x6245, 0x82E7, 0x8307, 0x6245, 0x49A4, 0x6267, 0x9471, 0xF81F, 0xF81F, 0xF81F, 0xF81F, 0xF81F, 0xF81F, 0xF81F,
  0xF81F, 0xF81F, 0xF81F, 0xF81F, 0xF81F, 0xF81F, 0xF81F, 0xF81F, 0xF81F, 0x9C2D, 0x9B88, 0xB409, 0xB42A, 0x8B27, 0x51C4, 0x51C4,
  0x49A4, 0x51C4, 0x7286, 0x7285, 0x6225, 0x7B2B, 0xAD14, 0xF81F, 0xF81F, 0xF81F, 0xF81F, 0xF81F, 0xF81F, 0xF81F, 0xF81F, 0xF81F,
  0xF81F, 0xF81F, 0xF81F, 0xF81F, 0xF81F, 0xF81F, 0xF81F, 0xF81F, 0xF81F, 0xF81F, 0xF81F, 0xB513, 0xACB0, 0xA4B1, 0x83CD, 0x6287,
  0x730A, 0x8C30, 0x9430, 0xA4D2, 0xF81F, 0xF81F, 0xF81F, 0xF81F, 0xF81F, 0xF81F, 0xF81F, 0xF81F, 0xF81F, 0xF81F, 0xF81F, 0xF81F,
  0xF81F, 0xF81F, 0xF81F, 0xF81F, 0xF81F, 0xF81F, 0xF81F, 0xF81F, 0xF81F, 0xF81F, 0xF81F, 0xF81F, 0xF81F, 0xF81F, 0xF81F, 0xF81F,
  0xF81F, 0xF81F, 0xF81F, 0xF81F, 0xF81F, 0xF81F, 0xF81F, 0xF81F, 0xF81F, 0xF81F, 0xF81F, 0xF81F, 0xF81F, 0xF81F, 0xF81F, 0xF81F,
};

const uint16_t icon_trash[1024] PROGMEM = {
  0xF81F, 0xF81F, 0xF81F, 0xF81F, 0xF81F, 0xBE3B, 0xBE3B, 0xB61A, 0xB61A, 0xB61A, 0xB61B, 0xB63B, 0xBE5B, 0xC65B, 0xC67B, 0xBE7B,
  0xBE5B, 0xB63B, 0xB63B, 0xB61A, 0xAE1B, 0xAE1B, 0xAE1A, 0xB61A, 0xB63B, 0xB63B, 0xBE3B, 0xF81F, 0xF81F, 0xF81F, 0xF81F, 0xF81F,
  0xF81F, 0x7412, 0x6C12, 0x6C12, 0x7454, 0x7CB5, 0x8517, 0x9578, 0xA5D9, 0xAE19, 0xB639, 0xB619, 0xBE39, 0xC659, 0xC67A, 0xC659,
  0xC659, 0xC65A, 0xC65A, 0xBE3A, 0xADF9, 0x9D98, 0x9537, 0x8CF7, 0x84B6, 0x7C95, 0x8495, 0x84B5, 0x8494, 0x8452, 0x7BEF, 0xB596,
  0x9CF3, 0x5AA9, 0x4A48, 0x4A28, 0x4A48, 0x4228, 0x4228, 0x4A69, 0x528A, 0x4A6A, 0x4A49, 0x4A49, 0x528A, 0x4A6A, 0x4A8A, 0x52CB,
  0x52CB, 0x4A8A, 0x528A, 0x4A6A, 0x528A, 0x5AAA, 0x5249, 0x4A29, 0x4A28, 0x5249, 0x4A28, 0x5269, 0x62EA, 0x62EA, 0x6B0A, 0x8C30,
  0xF81F, 0x8410, 0x4229, 0x634D, 0x8431, 0x5B4E, 0x52CB, 0x8431, 0x8C52, 0x8411, 0x73F1, 0x6B8F, 0x8C72, 0x7C11, 0x8C72, 0x7BF0,
  0x7BF0, 0x73D0, 0x7BF0, 0x7411, 0x8452, 0x8C72, 0x7BF0, 0x73F0, 0x6BD0, 0x8472, 0x5B2D, 0x5B0D, 0x8431, 0x528A, 0x632D, 0xF81F,
  0xF81F, 0xF81F, 0x5B0D, 0xF81F, 0xF81F, 0x634D, 0x8C93, 0xC67B, 0xF81F, 0xF81F, 0xF81F, 0x94F5, 0xBE3A, 0xA556, 0xF81F, 0xF81F,
  0xF81F, 0xF81F, 0xAD96, 0xA514, 0x8431, 0x94D4, 0xF81F, 0xF81F, 0xAD97, 0x84B5, 0x8CB4, 0xF81F, 0xF81F, 0x6BAF, 0xBDF8, 0xF81F,
  0xF81F, 0xF81F, 0x6BB0, 0x8431, 0x6B8F, 0xF81F, 0xF81F, 0xA556, 0xB5B7, 0xF81F, 0xC65B, 0xA576, 0xB5D8, 0x9D35, 0xC67B, 0xF81F,
  0xB5B7, 0xA535, 0xF81F, 0xF81F, 0xF81F, 0xB596, 0x8411, 0xAD98, 0x9D15, 0xAD97, 0x8CD5, 0xF81F, 0xA557, 0x73AF, 0xB5B7, 0xF81F,
  0xF81F, 0xF81F, 0x7C73, 0x6B6D, 0x7BF0, 0xF81F, 0xF81F, 0xF81F, 0x9D36, 0x8CB4, 0x8CB4, 0xF81F, 0xF81F, 0xF81F, 0x8472, 0x8C93,
  0x94F4, 0xF81F, 0xF81F, 0xF81F, 0xF81F, 0xF81F, 0x94D4, 0x7BF0, 0x7BF0, 0xF81F, 0xF81F, 0x7433, 0x9D56, 0x94B3, 0xBDD8, 0xF81F,
  0xF81F, 0xF81F, 0x636F, 0xA515, 0xF81F, 0x8451, 0xC639, 0xA598, 0xA577, 0xF81F, 0xF81F, 0x9D15, 0xAD97, 0x8CB3, 0xF81F, 0xF81F,
  0xC639, 0xAD77, 0xCE7A, 0xF81F, 0xADD8, 0x94F4, 0xF81F, 0xF81F, 0xF81F, 0x73AF, 0x8CB4, 0xC65A, 0x8494, 0x7BF0, 0xF81F, 0xF81F,
  0xF81F, 0xF81F, 0x8431, 0x8493, 0xF81F, 0xB5D8, 0x73F1, 0x8452, 0xF81F, 0xF81F, 0xB5F9, 0x8472, 0xAD56, 0x9D15, 0xBE19, 0xF81F,
  0xF81F, 0xF81F, 0x94D4, 0xA596, 0xA535, 0xF81F, 0xF81F, 0xF81F, 0xADB8, 0x94B4, 0x738E, 0xF81F, 0x8431, 0x8472, 0xF81F, 0xF81F,
  0xF81F, 0xF81F, 0x8430, 0x8C93, 0x8CF6, 0x9515, 0xF81F, 0xBDD8, 0x8452, 0x7C52, 0xA535, 0xF81F, 0xF81F, 0xF81F, 0xBDF8, 0x94F4,
  0xB5F9, 0xA577, 0xF81F, 0xF81F, 0xC639, 0xADD8, 0xC67B, 0x9D16, 0xAD97, 0xF81F, 0xF81F, 0x5AEB, 0x8C51, 0x8CB4, 0xF81F, 0xF81F,
  0xF81F, 0xF81F, 0x94B3, 0x9D15, 0x6BF1, 0x9D36, 0xF81F, 0xAD76, 0x7C11, 0x94B3, 0x9D36, 0xF81F, 0xF81F, 0xF81F, 0xCE9B, 0xA555,
  0xA555, 0x94D4, 0xBE3A, 0xF81F, 0xF81F, 0x9D15, 0x94D4, 0x94F5, 0xF81F, 0xF81F, 0x94B3, 0x94B3, 0x7BCF, 0x84B4, 0xF81F, 0xF81F,
  0xF81F, 0xF81F, 0xF81F, 0x5B2D, 0xF81F, 0xB5F9, 0x6BD0, 0x8452, 0xF81F, 0xF81F, 0xF81F, 0x94F5, 0xB619, 0xAD97, 0xBDF8, 0xF81F,
  0xF81F, 0xF81F, 0x9CF4, 0x94F4, 0x8C72, 0xF81F, 0xF81F, 0xC65A, 0x84B5, 0x8452, 0xB5B7, 0xF81F, 0x73D0, 0xA535, 0xF81F, 0xF81F,
  0xF81F, 0xF81F, 0xF81F, 0x634E, 0xB596, 0x8C52, 0x9CF4, 0xAD97, 0xBE19, 0xF81F, 0xF81F, 0xA577, 0xAD97, 0x94F4, 0xC63A, 0xF81F,
  0xF81F, 0xBE18, 0xB596, 0xC618, 0x9493, 0x94D4, 0xF81F, 0xB5F8, 0x8C72, 0x8494, 0xF81F, 0xF81F, 0x6BD0, 0xB596, 0xF81F, 0xF81F,
  0xF81F, 0xF81F, 0xF81F, 0x8CD5, 0x632C, 0x7BD0, 0xF81F, 0xF81F, 0xADB7, 0x9D36, 0x9515, 0xF81F, 0xF81F, 0xF81F, 0xB5B8, 0x9515,
  0x8C93, 0xBDF8, 0xF81F, 0xF81F, 0xF81F, 0x9CF4, 0x6B6F, 0x7BF1, 0xF81F, 0xF81F, 0x8494, 0x84B5, 0x8C72, 0xAD56, 0xF81F, 0xF81F,
  0xF81F, 0xF81F, 0xF81F, 0x636F, 0x9492, 0xA515, 0xA514, 0xF81F, 0x9537, 0xB5B7, 0xB597, 0xBDF9, 0xF81F, 0xC67A, 0x9D35, 0xB597,
  0xB5B7, 0xADB8, 0xF81F, 0xF81F, 0xA576, 0xA535, 0xF81F, 0x9CD3, 0x9493, 0xF81F, 0x9516, 0x8CB4, 0x7BF0, 0xF81F, 0xF81F, 0xF81F,
  0xF81F, 0xF81F, 0xF81F, 0x73D0, 0xB5D8, 0xF81F, 0x8C93, 0x7C32, 0xBDF8, 0xF81F, 0xF81F, 0xA556, 0x8472, 0x7C31, 0xF81F, 0xF81F,
  0xF81F, 0xF81F, 0x94D4, 0x9515, 0xB5B8, 0xF81F, 0xF81F, 0xF81F, 0x8472, 0x73D0, 0xF81F, 0xA536, 0x73D0, 0xF81F, 0xF81F, 0xF81F,
  0xF81F, 0xF81F, 0xF81F, 0x7BF0, 0x7C74, 0xADB8, 0xA556, 0xF81F, 0x8C73, 0xB5D8, 0xAD97, 0x9CF4, 0xF81F, 0xC639, 0xA556, 0xC65A,
  0xCE9B, 0xADB7, 0xF81F, 0xF81F, 0xB5D8, 0xC65A, 0xF81F, 0x9D36, 0xAD97, 0xF81F, 0x7BAF, 0x8410, 0x8473, 0xF81F, 0xF81F, 0xF81F,
  0xF81F, 0xF81F, 0xF81F, 0x8C71, 0x94D4, 0x7454, 0xF81F, 0xF81F, 0xBDF9, 0x636E, 0x6B8F, 0xF81F, 0xF81F, 0xF81F, 0xC639, 0x8452,
  0x8472, 0xBE19, 0xF81F, 0xF81F, 0xF81F, 0x9D36, 0x8CD5, 0xA577, 0xF81F, 0xF81F, 0x634D, 0x8430, 0x8CB5, 0xF81F, 0xF81F, 0xF81F,
  0xF81F, 0xF81F, 0xF81F, 0xB597, 0x636F, 0xBDF9, 0x9D78, 0x9D15, 0x8411, 0xF81F, 0xF81F, 0x9D15, 0xA597, 0xB5F9, 0xBDF8, 0xF81F,
  0xF81F, 0x9D15, 0x9D36, 0xD6DC, 0xB5D8, 0xB5B7, 0xF81F, 0xA598, 0x9D36, 0x8C72, 0xF81F, 0x7BF0, 0x8C93, 0xF81F, 0xF81F, 0xF81F,
  0xF81F, 0xF81F, 0xF81F, 0xF81F, 0x5B2D, 0xF81F, 0x8C92, 0x73D0, 0xC65A, 0xF81F, 0xF81F, 0xB619, 0x9D15, 0x94D4, 0xBE19, 0xF81F,
  0xF81F, 0xF81F, 0x94D3, 0x8C52, 0x8C73, 0xF81F, 0xF81F, 0x8C93, 0x7C52, 0xADB8, 0xF81F, 0x7C32, 0xA535, 0xF81F, 0xF81F, 0xF81F,
  0xF81F, 0xF81F, 0xF81F, 0xBE19, 0x8493, 0x632C, 0x8431, 0xF81F, 0xADB7, 0xB5F9, 0x9D57, 0xB5D8, 0xF81F, 0xF81F, 0xB5D8, 0xA577,
  0xBE3A, 0xA535, 0xF81F, 0xF81F, 0xA536, 0x73D1, 0x7C52, 0xF81F, 0xF81F, 0x9D16, 0x9517, 0x73F1, 0xA4F4, 0xF81F, 0xF81F, 0xF81F,
  0xF81F, 0xF81F, 0xF81F, 0xF81F, 0x7C32, 0x73AF, 0x8C51, 0xF81F, 0xF81F, 0x8473, 0xA535, 0xD6BB, 0xF81F, 0xF81F, 0xD6BC, 0x94D4,
  0x9CF4, 0xA576, 0xF81F, 0xF81F, 0xA556, 0x9CF4, 0x8411, 0xAD76, 0xF81F, 0xB5F9, 0x7433, 0x7C10, 0xF81F, 0xF81F, 0xF81F, 0xF81F,
  0xF81F, 0xF81F, 0xF81F, 0xF81F, 0x636E, 0xF81F, 0xF81F, 0x6BB0, 0x7C52, 0xF81F, 0xF81F, 0xAD97, 0xADD8, 0xA576, 0x9D14, 0xF81F,
  0xF81F, 0xC65A, 0x9515, 0x8CB3, 0xF81F, 0xF81F, 0xF81F, 0x9492, 0x8452, 0xADB8, 0xB5D8, 0x636E, 0xF81F, 0xF81F, 0xF81F, 0xF81F,
  0xF81F, 0xF81F, 0xF81F, 0xF81F, 0x6BAF, 0xA577, 0xBE19, 0x9D36, 0x9CD4, 0x94D4, 0xF81F, 0xBE19, 0x7C31, 0x8C92, 0xBE19, 0xF81F,
  0xCE9B, 0xA556, 0xBDF8, 0xC639, 0xB5D8, 0xF81F, 0xF81F, 0xADB8, 0x8432, 0xA4D3, 0x8C72, 0x73F1, 0xF81F, 0xF81F, 0xF81F, 0xF81F,
  0xF81F, 0xF81F, 0xF81F, 0xF81F, 0x7BEF, 0x7C53, 0x7C94, 0xF81F, 0xF81F, 0xA556, 0x6BD0, 0x7C11, 0xF81F, 0xF81F, 0xA535, 0x9515,
  0x9D15, 0xF81F, 0xF81F, 0xF81F, 0xF81F, 0x9D77, 0x8CD5, 0xBDD8, 0xF81F, 0x5AEC, 0x7BEF, 0x8CD5, 0xF81F, 0xF81F, 0xF81F, 0xF81F,
  0xF81F, 0xF81F, 0xF81F, 0xF81F, 0x94B3, 0x73D0, 0x8CD5, 0xF81F, 0xF81F, 0x7C11, 0xB5B7, 0xA556, 0xA577, 0xCE7B, 0xB5B7, 0xF81F,
  0xA535, 0xA556, 0xF81F, 0xF81F, 0xC65A, 0xA535, 0xA556, 0xB61A, 0x8C72, 0xAD76, 0x7BF0, 0x7C32, 0xF81F, 0xF81F, 0xF81F, 0xF81F,
  0xF81F, 0xF81F, 0xF81F, 0xF81F, 0xF81F, 0x6B6E, 0xF81F, 0x7C32, 0x636E, 0xF81F, 0xF81F, 0xF81F, 0x8CB4, 0x8CB3, 0xB5B8, 0xF81F,
  0xF81F, 0xBDF8, 0x8473, 0x9D15, 0xB597, 0xF81F, 0xF81F, 0x6BD0, 0x8CB4, 0xF81F, 0x9CF4, 0x94B3, 0xF81F, 0xF81F, 0xF81F, 0xF81F,
  0xF81F, 0xF81F, 0xF81F, 0xF81F, 0xBE1A, 0x6BD0, 0x8451, 0x8451, 0xB5F8, 0xCE9B, 0xBE5B, 0x9536, 0xF81F, 0xF81F, 0xB5D8, 0xA577,
  0xF81F, 0xC65A, 0xAD55, 0x9CF4, 0x9D15, 0xADD8, 0x94D4, 0xF81F, 0xAD98, 0xA598, 0x7C53, 0x9CD3, 0xF81F, 0xF81F, 0xF81F, 0xF81F,
  0xF81F, 0xF81F, 0xF81F, 0xF81F, 0xBE1A, 0x8493, 0x4249, 0x8C93, 0xF81F, 0x7C32, 0x8CD4, 0xBDF9, 0xF81F, 0xBE1A, 0xF81F, 0xA556,
  0x9D15, 0x8C93, 0xC63A, 0xF81F, 0x73F1, 0x6B8F, 0xBDB7, 0xF81F, 0xF81F, 0x7433, 0x634E, 0xA515, 0xF81F, 0xF81F, 0xF81F, 0xF81F,
  0xF81F, 0xF81F, 0xF81F, 0xF81F, 0xA556, 0x5B90, 0x5B91, 0x6C13, 0x7475, 0x7475, 0x7C94, 0xA5D9, 0x9DBA, 0xAE1B, 0xBE7C, 0xA597,
  0xA598, 0xB63B, 0xAE1B, 0x9DBA, 0x8538, 0x7CB6, 0x7454, 0x7496, 0x6C55, 0x7C74, 0x636E, 0x9492, 0xF81F, 0xF81F, 0xF81F, 0xF81F,
  0xF81F, 0xF81F, 0xF81F, 0xF81F, 0x9471, 0x632C, 0x5B2D, 0x6B8F, 0x7411, 0x84B4, 0x9536, 0x9D76, 0xAD96, 0xB5B6, 0xBDD7, 0xBDF8,
  0xB5F8, 0xB5B7, 0xAD97, 0xA536, 0x8CD4, 0x8453, 0x7BF2, 0x73B0, 0x7BD0, 0x83EF, 0x7BAD, 0x840F, 0xF81F, 0xF81F, 0xF81F, 0xF81F,
  0xF81F, 0xF81F, 0xF81F, 0xF81F, 0xF81F, 0xAD35, 0x9472, 0x8430, 0x7BCF, 0x738E, 0x6B4D, 0x632D, 0x5AEC, 0x5AEC, 0x5B0C, 0x630C,
  0x632D, 0x632C, 0x632C, 0x6B2C, 0x734D, 0x736D, 0x7BAE, 0x83CF, 0x8C30, 0x9492, 0xAD35, 0xF81F, 0xF81F, 0xF81F, 0xF81F, 0xF81F,
};

const uint16_t icon_dishes[1024] PROGMEM = {
  0xF81F, 0xF81F, 0xF81F, 0xF81F, 0xF81F, 0xF81F, 0xF81F, 0xF81F, 0xF81F, 0xF81F, 0xF81F, 0xF81F, 0xF81F, 0xF81F, 0xF81F, 0xF81F,
  0xF81F, 0xF81F, 0xF81F, 0xF81F, 0xF81F, 0xF81F, 0xF81F, 0xF81F, 0xF81F, 0xF81F, 0xF81F, 0xF81F, 0xF81F, 0xF81F, 0xF81F, 0xF81F,
  0xF81F, 0xF81F, 0xF81F, 0xF81F, 0xF81F, 0xF81F, 0xF81F, 0xF81F, 0xF81F, 0xF81F, 0xF81F, 0xF81F, 0xF81F, 0xF81F, 0xF81F, 0xF81F,
  0xF81F, 0xF81F, 0xF81F, 0xF81F, 0xF81F, 0xF81F, 0xF81F, 0xF81F, 0xF81F, 0xF81F, 0xF81F, 0xF81F, 0xF81F, 0xF81F, 0xF81F, 0xF81F,
  0xF81F, 0xF81F, 0xF81F, 0xF81F, 0xF81F, 0xF81F, 0xF81F, 0xF81F, 0xF81F, 0xF81F, 0xF81F, 0xF81F, 0xF81F, 0xF81F, 0xF81F, 0xF81F,
  0xF81F, 0xF81F, 0xF81F, 0xF81F, 0xF81F, 0xF81F, 0xF81F, 0xF81F, 0xF81F, 0xF81F, 0xF81F, 0xF81F, 0xF81F, 0xF81F, 0xC67B, 0xB61A,
  0xB596, 0xAD55, 0xA535, 0xAD76, 0xA535, 0xF81F, 0xF81F, 0xF81F, 0xF81F, 0xF81F, 0xF81F, 0xF81F, 0xF81F, 0xF81F, 0xF81F, 0xF81F,
  0xF81F, 0xF81F, 0xF81F, 0xF81F, 0xF81F, 0xF81F, 0xF81F, 0xF81F, 0xF81F, 0xF81F, 0xF81F, 0xF81F, 0xF81F, 0xD6BC, 0xCEDD, 0xB5F8,
  0xA535, 0xA514, 0x9CF4, 0xA535, 0x9CD3, 0xF81F, 0xF81F, 0xF81F, 0xF81F, 0xF81F, 0xF81F, 0xF81F, 0xF81F, 0xF81F, 0xF81F, 0xF81F,
  0xF81F, 0xF81F, 0xF81F, 0xF81F, 0xF81F, 0xF81F, 0xF81F, 0xF81F, 0xF81F, 0xF81F, 0xF81F, 0xF81F, 0xF81F, 0xBE3A, 0xB619, 0xB5D8,
  0x9CF4, 0x9CF4, 0x94B3, 0x9CF4, 0x9493, 0xF81F, 0xF81F, 0xF81F, 0xF81F, 0xF81F, 0xF81F, 0xF81F, 0xF81F, 0xDEDC, 0xD6DC, 0xD6DB,
  0xD6BB, 0xD6BB, 0xD6DC, 0xF81F, 0xF81F, 0xF81F, 0xF81F, 0xF81F, 0xF81F, 0xF81F, 0xF81F, 0xF81F, 0xD6DC, 0xBE3A, 0xADB8, 0xB5D8,
  0x94B3, 0x9CF4, 0x9492, 0x9CD4, 0x94B2, 0xF81F, 0xF81F, 0xF81F, 0xF81F, 0xF81F, 0xDEFC, 0xDF1C, 0xEF7D, 0xF7BE, 0xF79E, 0xEF7E,
  0xEF7E, 0xF79E, 0xF79E, 0xE75D, 0xD6DB, 0xD6BB, 0xF81F, 0xF81F, 0xF81F, 0xF81F, 0xF81F, 0xF81F, 0xCE9B, 0xB619, 0xADB8, 0xB5D8,
  0x9492, 0x9D14, 0x9492, 0x9CD3, 0x94B3, 0xF81F, 0xF81F, 0xF81F, 0xF81F, 0xDF1D, 0xF7BF, 0xEF7D, 0xE71C, 0xE71C, 0xE71C, 0xE71C,
  0xE71C, 0xDF1C, 0xDF1C, 0xE71C, 0xEF5D, 0xEF9E, 0xD6BB, 0xF81F, 0xF81F, 0xF81F, 0xF81F, 0xF81F, 0xBE5A, 0xB5D8, 0xADB8, 0xADD8,
  0x94B3, 0xA535, 0x94B3, 0x9CF4, 0x9CF4, 0xBDF8, 0xF81F, 0xF81F, 0xE75D, 0xF7BE, 0xE71C, 0xE71C, 0xE73C, 0xE71C, 0xDEFB, 0xDEDB,
  0xDEDB, 0xDEFB, 0xE71C, 0xE71C, 0xDF1C, 0xDEFB, 0xEF9E, 0xD6FC, 0xF81F, 0xF81F, 0xF81F, 0xF81F, 0xBE39, 0xADB8, 0xADB8, 0xADB8,
  0xB5F8, 0xB5D8, 0xAD96, 0xADB7, 0xB5F8, 0xCE9B, 0xF81F, 0xE75D, 0xEF7D, 0xE71C, 0xE73C, 0xDEFC, 0xD699, 0xC638, 0xC638, 0xC638,
  0xCE59, 0xCE59, 0xCE79, 0xD6BA, 0xE71C, 0xE71C, 0xDEFB, 0xEF5D, 0xD6DC, 0xF81F, 0xF81F, 0xF81F, 0xB619, 0xADB7, 0xADB7, 0xADB7,
  0xC6BC, 0xC6BD, 0xBEBD, 0xBE9D, 0xC6DE, 0xCE9B, 0xE71C, 0xF7DF, 0xE71C, 0xE73C, 0xDEDB, 0xC618, 0xC618, 0xD69A, 0xDEDB, 0xDEFB,
  0xDEFB, 0xDEFB, 0xD6BA, 0xD67A, 0xD69A, 0xE71C, 0xE71C, 0xDEFB, 0xEF7E, 0xCE7A, 0xF81F, 0xF81F, 0xB5F9, 0xAD97, 0xADB7, 0xADB7,
  0xB61A, 0xA5FA, 0x9537, 0x9578, 0x9DB9, 0xCE9A, 0xF7BE, 0xE71C, 0xE73C, 0xDEDB, 0xBDF7, 0xCE58, 0xDEFB, 0xE73C, 0xE71C, 0xE71C,
  0xE71C, 0xE71C, 0xE71C, 0xE71C, 0xDEDB, 0xDEBA, 0xE73C, 0xDF1C, 0xDEFB, 0xEF9E, 0xD6BB, 0xF81F, 0xB5F9, 0xAD97, 0xADD8, 0xADD8,
  0xF81F, 0x8CF6, 0x7474, 0x8D37, 0xB5F9, 0xE73C, 0xEF9E, 0xE71C, 0xE71C, 0xBDF7, 0xC638, 0xE71C, 0xE71C, 0xE71C, 0xE71C, 0xE71C,
  0xE71C, 0xE71C, 0xE71C, 0xE71C, 0xE73C, 0xE71C, 0xEF5C, 0xE75D, 0xDEFB, 0xEF5D, 0xCE9A, 0xF81F, 0xBE19, 0xADD8, 0xB5F8, 0xB5D8,
  0xF81F, 0xC65B, 0xA5DA, 0xB61A, 0xF81F, 0xEF9E, 0xE71C, 0xE73C, 0xCE79, 0xBDF7, 0xDEFB, 0xE73C, 0xE71C, 0xE71C, 0xE71C, 0xE71C,
  0xE71C, 0xE71C, 0xE71C, 0xE71C, 0xDEFC, 0xEF5D, 0xE71B, 0xEF5C, 0xE71C, 0xDEFC, 0xDF1C, 0xCE9B, 0xC67B, 0xBE3A, 0xBE3A, 0xBE19,
  0xF81F, 0xF81F, 0xC6DE, 0xD6BC, 0xE71D, 0xFFFF, 0xE71C, 0xE71C, 0xC618, 0xCE59, 0xE73C, 0xE71C, 0xE71C, 0xE71C, 0xE71C, 0xE71C,
  0xE71C, 0xE71C, 0xE71C, 0xE71C, 0xDF1C, 0xE71C, 0xE73C, 0xE71C, 0xE75D, 0xDEFB, 0xEF7E, 0xC659, 0xCEBC, 0xD71E, 0xD73E, 0xC69B,
  0xF81F, 0xF81F, 0xC6BC, 0xCE9B, 0xE73D, 0xFFDF, 0xE73C, 0xDEDB, 0xBDF7, 0xD6BA, 0xE73C, 0xE71C, 0xE71C, 0xE71C, 0xE71C, 0xE71C,
  0xE71C, 0xE71C, 0xE71C, 0xE71C, 0xE71C, 0xDEFC, 0xEF5D, 0xEF5D, 0xEF5D, 0xDEFB, 0xF79E, 0xCE5A, 0xC65A, 0xC6DE, 0xBE9C, 0xC65A,
  0xF81F, 0xF81F, 0x9492, 0xB5B7, 0xEF5D, 0xF7BE, 0xE73C, 0xDEDB, 0xCE79, 0xDEFB, 0xE73C, 0xE71C, 0xE71C, 0xE71C, 0xE71C, 0xE71C,
  0xE71C, 0xE71C, 0xE71C, 0xE71C, 0xE71C, 0xDEFB, 0xEF5D, 0xF7BF, 0xEF7D, 0xDEFB, 0xEF7D, 0xCE7A, 0xF81F, 0xA555, 0x9CD3, 0xF81F,
  0xF81F, 0xF81F, 0x7BCF, 0xA535, 0xEF7D, 0xF7BE, 0xE71C, 0xDF1C, 0xE77E, 0xDF1C, 0xE71C, 0xE71C, 0xE71C, 0xE71C, 0xE71C, 0xE71C,
  0xE71C, 0xE71C, 0xE71C, 0xDF1C, 0xE71C, 0xDEFB, 0xEF5D, 0xF7FF, 0xEF7E, 0xDEFB, 0xEF7E, 0xCE59, 0xF81F, 0xA535, 0x9CF3, 0xF81F,
  0xF81F, 0xF81F, 0x73AE, 0x9CF4, 0xEF5D, 0xFFDF, 0xE71C, 0xE71C, 0xE77E, 0xE73D, 0xE71C, 0xE71C, 0xE71C, 0xE71C, 0xE71C, 0xE71C,
  0xE71C, 0xE71C, 0xE71C, 0xDF1C, 0xDF1C, 0xDEFB, 0xEF7E, 0xF7FF, 0xEF5D, 0xDEFB, 0xF79E, 0xC639, 0xF81F, 0xAD96, 0xA514, 0xF81F,
  0xF81F, 0xF81F, 0x738E, 0x94B3, 0xEF5D, 0xFFDF, 0xE71C, 0xE71C, 0xDF3E, 0xDF3D, 0xE71C, 0xE71C, 0xE71C, 0xE71C, 0xE71C, 0xE71C,
  0xE71C, 0xE71C, 0xE71C, 0xE71C, 0xDEFC, 0xE71C, 0xEF9F, 0xEFBF, 0xE73C, 0xDEFB, 0xEF7D, 0xCE59, 0xF81F, 0xB5D8, 0xA576, 0xF81F,
  0xF81F, 0xF81F, 0x73AE, 0x8C72, 0xF81F, 0xEF5D, 0xE73C, 0xE71C, 0xDF3D, 0xD71D, 0xE71C, 0xE71C, 0xE71C, 0xE71C, 0xE71C, 0xE71C,
  0xE71C, 0xE71C, 0xE71C, 0xE71C, 0xDEFB, 0xEF5D, 0xE77F, 0xEF9E, 0xDEFB, 0xE71C, 0xDEDB, 0xF81F, 0xDEFD, 0xB5F8, 0xAD97, 0xD6BB,
  0xF81F, 0xF81F, 0x73AE, 0x7C10, 0xF81F, 0xDEFB, 0xF79E, 0xE71C, 0xE71C, 0xD71D, 0xD6FD, 0xE73C, 0xE71C, 0xE71C, 0xE71C, 0xE71C,
  0xE71C, 0xE71C, 0xDEFC, 0xDEFB, 0xE75D, 0xE75E, 0xE77E, 0xE73C, 0xDEFB, 0xEF7D, 0xC638, 0xF81F, 0xD6DC, 0xB5F9, 0xB5D7, 0xD6BB,
  0xF81F, 0xC639, 0x73AE, 0x73AF, 0xF81F, 0xF81F, 0xF79E, 0xE71C, 0xE71C, 0xE71C, 0xD6DC, 0xD6DC, 0xDF1C, 0xE73C, 0xE71C, 0xE71C,
  0xE71C, 0xE71C, 0xE71C, 0xE73D, 0xDF1D, 0xDF3E, 0xEF5D, 0xDEFB, 0xE71C, 0xE71C, 0xCE7A, 0xF81F, 0xD6DC, 0xBE39, 0xB5F8, 0xD6BB,
  0xF81F, 0xB5B7, 0x73AE, 0x6B6E, 0xF81F, 0xF81F, 0xDEDB, 0xFFDF, 0xE71C, 0xE71C, 0xE73C, 0xD6DC, 0xCE9B, 0xD6DC, 0xDEFC, 0xDF1C,
  0xDF1C, 0xDF1C, 0xD6FC, 0xD6DC, 0xDF1D, 0xE75D, 0xDEFB, 0xDEFB, 0xF79E, 0xC618, 0xF81F, 0xF81F, 0xD6DC, 0xBE3A, 0xBE39, 0xCE9B,
  0xF81F, 0xA535, 0x738E, 0x6B4D, 0xF81F, 0xF81F, 0xF81F, 0xDEFB, 0xF7BE, 0xE71C, 0xE71C, 0xE73C, 0xDF1C, 0xD6DC, 0xCEBB, 0xCEBC,
  0xCEBC, 0xD6DC, 0xD6FC, 0xE73D, 0xE73C, 0xDEFB, 0xDEFB, 0xF79E, 0xCE59, 0xF81F, 0xF81F, 0xF81F, 0xD6DC, 0xBE5A, 0xBE5A, 0xCE9B,
  0xF81F, 0x94B3, 0x73AE, 0x73CF, 0xC619, 0xF81F, 0xF81F, 0xF81F, 0xDEDB, 0xF7BE, 0xE71C, 0xDEFB, 0xE71C, 0xE73C, 0xE73C, 0xE71C,
  0xE71C, 0xE73C, 0xE71C, 0xDEFB, 0xDEFB, 0xE71C, 0xF79E, 0xCE79, 0xF81F, 0xF81F, 0xF81F, 0xF81F, 0xD6DC, 0xBE5A, 0xC67A, 0xCE9B,
  0xF81F, 0x9492, 0x8451, 0x9492, 0xB596, 0xF81F, 0xF81F, 0xF81F, 0xF81F, 0xDEDB, 0xE71C, 0xF79E, 0xE73C, 0xE71C, 0xE71C, 0xE6FB,
  0xE6FB, 0xDEFB, 0xE6FC, 0xE73C, 0xEF7D, 0xDEFB, 0xCE7A, 0xF81F, 0xF81F, 0xF81F, 0xF81F, 0xF81F, 0xCEBC, 0xBE3A, 0xBE5A, 0xCE7A,
  0xF81F, 0xBE5B, 0xBE5B, 0xC6BC, 0xBE3A, 0xF81F, 0xF81F, 0xF81F, 0xF81F, 0xF81F, 0xF81F, 0xD6BB, 0xDEDB, 0xEF5D, 0xF79E, 0xF79E,
  0xF79E, 0xF79E, 0xEF3C, 0xD6BA, 0xD69A, 0xF81F, 0xF81F, 0xF81F, 0xF81F, 0xF81F, 0xF81F, 0xF81F, 0xCEBC, 0xB5F8, 0xB5F8, 0xC67A,
  0xF81F, 0xC6DE, 0xBE7D, 0xD73F, 0xBE3A, 0xF81F, 0xF81F, 0xF81F, 0xF81F, 0xF81F, 0xF81F, 0xF81F, 0xF81F, 0xF81F, 0xD6BB, 0xD69A,
  0xD69A, 0xD69B, 0xDEDB, 0xF81F, 0xF81F, 0xF81F, 0xF81F, 0xF81F, 0xF81F, 0xF81F, 0xF81F, 0xF81F, 0xAD96, 0x9CF4, 0x9CF4, 0x9CF4,
  0xF81F, 0xAD97, 0x94D4, 0x8CB3, 0xF81F, 0xF81F, 0xF81F, 0xF81F, 0xF81F, 0xF81F, 0xF81F, 0xF81F, 0xF81F, 0xF81F, 0xF81F, 0xF81F,
  0xF81F, 0xF81F, 0xF81F, 0xF81F, 0xF81F, 0xF81F, 0xF81F, 0xF81F, 0xF81F, 0xF81F, 0xF81F, 0xF81F, 0xBDD8, 0x73AF, 0x738E, 0xF81F,
  0xF81F, 0xF81F, 0xF81F, 0xF81F, 0xF81F, 0xF81F, 0xF81F, 0xF81F, 0xF81F, 0xF81F, 0xF81F, 0xF81F, 0xF81F, 0xF81F, 0xF81F, 0xF81F,
  0xF81F, 0xF81F, 0xF81F, 0xF81F, 0xF81F, 0xF81F, 0xF81F, 0xF81F, 0xF81F, 0xF81F, 0xF81F, 0xF81F, 0xF81F, 0xF81F, 0xF81F, 0xF81F,
  0xF81F, 0xF81F, 0xF81F, 0xF81F, 0xF81F, 0xF81F, 0xF81F, 0xF81F, 0xF81F, 0xF81F, 0xF81F, 0xF81F, 0xF81F, 0xF81F, 0xF81F, 0xF81F,
  0xF81F, 0xF81F, 0xF81F, 0xF81F, 0xF81F, 0xF81F, 0xF81F, 0xF81F, 0xF81F, 0xF81F, 0xF81F, 0xF81F, 0xF81F, 0xF81F, 0xF81F, 0xF81F,
};

const uint16_t icon_toys[1024] PROGMEM = {
  0xF81F, 0xF81F, 0xF81F, 0xF81F, 0xF81F, 0xF81F, 0xF81F, 0xF81F, 0xF81F, 0xF81F, 0xF81F, 0xC52E, 0xC4CB, 0xCD4F, 0xF81F, 0xF81F,
  0xF81F, 0xF81F, 0xF81F, 0xF81F, 0xF81F, 0xF81F, 0xF81F, 0xF81F, 0xF81F, 0xF81F, 0xF81F, 0xF81F, 0xF81F, 0xF81F, 0xF81F, 0xF81F,
  0xF81F, 0xF81F, 0xF81F, 0xF81F, 0xF81F, 0xF81F, 0xF81F, 0xF81F, 0xF81F, 0xF81F, 0xC4A9, 0xB407, 0x9B86, 0xB407, 0xC4AA, 0xF81F,
  0xF81F, 0xF81F, 0xF81F, 0xF81F, 0xF81F, 0xDE14, 0xD5B1, 0xDE35, 0xF81F, 0xF81F, 0xF81F, 0xF81F, 0xF81F, 0xF81F, 0xF81F, 0xF81F,
  0xF81F, 0xF81F, 0xF81F, 0xF81F, 0xF81F, 0xF81F, 0xF81F, 0xF81F, 0xF81F, 0xBCEC, 0xBC47, 0xAC09, 0xCD2C, 0xBCAB, 0xC4A9, 0xCD2D,
  0xD590, 0xD5B0, 0xD5F3, 0xD656, 0xC4CB, 0xC488, 0xB3E6, 0xC447, 0xC4EC, 0xF81F, 0xF81F, 0xF81F, 0xF81F, 0xF81F, 0xF81F, 0xF81F,
  0xF81F, 0xF81F, 0xF81F, 0xF81F, 0xF81F, 0xF81F, 0xF81F, 0xF81F, 0xF81F, 0xB469, 0xC489, 0xDD8E, 0xD52C, 0xCCEA, 0xD50A, 0xE54A,
  0xED8B, 0xED8B, 0xED8B, 0xE58B, 0xD50A, 0xBCAA, 0xC4CC, 0xA3C8, 0xBC27, 0xCD91, 0xF81F, 0xF81F, 0xF81F, 0xF81F, 0xF81F, 0xF81F,
  0xF81F, 0xF81F, 0xF81F, 0xF81F, 0xF81F, 0xF81F, 0xF81F, 0xF81F, 0xF81F, 0xAC4A, 0xC488, 0xD52C, 0xC468, 0xC488, 0xDD4A, 0xDD4B,
  0xDD4B, 0xDD4B, 0xDD4B, 0xDD2A, 0xDD2A, 0xD50A, 0xDD8D, 0xDD8E, 0xB3E7, 0xB46A, 0xF81F, 0xF81F, 0xF81F, 0xF81F, 0xF81F, 0xF81F,
  0xF81F, 0xF81F, 0xF81F, 0xF81F, 0xF81F, 0xF81F, 0xF81F, 0xF81F, 0xF81F, 0xC594, 0xB407, 0xC489, 0xD4EA, 0xC4A9, 0xDD4B, 0xDD6C,
  0xDD6C, 0xDD6C, 0xDD6C, 0xDD6B, 0xD52A, 0xC468, 0xCCEA, 0xDD8E, 0xB3E7, 0xAC2A, 0xF81F, 0xF81F, 0xF81F, 0xF81F, 0xF81F, 0xF81F,
  0xF81F, 0xF81F, 0xF81F, 0xF81F, 0xF81F, 0xF81F, 0xF81F, 0xF81F, 0xF81F, 0xF81F, 0xC489, 0xCCC9, 0xDD2B, 0xCCCA, 0xD54B, 0xDD8C,
  0xDD6C, 0xDD6C, 0xDD6C, 0xDD6C, 0xCCEA, 0xCCC9, 0xD4E9, 0xBC69, 0xA364, 0xC593, 0xF81F, 0xF81F, 0xF81F, 0xF81F, 0xF81F, 0xF81F,
  0xF81F, 0xF81F, 0xF81F, 0xF81F, 0xF81F, 0xF81F, 0xF81F, 0xF81F, 0xF81F, 0xC50E, 0xD4A8, 0xD4E9, 0xDD4B, 0xCCEA, 0xD52B, 0xDD6C,
  0xDD6C, 0xDD6C, 0xDD6C, 0xDD6C, 0xCCCA, 0xD50A, 0xCCC9, 0xCC88, 0xB4CE, 0xF81F, 0xF81F, 0xF81F, 0xF81F, 0xF81F, 0xF81F, 0xF81F,
  0xF81F, 0xF81F, 0xF81F, 0xF81F, 0xF81F, 0xF81F, 0xF81F, 0xF81F, 0xF81F, 0xC468, 0xCC88, 0xD4EA, 0xDD4B, 0xCCEA, 0xD52B, 0xDD6C,
  0xDD6C, 0xDD6C, 0xDD6C, 0xD52B, 0xCCCA, 0xDD2B, 0xD4EA, 0xD4C9, 0xD636, 0xF81F, 0xF81F, 0xF81F, 0xF81F, 0xF81F, 0xF81F, 0xF81F,
  0xF81F, 0xF81F, 0xF81F, 0xF81F, 0xF81F, 0xF81F, 0xF81F, 0xF81F, 0xCDB4, 0xCC68, 0xCC88, 0xD4E9, 0xDD4B, 0xD4E9, 0xDD4B, 0xDD6C,
  0xDD6C, 0xDD4C, 0xDD6C, 0xD52B, 0xCCEA, 0xDD2B, 0xCCCA, 0xD4A8, 0xC50E, 0xF81F, 0xF81F, 0xF81F, 0xF81F, 0xF81F, 0xF81F, 0xF81F,
  0xF81F, 0xF81F, 0xF81F, 0xF81F, 0xF81F, 0xF81F, 0xF81F, 0xF81F, 0xBD0F, 0xBC27, 0xC468, 0xD509, 0xB428, 0x732B, 0x9BE9, 0xDD4B,
  0xD52B, 0xD52B, 0xDD6B, 0xCCCA, 0xCCCA, 0xD52A, 0xCCC9, 0xCC68, 0xBC8B, 0xF81F, 0xF81F, 0xF81F, 0xF81F, 0xF81F, 0xF81F, 0xF81F,
  0xF81F, 0xF81F, 0xF81F, 0xF81F, 0xF81F, 0xF81F, 0xF81F, 0xF81F, 0xB4AE, 0xB3C6, 0xBC07, 0xD4C9, 0x8307, 0x1905, 0x5A66, 0xDD6C,
  0xCD0C, 0xE56C, 0xA3C7, 0x5269, 0x72E8, 0xCCA8, 0xCCA8, 0xC427, 0xB44A, 0xF81F, 0xF81F, 0xF81F, 0xF81F, 0xF81F, 0xF81F, 0xF81F,
  0xF81F, 0xF81F, 0xF81F, 0xF81F, 0xF81F, 0xF81F, 0xF81F, 0xF81F, 0xB4CF, 0xA386, 0xABA6, 0xBC47, 0xABC6, 0x9BEA, 0xDDF0, 0x732A,
  0x734A, 0x838B, 0xBCEE, 0x4A06, 0x4184, 0xBC48, 0xBC47, 0xB3E6, 0xAC2A, 0xF81F, 0xF81F, 0xF81F, 0xF81F, 0xF81F, 0xF81F, 0xF81F,
  0xF81F, 0xF81F, 0xF81F, 0xF81F, 0xF81F, 0xF81F, 0xF81F, 0xF81F, 0xC5B5, 0xA366, 0x9B25, 0xA365, 0xBC49, 0xF672, 0xF672, 0x62A8,
  0x10C3, 0x5247, 0xF672, 0xDDAF, 0xA3A6, 0xBC07, 0xABC6, 0xABA6, 0xB48D, 0xF81F, 0xF81F, 0xF81F, 0xF81F, 0xF81F, 0xF81F, 0xF81F,
  0xF81F, 0xF81F, 0xF81F, 0xF81F, 0xF81F, 0xF81F, 0xF81F, 0xF81F, 0xF81F, 0x9388, 0x8AC4, 0x8AA4, 0xBC8B, 0xDDCF, 0xEE10, 0xD56F,
  0x7B28, 0xDDAF, 0xE5F0, 0xDDAF, 0xB449, 0x9B45, 0x9325, 0xA386, 0xCDB4, 0xF81F, 0xF81F, 0xF81F, 0xF81F, 0xF81F, 0xF81F, 0xF81F,
  0xF81F, 0xF81F, 0xF81F, 0xF81F, 0xF81F, 0xF81F, 0xF81F, 0xF81F, 0xF81F, 0xACAF, 0x8AC4, 0x7A42, 0xA3C7, 0xBCAB, 0xBC8B, 0xC4CB,
  0xBC49, 0xCD2D, 0xBCCB, 0xBCCB, 0xA3A7, 0x82A3, 0x92E4, 0xA3E9, 0xF81F, 0xF81F, 0xF81F, 0xF81F, 0xF81F, 0xF81F, 0xF81F, 0xF81F,
  0xF81F, 0xF81F, 0xF81F, 0xF81F, 0xF81F, 0xF81F, 0xF81F, 0xD636, 0xC4CD, 0x9346, 0x7222, 0x7202, 0x7A62, 0x9B86, 0x9BA7, 0xA3C7,
  0xA3C7, 0x9BA7, 0xA3C8, 0xAC28, 0x82A3, 0x8262, 0x9326, 0xF81F, 0xF81F, 0xF81F, 0xF81F, 0xF81F, 0xF81F, 0xF81F, 0xF81F, 0xF81F,
  0xF81F, 0xF81F, 0xF81F, 0xF81F, 0xF81F, 0xD637, 0xBCCC, 0xC468, 0xC447, 0xA345, 0x69E2, 0x61C2, 0x69E2, 0x69E2, 0x7A63, 0x82E5,
  0x9326, 0x9325, 0x9346, 0x82A4, 0x7A62, 0x8B07, 0xF81F, 0xF81F, 0xF81F, 0xF81F, 0xF81F, 0xF81F, 0xF81F, 0xF81F, 0xF81F, 0xF81F,
  0xF81F, 0xF81F, 0xF81F, 0xF81F, 0xC50E, 0xC468, 0xC447, 0xBC06, 0xB3C6, 0x82A4, 0x7A63, 0x8AC3, 0x8282, 0x7A62, 0x7263, 0x7263,
  0x6A43, 0x7263, 0x6A02, 0x6A02, 0x6A02, 0x7244, 0xBD31, 0xF81F, 0xF81F, 0xF81F, 0xF81F, 0xF81F, 0xF81F, 0xF81F, 0xF81F, 0xF81F,
  0xF81F, 0xF81F, 0xCE16, 0xBC69, 0xCC67, 0xBC06, 0xBC06, 0xB3C6, 0x92E4, 0x6A02, 0xA344, 0xB3C4, 0xABA4, 0xA3E7, 0x9BA7, 0x9386,
  0x9366, 0x9366, 0x8B25, 0x8AA3, 0x8AA3, 0x7A43, 0xAB86, 0xBCCD, 0xF81F, 0xF81F, 0xF81F, 0xF81F, 0xF81F, 0xF81F, 0xF81F, 0xF81F,
  0xF81F, 0xC5B3, 0xC488, 0xC426, 0xBC06, 0xBC06, 0xABA6, 0x9B24, 0x7244, 0x7A63, 0xB3A5, 0xBBE4, 0xCCA8, 0xD54C, 0xCD0B, 0xC4CA,
  0xC4AA, 0xC4CA, 0xC4CB, 0xBC26, 0xB3A4, 0x8283, 0x8AC4, 0xBBE6, 0xBC4A, 0xF81F, 0xF81F, 0xF81F, 0xF81F, 0xF81F, 0xF81F, 0xF81F,
  0xF81F, 0xBC48, 0xC427, 0xBBE6, 0xB3C6, 0xA365, 0x9B04, 0x9B89, 0xA490, 0x9304, 0xB3C5, 0xBC05, 0xD52B, 0xDD4C, 0xDD6C, 0xD54C,
  0xD54C, 0xDD6C, 0xDD6D, 0xCCC9, 0xB3C4, 0x8AC4, 0x8263, 0xA344, 0xBBE6, 0xBC49, 0xF81F, 0xF81F, 0xF81F, 0xF81F, 0xF81F, 0xF81F,
  0xAC4D, 0xABC6, 0xA365, 0x9B45, 0x8AC4, 0x8283, 0xA3EA, 0xF81F, 0xA46E, 0xA345, 0xB3E5, 0xC446, 0xDD6C, 0xDD6C, 0xDD6C, 0xDD4C,
  0xDD4C, 0xDD6C, 0xDD6D, 0xD50B, 0xB3E5, 0x9304, 0x7222, 0x9B03, 0xA364, 0xB3C6, 0xBC49, 0xF81F, 0xF81F, 0xF81F, 0xF81F, 0xF81F,
  0xACAF, 0x92E4, 0x9B45, 0xAB85, 0xB3E6, 0xB48C, 0xF81F, 0xF81F, 0x9368, 0xA365, 0xBBE5, 0xC467, 0xE58D, 0xE58D, 0xDD8D, 0xDD6C,
  0xDD6C, 0xE58D, 0xE58D, 0xD52B, 0xB3E5, 0x9B44, 0x7243, 0x8A82, 0xA323, 0xB3E6, 0xC426, 0xBC49, 0xCDD4, 0xF81F, 0xF81F, 0xF81F,
  0xF81F, 0x9B68, 0x9305, 0x8AC5, 0x92E5, 0xB3E7, 0xDE35, 0xF81F, 0x82A5, 0x8AA3, 0xAB85, 0xBC27, 0xDD6D, 0xE5AD, 0xE5AD, 0xDD6D,
  0xE58D, 0xEDAD, 0xE58D, 0xCCCA, 0xB3C5, 0x9304, 0x7285, 0x7244, 0xAB84, 0xA385, 0x8AC4, 0x8AE5, 0xA345, 0xB4AF, 0xF81F, 0xF81F,
  0xBD74, 0x82E6, 0x82E6, 0x8B27, 0x41C5, 0x7244, 0xABC7, 0xCDB3, 0x9346, 0x9304, 0x8AC3, 0xA385, 0xCCCB, 0xE58D, 0xE5AD, 0xE56D,
  0xE58D, 0xE58D, 0xD52C, 0xB407, 0xA344, 0x9B45, 0x9B87, 0xAC2B, 0xAB85, 0x6204, 0x49E5, 0x9347, 0x82E7, 0x8AE5, 0xC5D6, 0xF81F,
  0x9BCA, 0x82E6, 0x2103, 0x5A04, 0x2943, 0x6245, 0x92E5, 0xBC27, 0xCC87, 0xC447, 0xA365, 0x8AA3, 0x9B87, 0xC4CB, 0xD52C, 0xCCEB,
  0xCCEB, 0xCCEB, 0xAC08, 0x9324, 0xABA5, 0xC447, 0xCC87, 0xBC27, 0x8AE5, 0x5A25, 0x3143, 0x5204, 0x2103, 0x8B06, 0xA42D, 0xF81F,
  0x8349, 0x6A86, 0x4183, 0x6A65, 0x7AA5, 0x9346, 0x8AE5, 0x92E4, 0xB3E6, 0xB3E6, 0xABA5, 0x8283, 0x82A3, 0x8B26, 0xA3E8, 0xA3C8,
  0xA3C8, 0x9367, 0x82C4, 0x8AA3, 0xABA5, 0xBBE6, 0xB3C6, 0x8AA4, 0x8B06, 0x8B26, 0x7AA5, 0x6244, 0x4183, 0x72A6, 0x8BAB, 0xF81F,
  0x8BCD, 0x2923, 0x72A5, 0x5A04, 0x3164, 0x49E5, 0x82C5, 0x7A63, 0x9B04, 0x9B45, 0x92E4, 0x7223, 0x7243, 0x7A83, 0x7AA4, 0x7AA4,
  0x82A4, 0x82A4, 0x7A63, 0x7223, 0x92E4, 0x9B45, 0x9304, 0x7A63, 0x82C5, 0x49C4, 0x3164, 0x6244, 0x6A85, 0x2923, 0x9C70, 0xF81F,
  0xF81F, 0x7AE6, 0x6224, 0x18A1, 0x18E2, 0x41A4, 0x7A85, 0x7A43, 0x8AA4, 0x8AA4, 0x7223, 0x61C2, 0x6A02, 0x7243, 0x7A63, 0x7A63,
  0x8283, 0x7A63, 0x7243, 0x61E2, 0x7203, 0x8283, 0x8283, 0x7243, 0x7A85, 0x3963, 0x18E2, 0x18A1, 0x6A64, 0x7B07, 0xF81F, 0xF81F,
  0xF81F, 0xF81F, 0x72E8, 0x20E1, 0x6244, 0x9346, 0x7223, 0x7223, 0x7A64, 0x93CC, 0xF81F, 0xF81F, 0xB534, 0xA4B1, 0xA470, 0xA490,
  0xA4B1, 0xACF2, 0xBD75, 0xF81F, 0xF81F, 0x8B8B, 0x7224, 0x7223, 0x7243, 0x9346, 0x5A04, 0x20E1, 0x8349, 0xF81F, 0xF81F, 0xF81F,
  0xF81F, 0xF81F, 0xF81F, 0xAD13, 0x9BCB, 0x7AE8, 0x93CD, 0xB533, 0xF81F, 0xF81F, 0xF81F, 0xF81F, 0xF81F, 0xF81F, 0xF81F, 0xF81F,
  0xF81F, 0xF81F, 0xF81F, 0xF81F, 0xF81F, 0xF81F, 0xF81F, 0xACF2, 0x8B8C, 0x7AE8, 0x9C0C, 0xB533, 0xF81F, 0xF81F, 0xF81F, 0xF81F,
};

const uint16_t icon_plant[1024] PROGMEM = {
  0xF81F, 0xF81F, 0xF81F, 0xF81F, 0xF81F, 0xF81F, 0xF81F, 0xF81F, 0xF81F, 0xF81F, 0xF81F, 0xF81F, 0xF81F, 0xF81F, 0xF81F, 0xBEB4,
  0x9E6B, 0xAE12, 0xF81F, 0xF81F, 0xF81F, 0xF81F, 0xF81F, 0xF81F, 0xF81F, 0xF81F, 0xF81F, 0xF81F, 0xF81F, 0xF81F, 0xF81F, 0xF81F,
  0xF81F, 0xF81F, 0xF81F, 0xF81F, 0xF81F, 0xF81F, 0xF81F, 0xF81F, 0xF81F, 0xF81F, 0xF81F, 0xF81F, 0xF81F, 0xF81F, 0xA66F, 0x96A8,
  0x8E86, 0xC696, 0xF81F, 0xF81F, 0xF81F, 0xF81F, 0xF81F, 0xF81F, 0xF81F, 0xF81F, 0xF81F, 0xF81F, 0xF81F, 0xF81F, 0xF81F, 0xF81F,
  0xF81F, 0xF81F, 0xF81F, 0xF81F, 0xF81F, 0xF81F, 0xF81F, 0xF81F, 0xF81F, 0xF81F, 0xF81F, 0xF81F, 0xF81F, 0xAE51, 0x9EEA, 0x7DC6,
  0x8606, 0xB653, 0xF81F, 0xF81F, 0xF81F, 0xF81F, 0xF81F, 0xF81F, 0xB634, 0xF81F, 0xF81F, 0xF81F, 0xF81F, 0xF81F, 0xF81F, 0xF81F,
  0xF81F, 0xF81F, 0xF81F, 0xF81F, 0xF81F, 0xF81F, 0xF81F, 0xF81F, 0xF81F, 0xF81F, 0xF81F, 0xF81F, 0xF81F, 0x8588, 0x7DA5, 0x7545,
  0x85E5, 0xA610, 0xF81F, 0xF81F, 0xF81F, 0xF81F, 0xAE11, 0x8585, 0x8D69, 0xF81F, 0xF81F, 0xF81F, 0xF81F, 0xF81F, 0xF81F, 0xF81F,
  0xF81F, 0xF81F, 0xF81F, 0xF81F, 0xF81F, 0xF81F, 0xF81F, 0xF81F, 0xF81F, 0xF81F, 0xF81F, 0xF81F, 0xF81F, 0x7505, 0x7524, 0x6CE4,
  0x7564, 0xADF1, 0xF81F, 0xF81F, 0xF81F, 0x8D89, 0x7D83, 0x7DA4, 0x8D49, 0xF81F, 0xF81F, 0xF81F, 0xF81F, 0xF81F, 0xF81F, 0xF81F,
  0xF81F, 0xF81F, 0xF81F, 0xF81F, 0xF81F, 0xF81F, 0xF81F, 0xF81F, 0xC6B7, 0xF81F, 0xF81F, 0xF81F, 0xF81F, 0x954C, 0x6CE3, 0x64A3,
  0x6482, 0xF81F, 0xF81F, 0xF81F, 0x7526, 0x7563, 0x6D04, 0x7544, 0x8D4B, 0xF81F, 0xF81F, 0xF81F, 0xF81F, 0xF81F, 0xF81F, 0xF81F,
  0xF81F, 0xF81F, 0xF81F, 0xF81F, 0xF81F, 0xAE12, 0x9609, 0x85C7, 0x8E08, 0x8E08, 0x85C8, 0x95AC, 0xF81F, 0xF81F, 0x6C66, 0x6CA2,
  0x6C47, 0xF81F, 0xF81F, 0x8D4B, 0x7543, 0x6CA4, 0x6CE4, 0x7523, 0xA5D1, 0xF81F, 0xF81F, 0xF81F, 0xF81F, 0xF81F, 0xF81F, 0xF81F,
  0xF81F, 0xF81F, 0xF81F, 0xF81F, 0xF81F, 0xF81F, 0x8587, 0x7D85, 0x7D46, 0x7546, 0x7546, 0x7564, 0x74C6, 0xF81F, 0xF81F, 0x7C89,
  0xADB2, 0xF81F, 0xF81F, 0x64A4, 0x64A3, 0x6CC4, 0x64A4, 0x6CA3, 0xF81F, 0xF81F, 0xF81F, 0xF81F, 0xF81F, 0xF81F, 0xF81F, 0xF81F,
  0xF81F, 0xF81F, 0xF81F, 0xF81F, 0xF81F, 0xF81F, 0xF81F, 0x7525, 0x7524, 0x6CA4, 0x64A4, 0x64A4, 0x64C3, 0x74A8, 0xF81F, 0xF81F,
  0xF81F, 0xF81F, 0xB635, 0x64A3, 0x6CC4, 0x6CA4, 0x7504, 0x8D2C, 0xF81F, 0xF81F, 0xF81F, 0xF81F, 0xF81F, 0xF81F, 0xF81F, 0xF81F,
  0xF81F, 0xF81F, 0xF81F, 0xF81F, 0xF81F, 0xF81F, 0xF81F, 0xF81F, 0x74E4, 0x6D04, 0x6463, 0x5C63, 0x6443, 0x5C83, 0xADD2, 0xF81F,
  0xBE15, 0xF81F, 0xA5B0, 0x7524, 0x6CC4, 0x6D04, 0x8509, 0xF81F, 0xF81F, 0xF81F, 0xF81F, 0xF81F, 0xF81F, 0xF81F, 0xF81F, 0xF81F,
  0xF81F, 0xF81F, 0xF81F, 0xF81F, 0xF81F, 0xF81F, 0xF81F, 0xF81F, 0xF81F, 0x84EA, 0x6443, 0x6463, 0x5C63, 0x64A3, 0x6425, 0xF81F,
  0xF81F, 0xF81F, 0x8D0A, 0x74C5, 0x74C8, 0xAE13, 0xF81F, 0xF81F, 0xF81F, 0xF81F, 0xF81F, 0xF81F, 0xF81F, 0xF81F, 0xF81F, 0xF81F,
  0xF81F, 0xF81F, 0xB615, 0xBE75, 0xBE76, 0xBE75, 0xF81F, 0xF81F, 0xF81F, 0xF81F, 0xF81F, 0xB614, 0xA591, 0xADD3, 0xF81F, 0xF81F,
  0xADD3, 0xADB2, 0xF81F, 0xF81F, 0xF81F, 0xF81F, 0xB654, 0xA60F, 0x960E, 0x95EE, 0xA630, 0xC696, 0xF81F, 0xF81F, 0xF81F, 0xF81F,
  0xF81F, 0xF81F, 0xBE56, 0x85A8, 0x7DA8, 0x7D67, 0x7546, 0x6CE5, 0x6CC5, 0x852A, 0xB635, 0xF81F, 0xF81F, 0xF81F, 0xF81F, 0xF81F,
  0xB613, 0xF81F, 0xF81F, 0xF81F, 0xADF2, 0x7D67, 0x85E8, 0x7DE7, 0x7DC7, 0x85E7, 0x8628, 0x8E68, 0x7D89, 0xB615, 0xF81F, 0xF81F,
  0xF81F, 0xF81F, 0xF81F, 0x9DAF, 0x7D88, 0x6CC7, 0x6CC5, 0x64A5, 0x6485, 0x64A4, 0x6484, 0x74A8, 0xF81F, 0xF81F, 0xF81F, 0xF81F,
  0xA58F, 0xF81F, 0xF81F, 0x958F, 0x7D66, 0x6D06, 0x6D06, 0x6D05, 0x7567, 0x7D88, 0x85E8, 0x8DCC, 0xF81F, 0xF81F, 0xF81F, 0xF81F,
  0xF81F, 0xF81F, 0xF81F, 0xF81F, 0x74C7, 0x6CE6, 0x6465, 0x5C24, 0x5403, 0x5404, 0x5C04, 0x5C44, 0x5C44, 0xBE35, 0xF81F, 0xBE34,
  0xB613, 0xF81F, 0xB635, 0x6D26, 0x64C5, 0x64A4, 0x6D05, 0x7548, 0x7DAA, 0x85E9, 0x95AE, 0xF81F, 0xF81F, 0xF81F, 0xF81F, 0xF81F,
  0xF81F, 0xF81F, 0xF81F, 0xF81F, 0xF81F, 0x6C66, 0x6484, 0x5404, 0x4BC3, 0x4BA3, 0x4B83, 0x4BA2, 0x5C23, 0x6C47, 0xF81F, 0x9D6C,
  0xF81F, 0xF81F, 0x6CA5, 0x7505, 0x6CA5, 0x64C5, 0x6D07, 0x7DA9, 0x85C9, 0x9DB0, 0xF81F, 0xF81F, 0xF81F, 0xF81F, 0xF81F, 0xF81F,
  0xF81F, 0xF81F, 0xF81F, 0xF81F, 0xF81F, 0xF81F, 0x7489, 0x5C03, 0x53E3, 0x53C3, 0x4B82, 0x53A5, 0x9D51, 0xF81F, 0xF81F, 0x84C8,
  0xBE14, 0xF81F, 0x954F, 0x6C87, 0x5C65, 0x64A5, 0x64A6, 0x7D0A, 0xB635, 0xF81F, 0xF81F, 0xF81F, 0xF81F, 0xF81F, 0xF81F, 0xF81F,
  0xF81F, 0xF81F, 0xF81F, 0xF81F, 0xF81F, 0xF81F, 0xF81F, 0xB5F5, 0x950F, 0x9530, 0xF81F, 0xF81F, 0xF81F, 0xF81F, 0xF81F, 0x8D0A,
  0xF81F, 0xF81F, 0xF81F, 0xF81F, 0xF81F, 0xF81F, 0xF81F, 0xF81F, 0xF81F, 0xF81F, 0xF81F, 0xF81F, 0xF81F, 0xF81F, 0xF81F, 0xF81F,
  0xF81F, 0xF81F, 0xF81F, 0xF81F, 0xF81F, 0xF81F, 0xF81F, 0xF81F, 0xF81F, 0xF81F, 0xCDD8, 0xB4D3, 0xA450, 0xA42F, 0xA3EE, 0x8486,
  0x8409, 0xA3EE, 0xA42E, 0x9C50, 0xBD14, 0xD5D7, 0xF81F, 0xF81F, 0xF81F, 0xF81F, 0xF81F, 0xF81F, 0xF81F, 0xF81F, 0xF81F, 0xF81F,
  0xF81F, 0xF81F, 0xF81F, 0xF81F, 0xF81F, 0xF81F, 0xF81F, 0xDDD6, 0xCC4E, 0x7AC9, 0x6268, 0x6A88, 0x6A88, 0x6A67, 0x6A47, 0x62A6,
  0x6286, 0x6247, 0x6267, 0x6247, 0x6267, 0x7288, 0xBBAA, 0xECAE, 0xDDF7, 0xF81F, 0xF81F, 0xF81F, 0xF81F, 0xF81F, 0xF81F, 0xF81F,
  0xF81F, 0xF81F, 0xF81F, 0xF81F, 0xF81F, 0xF81F, 0xF81F, 0xE4EE, 0xFD0C, 0xDC2B, 0xBBCA, 0xAB89, 0x9B29, 0x92E8, 0x82C8, 0x82A8,
  0x82A8, 0x82C8, 0x92E8, 0x9308, 0xA328, 0xB389, 0xC3C9, 0xE42A, 0xC48E, 0xF81F, 0xF81F, 0xF81F, 0xF81F, 0xF81F, 0xF81F, 0xF81F,
  0xF81F, 0xF81F, 0xF81F, 0xF81F, 0xF81F, 0xF81F, 0xF81F, 0xED4F, 0xFCEA, 0xFCCA, 0xFCCA, 0xFCCA, 0xFCAA, 0xFCAA, 0xFC6A, 0xF46A,
  0xF449, 0xEC29, 0xE408, 0xE3E8, 0xDBC8, 0xCBA7, 0xC387, 0xBB87, 0xBCD0, 0xF81F, 0xF81F, 0xF81F, 0xF81F, 0xF81F, 0xF81F, 0xF81F,
  0xF81F, 0xF81F, 0xF81F, 0xF81F, 0xF81F, 0xF81F, 0xF81F, 0xED92, 0xFD2B, 0xFCEA, 0xFCCA, 0xFCA9, 0xFCA9, 0xFC89, 0xF468, 0xEC28,
  0xE428, 0xDC07, 0xD3E7, 0xD3C7, 0xCBA7, 0xC387, 0xBB87, 0xC3C8, 0xC512, 0xF81F, 0xF81F, 0xF81F, 0xF81F, 0xF81F, 0xF81F, 0xF81F,
  0xF81F, 0xF81F, 0xF81F, 0xF81F, 0xF81F, 0xF81F, 0xF81F, 0xEDD3, 0xFD6B, 0xFD0B, 0xFD0A, 0xFCEA, 0xFCEA, 0xFCCA, 0xF4A9, 0xF489,
  0xEC89, 0xE448, 0xDC28, 0xD408, 0xCBE8, 0xC3C8, 0xC3A8, 0xC3E8, 0xCD74, 0xF81F, 0xF81F, 0xF81F, 0xF81F, 0xF81F, 0xF81F, 0xF81F,
  0xF81F, 0xF81F, 0xF81F, 0xF81F, 0xF81F, 0xF81F, 0xF81F, 0xE678, 0xFD6B, 0xFD4B, 0xFD2B, 0xFD2B, 0xFD0A, 0xFCEA, 0xFCC9, 0xF4A9,
  0xEC89, 0xE469, 0xE448, 0xDC28, 0xD408, 0xCBE8, 0xCBE8, 0xBBC8, 0xF81F, 0xF81F, 0xF81F, 0xF81F, 0xF81F, 0xF81F, 0xF81F, 0xF81F,
  0xF81F, 0xF81F, 0xF81F, 0xF81F, 0xF81F, 0xF81F, 0xF81F, 0xF81F, 0xE615, 0xECEA, 0xF50A, 0xFD0A, 0xFD0A, 0xFD0A, 0xFD0A, 0xFCEA,
  0xFCCA, 0xECA9, 0xE489, 0xDC49, 0xD428, 0xC3C7, 0xB387, 0xCDF6, 0xF81F, 0xF81F, 0xF81F, 0xF81F, 0xF81F, 0xF81F, 0xF81F, 0xF81F,
  0xF81F, 0xF81F, 0xF81F, 0xF81F, 0xF81F, 0xF81F, 0xF81F, 0xF81F, 0xF81F, 0xE48B, 0xEC68, 0xDC28, 0xDC28, 0xD407, 0xCBE7, 0xCBE7,
  0xC3C7, 0xBB87, 0xAB46, 0xA326, 0x9AE5, 0x9AE6, 0x9B69, 0xF81F, 0xF81F, 0xF81F, 0xF81F, 0xF81F, 0xF81F, 0xF81F, 0xF81F, 0xF81F,
  0xF81F, 0xF81F, 0xF81F, 0xF81F, 0xF81F, 0xF81F, 0xF81F, 0xF81F, 0xF81F, 0xF58F, 0xFD6B, 0xF4EA, 0xF4CA, 0xEC89, 0xDC48, 0xD428,
  0xCBE8, 0xC3C7, 0xBBA7, 0xB387, 0xB387, 0xB3A8, 0xB46E, 0xF81F, 0xF81F, 0xF81F, 0xF81F, 0xF81F, 0xF81F, 0xF81F, 0xF81F, 0xF81F,
  0xF81F, 0xF81F, 0xF81F, 0xF81F, 0xF81F, 0xF81F, 0xF81F, 0xF81F, 0xF81F, 0xEDF2, 0xFDCC, 0xFD6B, 0xFD4B, 0xFD4B, 0xFD2B, 0xFD0A,
  0xF4EA, 0xECA9, 0xE469, 0xD449, 0xCC08, 0xCC09, 0xBCF1, 0xF81F, 0xF81F, 0xF81F, 0xF81F, 0xF81F, 0xF81F, 0xF81F, 0xF81F, 0xF81F,
  0xF81F, 0xF81F, 0xF81F, 0xF81F, 0xF81F, 0xF81F, 0xF81F, 0xF81F, 0xF81F, 0xE657, 0xFDAC, 0xFD6B, 0xFD4B, 0xFD2B, 0xFD0A, 0xF4EA,
  0xF4CA, 0xE489, 0xDC69, 0xD429, 0xCC08, 0xC3E8, 0xCE17, 0xF81F, 0xF81F, 0xF81F, 0xF81F, 0xF81F, 0xF81F, 0xF81F, 0xF81F, 0xF81F,
  0xF81F, 0xF81F, 0xF81F, 0xF81F, 0xF81F, 0xF81F, 0xF81F, 0xF81F, 0xF81F, 0xF81F, 0xE5D2, 0xF52B, 0xFD6B, 0xFD4B, 0xFD2A, 0xF4EA,
  0xF4CA, 0xECA9, 0xDC69, 0xD428, 0xBBC8, 0xC532, 0xF81F, 0xF81F, 0xF81F, 0xF81F, 0xF81F, 0xF81F, 0xF81F, 0xF81F, 0xF81F, 0xF81F,
  0xF81F, 0xF81F, 0xF81F, 0xF81F, 0xF81F, 0xF81F, 0xF81F, 0xF81F, 0xF81F, 0xF81F, 0xF81F, 0xF81F, 0xE5B2, 0xE50D, 0xE4AA, 0xDC48,
  0xD428, 0xCC29, 0xC46C, 0xCD52, 0xF81F, 0xF81F, 0xF81F, 0xF81F, 0xF81F, 0xF81F, 0xF81F, 0xF81F, 0xF81F, 0xF81F, 0xF81F, 0xF81F,
};

const uint16_t icon_water[1024] PROGMEM = {
  0xF81F, 0xF81F, 0xF81F, 0xF81F, 0xF81F, 0xF81F, 0xF81F, 0xF81F, 0xF81F, 0xF81F, 0xF81F, 0xF81F, 0xF81F, 0xF81F, 0xAE7C, 0x767D,
  0xF81F, 0xF81F, 0xF81F, 0xF81F, 0xF81F, 0xF81F, 0xF81F, 0xF81F, 0xF81F, 0xF81F, 0xF81F, 0xF81F, 0xF81F, 0xF81F, 0xF81F, 0xF81F,
  0xF81F, 0xF81F, 0xF81F, 0xF81F, 0xF81F, 0xF81F, 0xF81F, 0xF81F, 0xF81F, 0xF81F, 0xF81F, 0xF81F, 0xF81F, 0xF81F, 0x65DC, 0xF7FF,
  0x5D9C, 0xF81F, 0xF81F, 0xF81F, 0xF81F, 0xF81F, 0xF81F, 0xF81F, 0xF81F, 0xF81F, 0xF81F, 0xF81F, 0xF81F, 0xF81F, 0xF81F, 0xF81F,
  0xF81F, 0xF81F, 0xF81F, 0xF81F, 0xF81F, 0xF81F, 0xF81F, 0xF81F, 0xF81F, 0xF81F, 0xF81F, 0xF81F, 0xF81F, 0x757A, 0x8F1F, 0xFFFF,
  0x7EDF, 0x8DBA, 0xF81F, 0xF81F, 0xF81F, 0xF81F, 0xF81F, 0xF81F, 0xF81F, 0xF81F, 0xF81F, 0xF81F, 0xF81F, 0xF81F, 0xF81F, 0xF81F,
  0xF81F, 0xF81F, 0xF81F, 0xF81F, 0xF81F, 0xF81F, 0xF81F, 0xF81F, 0xF81F, 0xF81F, 0xF81F, 0xF81F, 0xF81F, 0x1CDB, 0xBF9F, 0xE7FF,
  0xB77F, 0x1CBA, 0xF81F, 0xF81F, 0xF81F, 0xF81F, 0xF81F, 0xF81F, 0xF81F, 0xF81F, 0xF81F, 0xF81F, 0xF81F, 0xF81F, 0xF81F, 0xF81F,
  0xF81F, 0xF81F, 0xF81F, 0xF81F, 0xF81F, 0xF81F, 0xF81F, 0xF81F, 0xF81F, 0xF81F, 0xF81F, 0xF81F, 0x7D7A, 0x2DDF, 0xDFDF, 0xD7DF,
  0xDFDF, 0x259E, 0x8DBA, 0xF81F, 0xF81F, 0xF81F, 0xF81F, 0xF81F, 0xF81F, 0xF81F, 0xF81F, 0xF81F, 0xF81F, 0xF81F, 0xF81F, 0xF81F,
  0xF81F, 0xF81F, 0xF81F, 0xF81F, 0xF81F, 0xF81F, 0xF81F, 0xF81F, 0xF81F, 0xF81F, 0xF81F, 0xF81F, 0x1C79, 0x667F, 0xEFFF, 0xCFBF,
  0xEFFF, 0x565F, 0x2479, 0xF81F, 0xF81F, 0xF81F, 0xF81F, 0xF81F, 0xF81F, 0xF81F, 0xF81F, 0xF81F, 0xF81F, 0xF81F, 0xF81F, 0xF81F,
  0xF81F, 0xF81F, 0xF81F, 0xF81F, 0xF81F, 0xF81F, 0xF81F, 0xF81F, 0xF81F, 0xF81F, 0xF81F, 0x8D9A, 0x04FD, 0x9EFF, 0xE7FF, 0xCFBF,
  0xEFFF, 0x96DF, 0x04DD, 0x95BA, 0xF81F, 0xF81F, 0xF81F, 0xF81F, 0xF81F, 0xF81F, 0xF81F, 0xF81F, 0xF81F, 0xF81F, 0xF81F, 0xF81F,
  0xF81F, 0xF81F, 0xF81F, 0xF81F, 0xF81F, 0xF81F, 0xF81F, 0xF81F, 0xF81F, 0xF81F, 0xF81F, 0x1C58, 0x0D9F, 0xC77F, 0xDFFF, 0xCFBF,
  0xE7FF, 0xC77F, 0x0D7E, 0x2458, 0xF81F, 0xF81F, 0xF81F, 0xF81F, 0xF81F, 0xF81F, 0xF81F, 0xF81F, 0xF81F, 0xF81F, 0xF81F, 0xF81F,
  0xF81F, 0xF81F, 0xF81F, 0xF81F, 0xF81F, 0xF81F, 0xF81F, 0xF81F, 0xF81F, 0xF81F, 0x8D99, 0x04DC, 0x3DFF, 0xE7DF, 0xD7DF, 0xD7BF,
  0xDFDF, 0xE7DF, 0x35DE, 0x04BC, 0x95BA, 0xF81F, 0xF81F, 0xF81F, 0xF81F, 0xF81F, 0xF81F, 0xF81F, 0xF81F, 0xF81F, 0xF81F, 0xF81F,
  0xF81F, 0xF81F, 0xF81F, 0xF81F, 0xF81F, 0xF81F, 0xF81F, 0xF81F, 0xF81F, 0xF81F, 0x2458, 0x053E, 0x767F, 0xEFFF, 0xD7DF, 0xD7DF,
  0xD7DF, 0xEFFF, 0x6E7F, 0x053E, 0x2437, 0xF81F, 0xF81F, 0xF81F, 0xF81F, 0xF81F, 0xF81F, 0xF81F, 0xF81F, 0xF81F, 0xF81F, 0xF81F,
  0xF81F, 0xF81F, 0xF81F, 0xF81F, 0xF81F, 0xF81F, 0xF81F, 0xF81F, 0xF81F, 0x95BA, 0x04BB, 0x055E, 0xAF1F, 0xE7FF, 0xD7DF, 0xD7BF,
  0xD7DF, 0xEFFF, 0xA71F, 0x055E, 0x04BB, 0x8D99, 0xF81F, 0xF81F, 0xF81F, 0xF81F, 0xF81F, 0xF81F, 0xF81F, 0xF81F, 0xF81F, 0xF81F,
  0xF81F, 0xF81F, 0xF81F, 0xF81F, 0xF81F, 0xF81F, 0xF81F, 0xF81F, 0xF81F, 0x2437, 0x051D, 0x25BF, 0xD79F, 0xDFFF, 0xD7DF, 0xCFBF,
  0xD7BF, 0xE7FF, 0xD79F, 0x25BE, 0x051D, 0x2437, 0xF81F, 0xF81F, 0xF81F, 0xF81F, 0xF81F, 0xF81F, 0xF81F, 0xF81F, 0xF81F, 0xF81F,
  0xF81F, 0xF81F, 0xF81F, 0xF81F, 0xF81F, 0xF81F, 0xF81F, 0xF81F, 0x9DDA, 0x049B, 0x053D, 0x5E5F, 0xE7DF, 0xD7FF, 0xCFFF, 0xCFFF,
  0xD7DF, 0xD7FF, 0xEFFF, 0x5E3F, 0x053D, 0x049B, 0x95BA, 0xF81F, 0xF81F, 0xF81F, 0xF81F, 0xF81F, 0xF81F, 0xF81F, 0xF81F, 0xF81F,
  0xF81F, 0xF81F, 0xF81F, 0xF81F, 0xF81F, 0xF81F, 0xF81F, 0xF81F, 0x3457, 0x051D, 0x055E, 0x9EFF, 0xE7FF, 0xD7FF, 0xCFFF, 0xCFFF,
  0xCFFF, 0xD7DF, 0xE7FF, 0xA6FF, 0x055E, 0x04FD, 0x2C37, 0xF81F, 0xF81F, 0xF81F, 0xF81F, 0xF81F, 0xF81F, 0xF81F, 0xF81F, 0xF81F,
  0xF81F, 0xF81F, 0xF81F, 0xF81F, 0xF81F, 0xF81F, 0xF81F, 0xF81F, 0x0439, 0x051D, 0x2DDF, 0xCFBF, 0xD7FF, 0xCFFF, 0xC7FF, 0xC7FF,
  0xC7DF, 0xCFDF, 0xD7FF, 0xD79F, 0x2DBF, 0x051D, 0x045A, 0xF81F, 0xF81F, 0xF81F, 0xF81F, 0xF81F, 0xF81F, 0xF81F, 0xF81F, 0xF81F,
  0xF81F, 0xF81F, 0xF81F, 0xF81F, 0xF81F, 0xF81F, 0xF81F, 0x5CF8, 0x04DC, 0x053E, 0x6E7F, 0xDFFF, 0xCFFF, 0xC7FF, 0xBFFF, 0xBFFF,
  0xBFDF, 0xC7BF, 0xC7BF, 0xE7DF, 0x6E5F, 0x053D, 0x04DC, 0x54B8, 0xF81F, 0xF81F, 0xF81F, 0xF81F, 0xF81F, 0xF81F, 0xF81F, 0xF81F,
  0xF81F, 0xF81F, 0xF81F, 0xF81F, 0xF81F, 0xF81F, 0xF81F, 0x1C17, 0x04FD, 0x0D5F, 0x9F1F, 0xCFFF, 0xBFDF, 0xBFDF, 0xB7DF, 0xB7DF,
  0xB7BF, 0xB79F, 0xBF7F, 0xD79F, 0xA6FF, 0x053E, 0x04FC, 0x13F7, 0xF81F, 0xF81F, 0xF81F, 0xF81F, 0xF81F, 0xF81F, 0xF81F, 0xF81F,
  0xF81F, 0xF81F, 0xF81F, 0xF81F, 0xF81F, 0xF81F, 0xF81F, 0x03F8, 0x04FD, 0x259F, 0xB73F, 0xBFBF, 0xB7BF, 0xAFBF, 0xAFBF, 0xAFBF,
  0xAF9F, 0xAF7F, 0xAF5F, 0xBF5F, 0xBF3F, 0x1D7E, 0x04FC, 0x0419, 0xF81F, 0xF81F, 0xF81F, 0xF81F, 0xF81F, 0xF81F, 0xF81F, 0xF81F,
  0xF81F, 0xF81F, 0xF81F, 0xF81F, 0xF81F, 0xF81F, 0x8579, 0x047A, 0x051D, 0x35DF, 0xB73F, 0xAF7F, 0xAF9F, 0xA79F, 0xA79F, 0xA79F,
  0xA77F, 0xA75F, 0xA73F, 0xAF1F, 0xBF1F, 0x2D9E, 0x04FC, 0x047A, 0x7539, 0xF81F, 0xF81F, 0xF81F, 0xF81F, 0xF81F, 0xF81F, 0xF81F,
  0xF81F, 0xF81F, 0xF81F, 0xF81F, 0xF81F, 0xF81F, 0x5CF8, 0x049B, 0x051D, 0x2DBF, 0x9EFF, 0xA75F, 0x9F7F, 0x9F9F, 0x9F9F, 0x9F7F,
  0x9F5F, 0x9F3F, 0x9EFF, 0x9EFF, 0xA6BF, 0x259E, 0x04FC, 0x049B, 0x4C98, 0xF81F, 0xF81F, 0xF81F, 0xF81F, 0xF81F, 0xF81F, 0xF81F,
  0xF81F, 0xF81F, 0xF81F, 0xF81F, 0xF81F, 0xF81F, 0x44B8, 0x04BC, 0x0D3D, 0x25BF, 0x769F, 0x971F, 0x975F, 0x975F, 0x975F, 0x975F,
  0x8F3F, 0x8F1F, 0x8EDF, 0x8EBF, 0x763F, 0x157E, 0x051C, 0x04BC, 0x3457, 0xF81F, 0xF81F, 0xF81F, 0xF81F, 0xF81F, 0xF81F, 0xF81F,
  0xF81F, 0xF81F, 0xF81F, 0xF81F, 0xF81F, 0xF81F, 0x44B8, 0x0CFD, 0x0D3E, 0x1D9F, 0x463F, 0x6EBF, 0x76FF, 0x7F1F, 0x7F1F, 0x7F1F,
  0x7EFF, 0x76BF, 0x6E7F, 0x663F, 0x3DBF, 0x055E, 0x051D, 0x0CFC, 0x2C99, 0xF81F, 0xF81F, 0xF81F, 0xF81F, 0xF81F, 0xF81F, 0xF81F,
  0xF81F, 0xF81F, 0xF81F, 0xF81F, 0xF81F, 0xF81F, 0x4D1A, 0x1D3E, 0x153E, 0x1D9F, 0x2DFF, 0x3E5F, 0x4E7F, 0x4EBF, 0x56BF, 0x569F,
  0x4E7F, 0x465F, 0x3E1F, 0x25DF, 0x157F, 0x055E, 0x0D1D, 0x1D3E, 0x34FA, 0xF81F, 0xF81F, 0xF81F, 0xF81F, 0xF81F, 0xF81F, 0xF81F,
  0xF81F, 0xF81F, 0xF81F, 0xF81F, 0xF81F, 0xF81F, 0x659C, 0x259F, 0x153E, 0x1D7F, 0x25BF, 0x2E1F, 0x363F, 0x365F, 0x365F, 0x365F,
  0x2E3F, 0x25FF, 0x1DDF, 0x159F, 0x0D7F, 0x0D3D, 0x153D, 0x257F, 0x4D7B, 0xF81F, 0xF81F, 0xF81F, 0xF81F, 0xF81F, 0xF81F, 0xF81F,
  0xF81F, 0xF81F, 0xF81F, 0xF81F, 0xF81F, 0xF81F, 0x8E3C, 0x25BF, 0x1D5E, 0x155E, 0x1D9F, 0x25BF, 0x2DFF, 0x2E1F, 0x361F, 0x2E1F,
  0x2DFF, 0x25DF, 0x1D9F, 0x157F, 0x0D3E, 0x0D3D, 0x1D3D, 0x25BF, 0x7DFC, 0xF81F, 0xF81F, 0xF81F, 0xF81F, 0xF81F, 0xF81F, 0xF81F,
  0xF81F, 0xF81F, 0xF81F, 0xF81F, 0xF81F, 0xF81F, 0xF81F, 0x2D9E, 0x257E, 0x153D, 0x155E, 0x1D7F, 0x259F, 0x25BF, 0x25BF, 0x25BF,
  0x259F, 0x1D7F, 0x155F, 0x0D3E, 0x0D1D, 0x153D, 0x1D5E, 0x2DBF, 0xF81F, 0xF81F, 0xF81F, 0xF81F, 0xF81F, 0xF81F, 0xF81F, 0xF81F,
  0xF81F, 0xF81F, 0xF81F, 0xF81F, 0xF81F, 0xF81F, 0xF81F, 0x5DDD, 0x2DFF, 0x1D3E, 0x153D, 0x153E, 0x1D5F, 0x1D5F, 0x1D7F, 0x1D7F,
  0x1D5F, 0x153E, 0x0D3D, 0x0D1D, 0x151D, 0x1D3D, 0x2DFF, 0x55DD, 0xF81F, 0xF81F, 0xF81F, 0xF81F, 0xF81F, 0xF81F, 0xF81F, 0xF81F,
  0xF81F, 0xF81F, 0xF81F, 0xF81F, 0xF81F, 0xF81F, 0xF81F, 0xF81F, 0x35FF, 0x2DBF, 0x1D5E, 0x153D, 0x151D, 0x153E, 0x153E, 0x153E,
  0x151D, 0x0D1D, 0x151D, 0x151D, 0x1D3D, 0x2DBF, 0x363F, 0xF81F, 0xF81F, 0xF81F, 0xF81F, 0xF81F, 0xF81F, 0xF81F, 0xF81F, 0xF81F,
  0xF81F, 0xF81F, 0xF81F, 0xF81F, 0xF81F, 0xF81F, 0xF81F, 0xF81F, 0x967D, 0x367F, 0x2DDF, 0x255E, 0x1D3D, 0x151D, 0x151D, 0x151D,
  0x151D, 0x151D, 0x1D3D, 0x255E, 0x2DDF, 0x369F, 0x865D, 0xF81F, 0xF81F, 0xF81F, 0xF81F, 0xF81F, 0xF81F, 0xF81F, 0xF81F, 0xF81F,
  0xF81F, 0xF81F, 0xF81F, 0xF81F, 0xF81F, 0xF81F, 0xF81F, 0xF81F, 0xF81F, 0x967D, 0x3E7F, 0x367F, 0x2DBF, 0x257E, 0x255E, 0x1D3E,
  0x255E, 0x257E, 0x2DBF, 0x365F, 0x3E9F, 0x867D, 0xF81F, 0xF81F, 0xF81F, 0xF81F, 0xF81F, 0xF81F, 0xF81F, 0xF81F, 0xF81F, 0xF81F,
  0xF81F, 0xF81F, 0xF81F, 0xF81F, 0xF81F, 0xF81F, 0xF81F, 0xF81F, 0xF81F, 0xF81F, 0xF81F, 0x5E9E, 0x3E9F, 0x3EBF, 0x369F, 0x367F,
  0x369F, 0x3EBF, 0x3EBF, 0x569E, 0xAEDD, 0xF81F, 0xF81F, 0xF81F, 0xF81F, 0xF81F, 0xF81F, 0xF81F, 0xF81F, 0xF81F, 0xF81F, 0xF81F,
  0xF81F, 0xF81F, 0xF81F, 0xF81F, 0xF81F, 0xF81F, 0xF81F, 0xF81F, 0xF81F, 0xF81F, 0xF81F, 0xF81F, 0xB6DD, 0x869D, 0x667D, 0x5E5D,
  0x667D, 0x7E9D, 0xAEBD, 0xF81F, 0xF81F, 0xF81F, 0xF81F, 0xF81F, 0xF81F, 0xF81F, 0xF81F, 0xF81F, 0xF81F, 0xF81F, 0xF81F, 0xF81F,
};

const uint16_t icon_milk[1024] PROGMEM = {
  0xF81F, 0xF81F, 0xF81F, 0xF81F, 0xF81F, 0xF81F, 0xF81F, 0xF81F, 0xCE5A, 0xBDF8, 0xB5B7, 0xB596, 0xAD75, 0xAD75, 0xAD75, 0xAD75,
  0xAD75, 0xAD75, 0xAD75, 0xAD76, 0xB5B6, 0xBDD7, 0xC619, 0xCE7A, 0xF81F, 0xF81F, 0xF81F, 0xF81F, 0xF81F, 0xF81F, 0xF81F, 0xF81F,
  0xF81F, 0xF81F, 0xF81F, 0xF81F, 0xF81F, 0xCE59, 0xBDD7, 0xB596, 0xAD76, 0xAD76, 0xB596, 0xB596, 0xB596, 0xB596, 0xB596, 0xB596,
  0xB596, 0xB596, 0xB596, 0xB596, 0xB5B6, 0xB596, 0xB596, 0xB596, 0xB5B6, 0xBDD7, 0xF81F, 0xF81F, 0xF81F, 0xF81F, 0xF81F, 0xF81F,
  0xF81F, 0xF81F, 0xF81F, 0xF81F, 0xF81F, 0x8C71, 0xBDD7, 0xBDF7, 0xB5B7, 0xB5B6, 0xB5B6, 0xB5B6, 0xB5B6, 0xB5B6, 0xB5B6, 0xB5B7,
  0xB5B7, 0xB5B6, 0xB5B7, 0xB5B7, 0xBDD7, 0xBDD7, 0xBDD7, 0xBDD7, 0xC618, 0xBDF7, 0x8C72, 0xF81F, 0xF81F, 0xF81F, 0xF81F, 0xF81F,
  0xF81F, 0xF81F, 0xF81F, 0xF81F, 0xF81F, 0x94B2, 0x9CD3, 0xAD55, 0xB596, 0xB5B6, 0xB5B7, 0xBDD7, 0xBDD7, 0xBDD7, 0xBDD7, 0xBDD7,
  0xBDD7, 0xBDD7, 0xBDD7, 0xBDD7, 0xBDF7, 0xBDF7, 0xBDD7, 0xB5B6, 0xB596, 0x9CF3, 0x9CD3, 0xF81F, 0xF81F, 0xF81F, 0xF81F, 0xF81F,
  0xF81F, 0xF81F, 0xF81F, 0xF81F, 0xF81F, 0xA514, 0xA514, 0xA514, 0xB576, 0xBDF7, 0xBDD7, 0xBDD7, 0xBDD7, 0xBDF7, 0xC5F7, 0xC618,
  0xC618, 0xC618, 0xC5F7, 0xC5F8, 0xC5F8, 0xBDF7, 0xBDD7, 0xB596, 0xB596, 0xAD55, 0xAD55, 0xF81F, 0xF81F, 0xF81F, 0xF81F, 0xF81F,
  0xF81F, 0xF81F, 0xF81F, 0xF81F, 0xF81F, 0xA535, 0xA514, 0xAD75, 0xB596, 0xBDD7, 0xBDD7, 0xB5B6, 0xBDD7, 0xC5F7, 0xC618, 0xC638,
  0xC638, 0xC618, 0xC617, 0xC618, 0xC618, 0xBDD7, 0xBDD7, 0xBDD7, 0xBDF7, 0xA514, 0xB596, 0xF81F, 0xF81F, 0xF81F, 0xF81F, 0xF81F,
  0xF81F, 0xF81F, 0xF81F, 0xF81F, 0xF81F, 0xAD76, 0x9CF3, 0xB5B6, 0xC638, 0xDEDA, 0xDEFB, 0xE6FB, 0xE73B, 0xEF5C, 0xEF7D, 0xF77D,
  0xF79D, 0xF77D, 0xF77D, 0xEF5C, 0xEF3C, 0xE71B, 0xDEBA, 0xCE58, 0xC617, 0x9CB2, 0xBDF8, 0xF81F, 0xF81F, 0xF81F, 0xF81F, 0xF81F,
  0xF81F, 0xF81F, 0xF81F, 0xF81F, 0xF81F, 0xBDD8, 0x9CF2, 0xE71B, 0xF79D, 0xF7BE, 0xF7BE, 0xF79D, 0xF79D, 0xF79D, 0xF79D, 0xF79D,
  0xF79D, 0xF79D, 0xF79E, 0xF7BE, 0xF7BE, 0xFFDE, 0xFFDE, 0xFFBE, 0xEF5C, 0x9CB2, 0xF81F, 0xF81F, 0xF81F, 0xF81F, 0xF81F, 0xF81F,
  0xF81F, 0xF81F, 0xF81F, 0xF81F, 0xF81F, 0xF81F, 0xAD54, 0xFFFF, 0xF79D, 0xF7BE, 0xF7BE, 0xF7BE, 0xF7BE, 0xF79E, 0xF79E, 0xF79E,
  0xF79E, 0xF7BE, 0xF7BE, 0xFFBE, 0xFFDE, 0xFFDE, 0xFFDE, 0xFFBE, 0xFFDE, 0x9CD3, 0xF81F, 0xF81F, 0xF81F, 0xF81F, 0xF81F, 0xF81F,
  0xF81F, 0xF81F, 0xF81F, 0xF81F, 0xF81F, 0xF81F, 0xA514, 0xFFFF, 0xF77D, 0xF7BE, 0xFFBE, 0xF7BE, 0xFFBE, 0xFFBE, 0xFFDE, 0xFFDE,
  0xFFBE, 0xFFBE, 0xF7BE, 0xF79D, 0xEF7D, 0xEF3C, 0xDEDB, 0xCE79, 0xCE59, 0x8C71, 0xF81F, 0xF81F, 0xF81F, 0xF81F, 0xF81F, 0xF81F,
  0xF81F, 0xF81F, 0xF81F, 0xF81F, 0xF81F, 0xF81F, 0x9CD3, 0xFFDE, 0xF77D, 0xF79D, 0xF79D, 0xEF5B, 0xEF3B, 0xE71B, 0xE71A, 0xE6FA,
  0xDED9, 0xDEB9, 0xD699, 0xD698, 0xCE78, 0xCE58, 0xC618, 0xC638, 0xCE58, 0x9492, 0xF81F, 0xF81F, 0xF81F, 0xF81F, 0xF81F, 0xF81F,
  0xF81F, 0xF81F, 0xF81F, 0xF81F, 0xF81F, 0xF81F, 0x9CD3, 0xF79D, 0xF79E, 0xF79D, 0xF79D, 0xEF5C, 0xEF3B, 0xE71B, 0xE6FA, 0xDED9,
  0xDEB9, 0xDEB9, 0xD699, 0xD699, 0xD679, 0xCE78, 0xCE58, 0xCE59, 0xC618, 0x9CD3, 0xF81F, 0xF81F, 0xF81F, 0xF81F, 0xF81F, 0xF81F,
  0xF81F, 0xF81F, 0xF81F, 0xF81F, 0xF81F, 0xF81F, 0xA514, 0xE71B, 0xF7BE, 0xF77D, 0xF77D, 0xEF5C, 0xEF3B, 0xE71B, 0xE6FA, 0xDED9,
  0xDEB9, 0xDEB9, 0xD699, 0xD699, 0xD678, 0xCE58, 0xC638, 0xCE59, 0xB596, 0xA535, 0xF81F, 0xF81F, 0xF81F, 0xF81F, 0xF81F, 0xF81F,
  0xF81F, 0xF81F, 0xF81F, 0xF81F, 0xF81F, 0xF81F, 0xAD56, 0xCE79, 0xFFBE, 0xEF7D, 0xEF7C, 0xEF5C, 0xEF3B, 0xE71B, 0xE6FA, 0xDED9,
  0xDEB9, 0xDEB9, 0xD699, 0xD698, 0xCE78, 0xCE58, 0xC618, 0xCE58, 0xA513, 0xB5B7, 0xF81F, 0xF81F, 0xF81F, 0xF81F, 0xF81F, 0xF81F,
  0xF81F, 0xF81F, 0xF81F, 0xF81F, 0xF81F, 0xF81F, 0xF81F, 0xB595, 0xFFBE, 0xEF7C, 0xEF5C, 0xEF5C, 0xEF3B, 0xE71B, 0xE6FA, 0xDED9,
  0xDEB9, 0xD699, 0xD698, 0xD678, 0xCE78, 0xCE38, 0xC617, 0xC638, 0x8C51, 0xF81F, 0xF81F, 0xF81F, 0xF81F, 0xF81F, 0xF81F, 0xF81F,
  0xF81F, 0xF81F, 0xF81F, 0xF81F, 0xF81F, 0xF81F, 0xF81F, 0x9CD3, 0xF7BE, 0xEF5C, 0xEF5C, 0xEF3B, 0xEF3B, 0xE71A, 0xE6FA, 0xDED9,
  0xDEB9, 0xD698, 0xD698, 0xD678, 0xCE58, 0xC638, 0xBDF7, 0xC618, 0x8410, 0xF81F, 0xF81F, 0xF81F, 0xF81F, 0xF81F, 0xF81F, 0xF81F,
  0xF81F, 0xF81F, 0xF81F, 0xF81F, 0xF81F, 0xF81F, 0xF81F, 0x9492, 0xEF7D, 0xEF5C, 0xEF5C, 0xEF3B, 0xE73B, 0xE71A, 0xE6FA, 0xDED9,
  0xDEB9, 0xD698, 0xD678, 0xD678, 0xCE58, 0xC617, 0xBDF7, 0xBDF7, 0x8410, 0xF81F, 0xF81F, 0xF81F, 0xF81F, 0xF81F, 0xF81F, 0xF81F,
  0xF81F, 0xF81F, 0xF81F, 0xF81F, 0xF81F, 0xF81F, 0xF81F, 0x9472, 0xE71B, 0xEF7D, 0xEF3C, 0xEF3B, 0xE71B, 0xE71A, 0xE6FA, 0xDED9,
  0xDEB9, 0xD698, 0xD678, 0xCE78, 0xCE38, 0xC617, 0xBDF7, 0xB5B6, 0x8C71, 0xF81F, 0xF81F, 0xF81F, 0xF81F, 0xF81F, 0xF81F, 0xF81F,
  0xF81F, 0xF81F, 0xF81F, 0xF81F, 0xF81F, 0xF81F, 0xF81F, 0x94B3, 0xD699, 0xEF7D, 0xEF3B, 0xE73B, 0xE71B, 0xE6FA, 0xDEDA, 0xDED9,
  0xDEB9, 0xD698, 0xD678, 0xCE58, 0xCE38, 0xC5F7, 0xC5F7, 0xAD75, 0x9CD3, 0xF81F, 0xF81F, 0xF81F, 0xF81F, 0xF81F, 0xF81F, 0xF81F,
  0xF81F, 0xF81F, 0xF81F, 0xF81F, 0xF81F, 0xF81F, 0xF81F, 0xA515, 0xBDF7, 0xEF7D, 0xE73B, 0xE71B, 0xE71B, 0xE6FA, 0xDEDA, 0xDEB9,
  0xDE98, 0xD698, 0xD678, 0xCE58, 0xC637, 0xBDF7, 0xC617, 0x9CF3, 0xAD76, 0xF81F, 0xF81F, 0xF81F, 0xF81F, 0xF81F, 0xF81F, 0xF81F,
  0xF81F, 0xF81F, 0xF81F, 0xF81F, 0xF81F, 0xF81F, 0xF81F, 0xB5B7, 0xAD54, 0xEF5C, 0xE71B, 0xE71B, 0xE71B, 0xE6FA, 0xDED9, 0xDEB9,
  0xDE98, 0xD698, 0xD678, 0xCE58, 0xC637, 0xBDF7, 0xBDF7, 0x8C71, 0xF81F, 0xF81F, 0xF81F, 0xF81F, 0xF81F, 0xF81F, 0xF81F, 0xF81F,
  0xF81F, 0xF81F, 0xF81F, 0xF81F, 0xF81F, 0xF81F, 0xF81F, 0xF81F, 0x94B2, 0xE73C, 0xE71B, 0xE71B, 0xE6FA, 0xE6FA, 0xDED9, 0xDEB9,
  0xD698, 0xD698, 0xD678, 0xCE58, 0xC617, 0xBDD7, 0xBDF7, 0x8430, 0xF81F, 0xF81F, 0xF81F, 0xF81F, 0xF81F, 0xF81F, 0xF81F, 0xF81F,
  0xF81F, 0xF81F, 0xF81F, 0xF81F, 0xF81F, 0xF81F, 0xF81F, 0xF81F, 0x8C71, 0xDEFB, 0xE71B, 0xE6FB, 0xE6FA, 0xE6FA, 0xDED9, 0xDEB9,
  0xD698, 0xD678, 0xD678, 0xCE57, 0xC617, 0xBDD7, 0xBDD7, 0x8C31, 0xF81F, 0xF81F, 0xF81F, 0xF81F, 0xF81F, 0xF81F, 0xF81F, 0xF81F,
  0xF81F, 0xF81F, 0xF81F, 0xF81F, 0xF81F, 0xF81F, 0xF81F, 0xF81F, 0x8C51, 0xD699, 0xE71B, 0xE6FA, 0xE6FA, 0xDEDA, 0xDEB9, 0xDEB9,
  0xD698, 0xD678, 0xCE58, 0xCE37, 0xC5F7, 0xBDF7, 0xB596, 0x8C72, 0xF81F, 0xF81F, 0xF81F, 0xF81F, 0xF81F, 0xF81F, 0xF81F, 0xF81F,
  0xF81F, 0xF81F, 0xF81F, 0xF81F, 0xF81F, 0xF81F, 0xF81F, 0xF81F, 0x8C71, 0xC617, 0xE71B, 0xDEFA, 0xDEDA, 0xDED9, 0xDEB9, 0xD698,
  0xD698, 0xD678, 0xCE57, 0xC637, 0xBDF7, 0xBDF7, 0xAD54, 0x9CF3, 0xF81F, 0xF81F, 0xF81F, 0xF81F, 0xF81F, 0xF81F, 0xF81F, 0xF81F,
  0xF81F, 0xF81F, 0xF81F, 0xF81F, 0xF81F, 0xF81F, 0xF81F, 0xF81F, 0x9CF4, 0xAD75, 0xE6FB, 0xDEDA, 0xDEDA, 0xDEB9, 0xDEB9, 0xD698,
  0xD678, 0xCE57, 0xCE37, 0xC617, 0xBDD6, 0xBDD7, 0x9CD3, 0xAD76, 0xF81F, 0xF81F, 0xF81F, 0xF81F, 0xF81F, 0xF81F, 0xF81F, 0xF81F,
  0xF81F, 0xF81F, 0xF81F, 0xF81F, 0xF81F, 0xF81F, 0xF81F, 0xF81F, 0xAD56, 0xAD54, 0xE73C, 0xE6FB, 0xDEDA, 0xDEB9, 0xD698, 0xD678,
  0xD657, 0xCE57, 0xCE37, 0xC617, 0xC5F7, 0xC617, 0x9492, 0xBDD7, 0xF81F, 0xF81F, 0xF81F, 0xF81F, 0xF81F, 0xF81F, 0xF81F, 0xF81F,
  0xF81F, 0xF81F, 0xF81F, 0xF81F, 0xF81F, 0xF81F, 0xF81F, 0xF81F, 0xB596, 0x6B4C, 0xAD55, 0xC5F7, 0xCE58, 0xD678, 0xD678, 0xD677,
  0xCE57, 0xCE36, 0xC5F6, 0xB595, 0xA534, 0x94B2, 0x630B, 0xF81F, 0xF81F, 0xF81F, 0xF81F, 0xF81F, 0xF81F, 0xF81F, 0xF81F, 0xF81F,
  0xF81F, 0xF81F, 0xF81F, 0xF81F, 0xF81F, 0xF81F, 0xF81F, 0xF81F, 0xF81F, 0x73AE, 0xBDF7, 0xBDD7, 0xB5B6, 0xAD75, 0xAD75, 0xAD55,
  0xAD55, 0xAD54, 0xAD54, 0xAD54, 0xAD75, 0xB575, 0x6B6D, 0xF81F, 0xF81F, 0xF81F, 0xF81F, 0xF81F, 0xF81F, 0xF81F, 0xF81F, 0xF81F,
  0xF81F, 0xF81F, 0xF81F, 0xF81F, 0xF81F, 0xF81F, 0xF81F, 0xF81F, 0xF81F, 0x632C, 0x9CD2, 0xBDF7, 0xCE79, 0xD6BA, 0xDEDB, 0xDEFB,
  0xDEFC, 0xDEFC, 0xDEDB, 0xCE79, 0xBDD7, 0x94B2, 0x5AEB, 0xF81F, 0xF81F, 0xF81F, 0xF81F, 0xF81F, 0xF81F, 0xF81F, 0xF81F, 0xF81F,
  0xF81F, 0xF81F, 0xF81F, 0xF81F, 0xF81F, 0xF81F, 0xF81F, 0xF81F, 0xF81F, 0x8C72, 0x39E7, 0x5AAA, 0x736D, 0x8410, 0x8C71, 0x9492,
  0x94B2, 0x9491, 0x8430, 0x736D, 0x52AA, 0x4208, 0x9CD4, 0xF81F, 0xF81F, 0xF81F, 0xF81F, 0xF81F, 0xF81F, 0xF81F, 0xF81F, 0xF81F,
  0xF81F, 0xF81F, 0xF81F, 0xF81F, 0xF81F, 0xF81F, 0xF81F, 0xF81F, 0xF81F, 0xF81F, 0xF81F, 0xAD55, 0x9492, 0x8C71, 0x8C71, 0x9492,
  0x9492, 0x8C71, 0x8C51, 0x9492, 0xAD76, 0xF81F, 0xF81F, 0xF81F, 0xF81F, 0xF81F, 0xF81F, 0xF81F, 0xF81F, 0xF81F, 0xF81F, 0xF81F,
};

const uint16_t icon_apple[1024] PROGMEM = {
  0xF81F, 0xF81F, 0xF81F, 0xF81F, 0xF81F, 0xF81F, 0xF81F, 0xF81F, 0xF81F, 0xF81F, 0xF81F, 0xF81F, 0xF81F, 0xF81F, 0xF81F, 0xF81F,
  0xF81F, 0xF81F, 0xF81F, 0xF81F, 0xAE33, 0x7D8A, 0x9DF0, 0xF81F, 0xF81F, 0xF81F, 0xF81F, 0xF81F, 0xF81F, 0xF81F, 0xF81F, 0xF81F,
  0xF81F, 0xF81F, 0xF81F, 0xF81F, 0xF81F, 0xF81F, 0xF81F, 0xF81F, 0xF81F, 0xF81F, 0xF81F, 0xF81F, 0xF81F, 0xF81F, 0xF81F, 0xF81F,
  0xF81F, 0xF81F, 0xF81F, 0x7568, 0x54E2, 0x65C2, 0x8DCC, 0xF81F, 0xF81F, 0xF81F, 0xF81F, 0xF81F, 0xF81F, 0xF81F, 0xF81F, 0xF81F,
  0xF81F, 0xF81F, 0xF81F, 0xF81F, 0xF81F, 0xF81F, 0xF81F, 0xF81F, 0xF81F, 0xF81F, 0xF81F, 0x93EF, 0x6184, 0xBD96, 0xF81F, 0xF81F,
  0xF81F, 0xF81F, 0x5D23, 0x5D21, 0x5D42, 0x5DC3, 0x9DD1, 0xF81F, 0xF81F, 0xF81F, 0xF81F, 0xF81F, 0xF81F, 0xF81F, 0xF81F, 0xF81F,
  0xF81F, 0xF81F, 0xF81F, 0xF81F, 0xF81F, 0xF81F, 0xF81F, 0xF81F, 0xF81F, 0xF81F, 0xF81F, 0xF81F, 0x832B, 0x6A26, 0xF81F, 0xF81F,
  0xF81F, 0x6545, 0x5D41, 0x5D21, 0x5DA3, 0x5523, 0xF81F, 0xF81F, 0xF81F, 0xF81F, 0xF81F, 0xF81F, 0xF81F, 0xF81F, 0xF81F, 0xF81F,
  0xF81F, 0xF81F, 0xF81F, 0xF81F, 0xF81F, 0xF81F, 0xF81F, 0xF81F, 0xF81F, 0xF81F, 0xF81F, 0xF81F, 0xF81F, 0x8BAE, 0x8B4B, 0xF81F,
  0x95CE, 0x5D81, 0x5D42, 0x65A3, 0x5DC3, 0x754A, 0xF81F, 0xF81F, 0xF81F, 0xF81F, 0xF81F, 0xF81F, 0xF81F, 0xF81F, 0xF81F, 0xF81F,
  0xF81F, 0xF81F, 0xF81F, 0xF81F, 0xF81F, 0xF81F, 0xF81F, 0xF81F, 0xF81F, 0xF81F, 0xF81F, 0xF81F, 0xF81F, 0xF81F, 0x7ACA, 0xBD95,
  0x5D46, 0x5521, 0x5D83, 0x65E4, 0x5D25, 0xF81F, 0xF81F, 0xF81F, 0xF81F, 0xF81F, 0xF81F, 0xF81F, 0xF81F, 0xF81F, 0xF81F, 0xF81F,
  0xF81F, 0xF81F, 0xF81F, 0xF81F, 0xF81F, 0xF81F, 0xF81F, 0xF81F, 0xF81F, 0xF81F, 0xF81F, 0xF81F, 0xF81F, 0xF81F, 0xF81F, 0x7309,
  0x3C81, 0x4501, 0x4DA3, 0x65A8, 0xF81F, 0xF81F, 0xF81F, 0xF81F, 0xF81F, 0xF81F, 0xF81F, 0xF81F, 0xF81F, 0xF81F, 0xF81F, 0xF81F,
  0xF81F, 0xF81F, 0xF81F, 0xF81F, 0xF81F, 0xF81F, 0xF81F, 0xD471, 0xD32C, 0xD2AA, 0xCA6A, 0xCA8A, 0xC36E, 0xCC93, 0xF81F, 0x834A,
  0x3BC2, 0x53E3, 0x8429, 0xBC10, 0xC32E, 0xB208, 0xB187, 0xB187, 0xBA8B, 0xCC72, 0xF81F, 0xF81F, 0xF81F, 0xF81F, 0xF81F, 0xF81F,
  0xF81F, 0xF81F, 0xF81F, 0xF81F, 0xF81F, 0xD534, 0xDAA9, 0xEA28, 0xEA08, 0xF228, 0xF208, 0xF1E7, 0xF1E8, 0xE9E8, 0xD9C8, 0xD1C7,
  0xC9C7, 0xC967, 0xD147, 0xD166, 0xD145, 0xC925, 0xC104, 0xC105, 0xC145, 0xC9A7, 0xC26A, 0xF81F, 0xF81F, 0xF81F, 0xF81F, 0xF81F,
  0xF81F, 0xF81F, 0xF81F, 0xF81F, 0xD514, 0xEAC9, 0xE249, 0xF2EB, 0xFB8D, 0xFBCD, 0xFB6C, 0xFB0B, 0xFA69, 0xFA08, 0xF1A6, 0xE986,
  0xE965, 0xE965, 0xE145, 0xE145, 0xD924, 0xD104, 0xD104, 0xD104, 0xC905, 0xC125, 0xC187, 0xC228, 0xF81F, 0xF81F, 0xF81F, 0xF81F,
  0xF81F, 0xF81F, 0xF81F, 0xF81F, 0xE2EA, 0xE289, 0xF3AD, 0xFD12, 0xFD74, 0xFD53, 0xFCF2, 0xFC70, 0xFBAD, 0xFB0B, 0xFA69, 0xFA08,
  0xF9C7, 0xF9A6, 0xF186, 0xE965, 0xE925, 0xE104, 0xD904, 0xD904, 0xD104, 0xC904, 0xC125, 0xC1C7, 0xCACA, 0xF81F, 0xF81F, 0xF81F,
  0xF81F, 0xF81F, 0xF81F, 0xDBCD, 0xEAAA, 0xEB4C, 0xFCF2, 0xFDB5, 0xFDD5, 0xFDD5, 0xFD94, 0xFD33, 0xFC90, 0xFBEE, 0xFAEB, 0xFA69,
  0xFA08, 0xF9C7, 0xF9A6, 0xF165, 0xE945, 0xE125, 0xE104, 0xD904, 0xD104, 0xD104, 0xC925, 0xC166, 0xD269, 0xD4B2, 0xF81F, 0xF81F,
  0xF81F, 0xF81F, 0xF81F, 0xE30A, 0xE2AA, 0xF3EE, 0xFD33, 0xFDB5, 0xFDD5, 0xFDD5, 0xFDB5, 0xFD74, 0xFCF2, 0xFC2F, 0xFB4C, 0xFAAA,
  0xFA49, 0xFA08, 0xF9A6, 0xF165, 0xE945, 0xE945, 0xE125, 0xD904, 0xD104, 0xD104, 0xD125, 0xC945, 0xC1C7, 0xCAEB, 0xF81F, 0xF81F,
  0xF81F, 0xF81F, 0xDCD2, 0xEAEA, 0xEAEB, 0xFBEE, 0xFCF2, 0xFD74, 0xFD94, 0xFDB4, 0xFD94, 0xFD73, 0xFCF2, 0xFC2F, 0xFB6C, 0xFACA,
  0xFA69, 0xFA28, 0xF1C7, 0xF166, 0xE945, 0xE125, 0xE125, 0xD925, 0xD104, 0xD104, 0xD125, 0xC946, 0xB966, 0xCA69, 0xDD75, 0xF81F,
  0xF81F, 0xF81F, 0xDBCE, 0xEAAA, 0xEAEB, 0xFBCD, 0xFC90, 0xFCF2, 0xFD33, 0xFD53, 0xFD53, 0xFD12, 0xFCB1, 0xFC0E, 0xFB4C, 0xFACA,
  0xFA8A, 0xFA28, 0xF1A7, 0xE966, 0xE145, 0xE124, 0xD924, 0xD904, 0xD104, 0xC8E4, 0xC925, 0xC946, 0xB966, 0xC208, 0xCC0F, 0xF81F,
  0xF81F, 0xF81F, 0xDB4B, 0xE28A, 0xEACA, 0xFB8C, 0xFC0E, 0xFC70, 0xFCB1, 0xFCD1, 0xFCD1, 0xFCB1, 0xFC2F, 0xFBAD, 0xFB2B, 0xFAAA,
  0xFA69, 0xFA08, 0xF1A6, 0xE965, 0xE125, 0xD924, 0xD904, 0xD104, 0xD0E4, 0xC8E4, 0xC925, 0xC946, 0xB946, 0xB1C7, 0xC30B, 0xF81F,
  0xF81F, 0xF81F, 0xDB0A, 0xE269, 0xF2AA, 0xFB4C, 0xFBAD, 0xFBEE, 0xFC0E, 0xFC2F, 0xFC2F, 0xFBEE, 0xFBCD, 0xFB6C, 0xFAEB, 0xFA89,
  0xFA49, 0xF1E7, 0xE986, 0xE145, 0xD924, 0xD904, 0xD104, 0xD0E4, 0xC8E3, 0xC0E4, 0xC105, 0xC146, 0xB146, 0xB1A7, 0xC2A9, 0xF81F,
  0xF81F, 0xF81F, 0xD2EA, 0xE249, 0xEA89, 0xFAEB, 0xFB4C, 0xFB8C, 0xFB8C, 0xFBAD, 0xFBAD, 0xFB8C, 0xFB6C, 0xFB0B, 0xFAAA, 0xF269,
  0xF228, 0xF1C7, 0xE965, 0xE145, 0xD904, 0xD104, 0xD0E4, 0xC8E3, 0xC8E4, 0xC0E4, 0xC105, 0xB945, 0xB146, 0xA9A7, 0xC2A9, 0xF81F,
  0xF81F, 0xF81F, 0xD30B, 0xDA29, 0xEA49, 0xF2AA, 0xFAEB, 0xFB2B, 0xFB4B, 0xFB4B, 0xFB2B, 0xFB2B, 0xFB0B, 0xF2AA, 0xF269, 0xF208,
  0xF1E7, 0xE9A6, 0xE145, 0xD924, 0xD104, 0xD0E4, 0xC8E3, 0xC0C3, 0xC0C3, 0xB8C4, 0xB904, 0xB925, 0xA946, 0xB1C7, 0xC2EA, 0xF81F,
  0xF81F, 0xF81F, 0xD34C, 0xDA29, 0xE228, 0xF269, 0xF28A, 0xF2CA, 0xF2CA, 0xF2CA, 0xF2CA, 0xF2CA, 0xF2AA, 0xF269, 0xF208, 0xE9E7,
  0xE9A6, 0xE965, 0xE144, 0xD924, 0xD0E4, 0xC8E3, 0xC0C3, 0xC0C3, 0xB8C3, 0xB8E4, 0xB905, 0xB125, 0xA946, 0xB1E7, 0xCBAE, 0xF81F,
  0xF81F, 0xF81F, 0xD40F, 0xDA29, 0xDA08, 0xEA28, 0xF249, 0xF269, 0xF269, 0xF269, 0xF269, 0xF269, 0xF248, 0xEA08, 0xE9E7, 0xE9A6,
  0xE185, 0xE145, 0xD924, 0xD104, 0xC8E3, 0xC0C3, 0xC0C3, 0xB8C3, 0xB8C3, 0xB0E4, 0xB104, 0xA925, 0xA146, 0xBA08, 0xD4B2, 0xF81F,
  0xF81F, 0xF81F, 0xDD14, 0xDA49, 0xD1C7, 0xE1E7, 0xEA07, 0xEA28, 0xEA28, 0xEA28, 0xEA08, 0xEA08, 0xEA07, 0xE9C6, 0xE1A6, 0xE186,
  0xD965, 0xD924, 0xD104, 0xC8E3, 0xC0E3, 0xB8C3, 0xB8C3, 0xB0C3, 0xB0C3, 0xA8E4, 0xA904, 0xA105, 0x9946, 0xBA28, 0xDDF7, 0xF81F,
  0xF81F, 0xF81F, 0xF81F, 0xCA28, 0xC9A7, 0xD9A6, 0xE1C7, 0xE9C7, 0xE9E7, 0xE9C7, 0xE1C7, 0xE1C6, 0xE1A6, 0xE186, 0xD965, 0xD965,
  0xD144, 0xD124, 0xC904, 0xC0E3, 0xB8C3, 0xB0C3, 0xB0A3, 0xA8A3, 0xA8C3, 0xA0C4, 0xA0E4, 0x9905, 0xA166, 0xBAA9, 0xF81F, 0xF81F,
  0xF81F, 0xF81F, 0xF81F, 0xCB2C, 0xC9C7, 0xC986, 0xD986, 0xD986, 0xE186, 0xE186, 0xD986, 0xD986, 0xD965, 0xD965, 0xD145, 0xD145,
  0xC924, 0xC904, 0xC0E4, 0xB8E3, 0xB0C3, 0xA8A3, 0xA0A3, 0xA0A3, 0xA0C3, 0x98C3, 0x98E4, 0x9125, 0xA9C7, 0xCC30, 0xF81F, 0xF81F,
  0xF81F, 0xF81F, 0xF81F, 0xDD35, 0xCA08, 0xC166, 0xC966, 0xD165, 0xD165, 0xD145, 0xD145, 0xD145, 0xD145, 0xC924, 0xC924, 0xC104,
  0xC104, 0xB8E4, 0xB0E3, 0xB0C3, 0xA8C3, 0xA0A3, 0x98A3, 0x98A3, 0x98C3, 0x98C3, 0x90E4, 0x8925, 0xB1E7, 0xF81F, 0xF81F, 0xF81F,
  0xF81F, 0xF81F, 0xF81F, 0xF81F, 0xC28A, 0xC186, 0xC165, 0xC965, 0xC945, 0xC945, 0xC924, 0xC924, 0xC924, 0xC104, 0xC104, 0xB904,
  0xB0E3, 0xB0C3, 0xA8C3, 0xA0A3, 0xA0A3, 0x98A3, 0x90A3, 0x90A3, 0x90C3, 0x90E4, 0x8904, 0x9966, 0xBB2C, 0xF81F, 0xF81F, 0xF81F,
  0xF81F, 0xF81F, 0xF81F, 0xF81F, 0xD514, 0xC9E8, 0xB166, 0xC145, 0xC125, 0xC124, 0xC104, 0xC104, 0xC104, 0xB8E4, 0xB8E3, 0xB0E3,
  0xA8C3, 0xA8C3, 0xA0C3, 0x98A3, 0x9082, 0x8882, 0x8882, 0x88A3, 0x88C3, 0x80E4, 0x8925, 0xA9E7, 0xF81F, 0xF81F, 0xF81F, 0xF81F,
  0xF81F, 0xF81F, 0xF81F, 0xF81F, 0xF81F, 0xC32C, 0xC1A7, 0xB125, 0xB924, 0xB904, 0xB104, 0xB0E4, 0xB0E3, 0xA8E3, 0xA8C3, 0xA8C3,
  0xA0C3, 0x98C3, 0x90C3, 0x88A2, 0x8882, 0x8082, 0x80A3, 0x80A3, 0x80E4, 0x8105, 0xA1A6, 0xC3EF, 0xF81F, 0xF81F, 0xF81F, 0xF81F,
  0xF81F, 0xF81F, 0xF81F, 0xF81F, 0xF81F, 0xF81F, 0xC248, 0xB166, 0xA925, 0xA904, 0xA8E4, 0xA8E4, 0xA0E3, 0xA0E3, 0xA0C3, 0x98C3,
  0x88C3, 0x88C3, 0x80A3, 0x78A3, 0x78A2, 0x78A3, 0x78A3, 0x80C3, 0x80E4, 0x9946, 0xBAAA, 0xF81F, 0xF81F, 0xF81F, 0xF81F, 0xF81F,
  0xF81F, 0xF81F, 0xF81F, 0xF81F, 0xF81F, 0xF81F, 0xF81F, 0xC228, 0xB166, 0xA105, 0xA104, 0xA0E4, 0x98E4, 0x90E4, 0x9104, 0x9925,
  0x9145, 0x8925, 0x78E4, 0x70C3, 0x70C3, 0x70C3, 0x78C4, 0x78E4, 0x9966, 0xB289, 0xF81F, 0xF81F, 0xF81F, 0xF81F, 0xF81F, 0xF81F,
  0xF81F, 0xF81F, 0xF81F, 0xF81F, 0xF81F, 0xF81F, 0xF81F, 0xF81F, 0xC2EB, 0xB9A6, 0xA945, 0xA145, 0xA165, 0xA186, 0xAA49, 0xBBEF,
  0xC471, 0xB36D, 0xA228, 0x9186, 0x8145, 0x8125, 0x8945, 0xA1A6, 0xC3AE, 0xF81F, 0xF81F, 0xF81F, 0xF81F, 0xF81F, 0xF81F, 0xF81F,
  0xF81F, 0xF81F, 0xF81F, 0xF81F, 0xF81F, 0xF81F, 0xF81F, 0xF81F, 0xF81F, 0xD4D3, 0xC30B, 0xB2CA, 0xC3EF, 0xD596, 0xF81F, 0xF81F,
  0xF81F, 0xF81F, 0xF81F, 0xD576, 0xBBCF, 0xAAEB, 0xBB6D, 0xDD75, 0xF81F, 0xF81F, 0xF81F, 0xF81F, 0xF81F, 0xF81F, 0xF81F, 0xF81F,
};

const uint16_t icon_lunch[1024] PROGMEM = {
  0xF81F, 0xF81F, 0xF81F, 0xF81F, 0xF81F, 0xF81F, 0xF81F, 0xF81F, 0xF81F, 0xF81F, 0xF81F, 0xF81F, 0xF81F, 0xF81F, 0xF81F, 0xF81F,
  0xF81F, 0xF81F, 0xF81F, 0xF81F, 0xF81F, 0xF81F, 0xF81F, 0xF81F, 0xF81F, 0xF81F, 0xF81F, 0xF81F, 0xF81F, 0xF81F, 0xF81F, 0xF81F,
  0xF81F, 0xF81F, 0xF81F, 0xF81F, 0xF81F, 0xF81F, 0xF81F, 0xF81F, 0xF81F, 0xF81F, 0xF81F, 0xF81F, 0xF81F, 0xF81F, 0xF81F, 0xF81F,
  0xF81F, 0xF81F, 0xF81F, 0xF81F, 0xF81F, 0xF81F, 0xF81F, 0xF81F, 0xF81F, 0xF81F, 0xF81F, 0xF81F, 0xF81F, 0xF81F, 0xF81F, 0xF81F,
  0xF81F, 0xF81F, 0xF81F, 0xF81F, 0xF81F, 0xF81F, 0xF81F, 0xF81F, 0xF81F, 0xF81F, 0xF81F, 0xF81F, 0xF81F, 0xF81F, 0xF81F, 0xF81F,
  0xF81F, 0xF81F, 0xF81F, 0xF81F, 0xF81F, 0xF81F, 0xF81F, 0xF81F, 0xF81F, 0xF81F, 0xF81F, 0xF81F, 0xF81F, 0xF81F, 0xF81F, 0xF81F,
  0xF81F, 0xF81F, 0xF81F, 0xF81F, 0xF81F, 0xF81F, 0xF81F, 0xF81F, 0xF81F, 0xF81F, 0xF81F, 0xF81F, 0xF81F, 0xF81F, 0xF81F, 0xF81F,
  0xF81F, 0xF81F, 0xF81F, 0xE6B6, 0xEEB3, 0xEE92, 0xF81F, 0xF81F, 0xF81F, 0xF81F, 0xF81F, 0xF81F, 0xF81F, 0xF81F, 0xF81F, 0xF81F,
  0xF81F, 0xF81F, 0xF81F, 0xF81F, 0xF81F, 0xF81F, 0xF81F, 0xF81F, 0xF81F, 0xF81F, 0xF81F, 0xF81F, 0xF81F, 0xF81F, 0xF81F, 0xE6F9,
  0xE6D6, 0xEEF4, 0xF714, 0xFF75, 0xFF54, 0xFF75, 0xF713, 0xE6B8, 0xF81F, 0xF81F, 0xF81F, 0xF81F, 0xF81F, 0xF81F, 0xF81F, 0xF81F,
  0xF81F, 0xF81F, 0xF81F, 0xF81F, 0xF81F, 0xF81F, 0xF81F, 0xF81F, 0xF81F, 0xF81F, 0xF81F, 0xF81F, 0xE6D7, 0xEED5, 0xEEF3, 0xFF95,
  0xFFB6, 0xFF95, 0xF733, 0xF713, 0xF734, 0xF734, 0xFF75, 0xFF74, 0xE6B6, 0xF81F, 0xF81F, 0xF81F, 0xF81F, 0xF81F, 0xF81F, 0xF81F,
  0xF81F, 0xF81F, 0xF81F, 0xE6D7, 0xE6D6, 0xE6B6, 0xE6D7, 0xE6D7, 0xE6D6, 0xE6D5, 0xEEF4, 0xF713, 0xFFB6, 0xFFB6, 0xFF55, 0xF734,
  0xF734, 0xF734, 0xF755, 0xF734, 0xFF55, 0xFF55, 0xF734, 0xF754, 0xFF95, 0xE694, 0xF81F, 0xF81F, 0xF81F, 0xF81F, 0xF81F, 0xF81F,
  0xF81F, 0xF81F, 0xEE93, 0xFF95, 0xFF95, 0xFFD6, 0xFFD6, 0xFFB6, 0xFFD6, 0xFF95, 0xFF96, 0xFF55, 0xFF55, 0xF755, 0xF734, 0xF735,
  0xF734, 0xF734, 0xFF55, 0xFF55, 0xFF56, 0xFF55, 0xFF34, 0xF734, 0xF734, 0xFF94, 0xE692, 0xF81F, 0xF81F, 0xF81F, 0xF81F, 0xF81F,
  0xF81F, 0xDE15, 0xFEF2, 0xF735, 0xF6F3, 0xF735, 0xF735, 0xF735, 0xF735, 0xF735, 0xF755, 0xF754, 0xFF55, 0xFF55, 0xF734, 0xF755,
  0xF734, 0xF755, 0xFF55, 0xFF55, 0xFF55, 0xFF55, 0xF734, 0xFF55, 0xF734, 0xF713, 0xFF53, 0xEE70, 0xF81F, 0xF81F, 0xF81F, 0xF81F,
  0xF81F, 0xD572, 0xED09, 0xF734, 0xF714, 0xF735, 0xFF55, 0xF755, 0xF755, 0xF755, 0xF755, 0xF755, 0xFF55, 0xFF55, 0xFF55, 0xF755,
  0xF735, 0xFF55, 0xF755, 0xF755, 0xFF55, 0xFF55, 0xFF55, 0xFF55, 0xF734, 0xF734, 0xF6F3, 0xFF13, 0xEE70, 0xDE97, 0xF81F, 0xF81F,
  0xF81F, 0xD5B3, 0xD3C3, 0xE58C, 0xF755, 0xF734, 0xF735, 0xFF55, 0xF755, 0xF755, 0xFF55, 0xFF55, 0xFF55, 0xFF55, 0xFF55, 0xF734,
  0xF735, 0xF735, 0xFF55, 0xFF56, 0xFF55, 0xFF55, 0xFF55, 0xF734, 0xF734, 0xF6F3, 0xF713, 0xEEB2, 0xEE90, 0xFEB0, 0xE697, 0xF81F,
  0xDD13, 0xD368, 0xC383, 0xD425, 0xEE2E, 0xFF76, 0xFF55, 0xF755, 0xF734, 0xFF55, 0xF755, 0xFF56, 0xFF76, 0xFF55, 0xFF55, 0xF734,
  0xF734, 0xFF55, 0xFF55, 0xFF55, 0xFF55, 0xFF55, 0xFF55, 0xFF55, 0xF734, 0xF734, 0xF734, 0xF6F2, 0xEE90, 0xF66E, 0xD58F, 0xF81F,
  0xE593, 0xEBC6, 0xC342, 0xD426, 0xDCA7, 0xF691, 0xFF76, 0xFF55, 0xFF55, 0xF755, 0xF755, 0xFF76, 0xFF76, 0xFF55, 0xFF55, 0xF734,
  0xF734, 0xF735, 0xF735, 0xFF55, 0xFF76, 0xFF76, 0xFF76, 0xFF75, 0xF734, 0xF6B1, 0xEE2E, 0xE58A, 0xDD29, 0xE4E7, 0xCD0D, 0xF81F,
  0xE631, 0xFE47, 0xE404, 0xCBC5, 0xDC87, 0xE4E8, 0xF6D1, 0xF755, 0xF735, 0xFF76, 0xF755, 0xFF76, 0xFF76, 0xFF75, 0xFF55, 0xF734,
  0xF734, 0xF734, 0xFF76, 0xFF76, 0xFF76, 0xF714, 0xF690, 0xEDED, 0xE56A, 0xE508, 0xDCC7, 0xDCA7, 0xD487, 0xE486, 0xC4AC, 0xF81F,
  0xF81F, 0xE567, 0xFDE6, 0xDBC4, 0xD446, 0xDCA7, 0xED6A, 0xFF34, 0xF755, 0xFF56, 0xFF76, 0xFF76, 0xFF55, 0xFF55, 0xFF55, 0xF734,
  0xF734, 0xFF35, 0xF690, 0xEE0E, 0xEDAB, 0xE54A, 0xE509, 0xE4E8, 0xDCE8, 0xDCE8, 0xDCA7, 0xD467, 0xD446, 0xD445, 0xED67, 0xEED4,
  0xF81F, 0x8B45, 0xF4E6, 0xFD86, 0xDBC4, 0xDC87, 0xE4C7, 0xEDCC, 0xF735, 0xFF55, 0xFF76, 0xFF55, 0xFF55, 0xFF55, 0xFF55, 0xF713,
  0xEE2F, 0xE54A, 0xE4E8, 0xE4E8, 0xE509, 0xE529, 0xE54A, 0xDD09, 0xDCA7, 0xDC87, 0xE4C6, 0xED46, 0xF5C7, 0xFE28, 0xFE48, 0xDD49,
  0x74EA, 0x93C4, 0xDA87, 0xDB84, 0xF4A5, 0xD405, 0xDCC8, 0xE508, 0xF62E, 0xFF76, 0xFF55, 0xFF55, 0xFF35, 0xFF55, 0xF6F2, 0xED8B,
  0xDCC8, 0xDCC8, 0xDCE8, 0xDD09, 0xDCC8, 0xDC87, 0xDC47, 0xE445, 0xED06, 0xFDA6, 0xFDC6, 0xF546, 0xECA5, 0xEBE6, 0x9C45, 0xF81F,
  0xF81F, 0x7444, 0xDAC6, 0xB9A5, 0xDBC5, 0xF526, 0xDC67, 0xE508, 0xE569, 0xF66E, 0xFF35, 0xFF55, 0xFF34, 0xF6B1, 0xED6A, 0xE4C8,
  0xDCE8, 0xDCC8, 0xDC47, 0xDBE6, 0xE445, 0xECE6, 0xEC03, 0xFDA6, 0xFE27, 0xF507, 0xEC6A, 0xEBCB, 0xEBCB, 0xF40D, 0xBC2A, 0xF81F,
  0xF81F, 0x850F, 0x6A61, 0xD205, 0xCA46, 0xE3C6, 0xECC5, 0xE4E8, 0xE549, 0xEDA9, 0xF60C, 0xF66E, 0xF64D, 0xED8A, 0xE528, 0xDD08,
  0xDC47, 0xDB85, 0xF465, 0xFDC6, 0xFDC6, 0xFD44, 0xFD45, 0xE424, 0xDB46, 0xE32A, 0xDAC8, 0x9285, 0x4AC4, 0x5AE3, 0xAC2C, 0xF81F,
  0xF81F, 0xBE15, 0x5463, 0x5AC1, 0xAA23, 0xBA25, 0xC242, 0xCBA5, 0xE569, 0xED8A, 0xEDCA, 0xEDEB, 0xEDCB, 0xED8A, 0xE529, 0xDC06,
  0xEBC5, 0xFDC7, 0xF5C8, 0xD364, 0x9222, 0x8241, 0x6A81, 0x39E1, 0x6A22, 0x8282, 0x6AE1, 0x3B01, 0x3AA1, 0xA323, 0xBC4C, 0xF81F,
  0xF81F, 0xF81F, 0x84EA, 0x5C43, 0x4C22, 0x6B64, 0xCAA6, 0xB1E3, 0xCBE5, 0xEDCA, 0xEDEB, 0xEDEB, 0xEDEB, 0xE56A, 0xDC67, 0xF527,
  0xFEA8, 0xE545, 0xC203, 0x88A1, 0x2A01, 0x22C1, 0x2AA1, 0x3B62, 0x3342, 0x3322, 0x52A2, 0x7A62, 0xBB64, 0xE424, 0xBC6D, 0xF81F,
  0xF81F, 0xF81F, 0xF81F, 0xF81F, 0x6A62, 0x4BC2, 0xA2E6, 0xE328, 0xC2A6, 0xCBE5, 0xE589, 0xEDEA, 0xED69, 0xED07, 0xFDE8, 0xF5A6,
  0xD303, 0xC9C4, 0xB183, 0x52A2, 0x5443, 0x6363, 0x7283, 0x82A3, 0x9323, 0xAB44, 0xCBA4, 0xCC06, 0xCCAB, 0xD571, 0xF81F, 0xF81F,
  0xF81F, 0xF81F, 0xF81F, 0xF81F, 0xBD32, 0x5C02, 0x5B23, 0xAAC6, 0xEC2C, 0xDB69, 0xD306, 0xBA84, 0xD3A3, 0xEE07, 0xABC3, 0x8920,
  0x9182, 0x7222, 0x42E2, 0x5BC3, 0x8343, 0xBB85, 0xDC47, 0xCBE6, 0xCC49, 0xD52F, 0xDE36, 0xF81F, 0xF81F, 0xF81F, 0xF81F, 0xF81F,
  0xF81F, 0xF81F, 0xF81F, 0xF81F, 0xF81F, 0x8C6C, 0x5242, 0x2A21, 0x8366, 0xFCCF, 0xA327, 0x52C2, 0x7CC4, 0x7CE4, 0x43A2, 0x3B02,
  0x6B63, 0x8B44, 0xA344, 0xB324, 0xC3C7, 0xD50D, 0xD5F4, 0xF81F, 0xF81F, 0xF81F, 0xF81F, 0xF81F, 0xF81F, 0xF81F, 0xF81F, 0xF81F,
  0xF81F, 0xF81F, 0xF81F, 0xF81F, 0xF81F, 0xF81F, 0x9307, 0x8AE3, 0x42C2, 0x4202, 0x4BA2, 0x6CE4, 0x6403, 0x4A62, 0x5A82, 0x9B64,
  0xE446, 0xD448, 0xD52F, 0xF81F, 0xF81F, 0xF81F, 0xF81F, 0xF81F, 0xF81F, 0xF81F, 0xF81F, 0xF81F, 0xF81F, 0xF81F, 0xF81F, 0xF81F,
  0xF81F, 0xF81F, 0xF81F, 0xF81F, 0xF81F, 0xF81F, 0xF81F, 0x9B25, 0x8AE4, 0x7A63, 0x7303, 0x6B22, 0x9B45, 0xCC68, 0xD446, 0xE466,
  0xCD0E, 0xF81F, 0xF81F, 0xF81F, 0xF81F, 0xF81F, 0xF81F, 0xF81F, 0xF81F, 0xF81F, 0xF81F, 0xF81F, 0xF81F, 0xF81F, 0xF81F, 0xF81F,
  0xF81F, 0xF81F, 0xF81F, 0xF81F, 0xF81F, 0xF81F, 0xF81F, 0xF81F, 0xA344, 0xBC26, 0xBC27, 0xCC67, 0xEDAA, 0xED89, 0xE4C7, 0xD592,
  0xF81F, 0xF81F, 0xF81F, 0xF81F, 0xF81F, 0xF81F, 0xF81F, 0xF81F, 0xF81F, 0xF81F, 0xF81F, 0xF81F, 0xF81F, 0xF81F, 0xF81F, 0xF81F,
  0xF81F, 0xF81F, 0xF81F, 0xF81F, 0xF81F, 0xF81F, 0xF81F, 0xF81F, 0xBD53, 0xB3A5, 0xE548, 0xF5EA, 0xF5A9, 0xDCE8, 0xCD92, 0xF81F,
  0xF81F, 0xF81F, 0xF81F, 0xF81F, 0xF81F, 0xF81F, 0xF81F, 0xF81F, 0xF81F, 0xF81F, 0xF81F, 0xF81F, 0xF81F, 0xF81F, 0xF81F, 0xF81F,
  0xF81F, 0xF81F, 0xF81F, 0xF81F, 0xF81F, 0xF81F, 0xF81F, 0xF81F, 0xF81F, 0xCDD5, 0xCCEB, 0xD509, 0xDD6D, 0xF81F, 0xF81F, 0xF81F,
  0xF81F, 0xF81F, 0xF81F, 0xF81F, 0xF81F, 0xF81F, 0xF81F, 0xF81F, 0xF81F, 0xF81F, 0xF81F, 0xF81F, 0xF81F, 0xF81F, 0xF81F, 0xF81F,
  0xF81F, 0xF81F, 0xF81F, 0xF81F, 0xF81F, 0xF81F, 0xF81F, 0xF81F, 0xF81F, 0xF81F, 0xF81F, 0xF81F, 0xF81F, 0xF81F, 0xF81F, 0xF81F,
  0xF81F, 0xF81F, 0xF81F, 0xF81F, 0xF81F, 0xF81F, 0xF81F, 0xF81F, 0xF81F, 0xF81F, 0xF81F, 0xF81F, 0xF81F, 0xF81F, 0xF81F, 0xF81F,
  0xF81F, 0xF81F, 0xF81F, 0xF81F, 0xF81F, 0xF81F, 0xF81F, 0xF81F, 0xF81F, 0xF81F, 0xF81F, 0xF81F, 0xF81F, 0xF81F, 0xF81F, 0xF81F,
  0xF81F, 0xF81F, 0xF81F, 0xF81F, 0xF81F, 0xF81F, 0xF81F, 0xF81F, 0xF81F, 0xF81F, 0xF81F, 0xF81F, 0xF81F, 0xF81F, 0xF81F, 0xF81F,
  0xF81F, 0xF81F, 0xF81F, 0xF81F, 0xF81F, 0xF81F, 0xF81F, 0xF81F, 0xF81F, 0xF81F, 0xF81F, 0xF81F, 0xF81F, 0xF81F, 0xF81F, 0xF81F,
  0xF81F, 0xF81F, 0xF81F, 0xF81F, 0xF81F, 0xF81F, 0xF81F, 0xF81F, 0xF81F, 0xF81F, 0xF81F, 0xF81F, 0xF81F, 0xF81F, 0xF81F, 0xF81F,
};

const uint16_t icon_banana[1024] PROGMEM = {
  0xF81F, 0xF81F, 0xF81F, 0xF81F, 0xF81F, 0xF81F, 0xF81F, 0xF81F, 0xF81F, 0xE6D9, 0xEF3A, 0xE6DB, 0xF81F, 0xF81F, 0xF81F, 0xF81F,
  0xF81F, 0xF81F, 0xF81F, 0xF81F, 0xF81F, 0xF81F, 0xF81F, 0xF81F, 0xF81F, 0xF81F, 0xF81F, 0xF81F, 0xF81F, 0xF81F, 0xF81F, 0xF81F,
  0xF81F, 0xF81F, 0xF81F, 0xF81F, 0xF81F, 0xF81F, 0xF81F, 0xF81F, 0xE697, 0xFF9A, 0xFFBC, 0xFF7B, 0xF81F, 0xF81F, 0xF81F, 0xF81F,
  0xF81F, 0xF81F, 0xF81F, 0xF81F, 0xF81F, 0xF81F, 0xF81F, 0xF81F, 0xF81F, 0xF81F, 0xF81F, 0xF81F, 0xF81F, 0xF81F, 0xF81F, 0xF81F,
  0xF81F, 0xF81F, 0xF81F, 0xF81F, 0xF81F, 0xF81F, 0xF81F, 0xDEBA, 0xFF18, 0xF719, 0xF77C, 0xFFFD, 0xE6D9, 0xF81F, 0xF81F, 0xF81F,
  0xF81F, 0xF81F, 0xF81F, 0xF81F, 0xF81F, 0xF81F, 0xF81F, 0xF81F, 0xF81F, 0xF81F, 0xF81F, 0xF81F, 0xF81F, 0xF81F, 0xF81F, 0xF81F,
  0xF81F, 0xF81F, 0xF81F, 0xF81F, 0xF81F, 0xF81F, 0xF81F, 0xDE57, 0xF6D7, 0xF739, 0xF79C, 0xFFDD, 0xE6D8, 0xF81F, 0xF81F, 0xF81F,
  0xF81F, 0xF81F, 0xF81F, 0xF81F, 0xF81F, 0xF81F, 0xF81F, 0xF81F, 0xF81F, 0xF81F, 0xF81F, 0xF81F, 0xF81F, 0xF81F, 0xF81F, 0xF81F,
  0xF81F, 0xF81F, 0xF81F, 0xF81F, 0xF81F, 0xF81F, 0xF81F, 0xDE35, 0xEE96, 0xF719, 0xFF9C, 0xFFDD, 0xE6D8, 0xF81F, 0xF81F, 0xF81F,
  0xF81F, 0xF81F, 0xF81F, 0xF81F, 0xF81F, 0xF81F, 0xF81F, 0xF81F, 0xF81F, 0xF81F, 0xF81F, 0xF81F, 0xF81F, 0xF81F, 0xF81F, 0xF81F,
  0xF81F, 0xF81F, 0xF81F, 0xF81F, 0xF81F, 0xF81F, 0xF81F, 0xE655, 0xE676, 0xF719, 0xF77B, 0xFFDD, 0xEED9, 0xF81F, 0xF81F, 0xF81F,
  0xF81F, 0xF81F, 0xF81F, 0xF81F, 0xF81F, 0xF81F, 0xF81F, 0xF81F, 0xF81F, 0xF81F, 0xF81F, 0xF81F, 0xF81F, 0xF81F, 0xF81F, 0xF81F,
  0xF81F, 0xF81F, 0xF81F, 0xF81F, 0xF81F, 0xF81F, 0xE6DB, 0xEE95, 0xE676, 0xF739, 0xF77B, 0xFFBC, 0xEED8, 0xF81F, 0xF81F, 0xF81F,
  0xF81F, 0xF81F, 0xF81F, 0xF81F, 0xF81F, 0xF81F, 0xF81F, 0xF81F, 0xF81F, 0xF81F, 0xF81F, 0xF81F, 0xF81F, 0xF81F, 0xF81F, 0xF81F,
  0xF81F, 0xF81F, 0xF81F, 0xF81F, 0xF81F, 0xF81F, 0xE6DA, 0xEE75, 0xE675, 0xF719, 0xF77B, 0xFF9C, 0xF739, 0xF81F, 0xF81F, 0xF81F,
  0xF81F, 0xF81F, 0xF81F, 0xF81F, 0xF81F, 0xF81F, 0xF81F, 0xF81F, 0xF81F, 0xF81F, 0xF81F, 0xF81F, 0xF81F, 0xF81F, 0xF81F, 0xF81F,
  0xF81F, 0xF81F, 0xF81F, 0xF81F, 0xF81F, 0xF81F, 0xDEDA, 0xE654, 0xE634, 0xF6F8, 0xF75A, 0xF77B, 0xFF9B, 0xE6DB, 0xF81F, 0xF81F,
  0xF81F, 0xF81F, 0xF81F, 0xF81F, 0xF81F, 0xF81F, 0xF81F, 0xF81F, 0xF81F, 0xF81F, 0xF81F, 0xF81F, 0xF81F, 0xF81F, 0xF81F, 0xF81F,
  0xF81F, 0xF81F, 0xF81F, 0xF81F, 0xF81F, 0xF81F, 0xDEDA, 0xE634, 0xDE13, 0xEED7, 0xF73A, 0xF77B, 0xFFBB, 0xE6B9, 0xF81F, 0xF81F,
  0xF81F, 0xF81F, 0xF81F, 0xF81F, 0xF81F, 0xF81F, 0xF81F, 0xF81F, 0xF81F, 0xF81F, 0xF81F, 0xF81F, 0xF81F, 0xF81F, 0xF81F, 0xF81F,
  0xF81F, 0xF81F, 0xF81F, 0xF81F, 0xF81F, 0xF81F, 0xE6DB, 0xE633, 0xDDD2, 0xEE96, 0xF718, 0xF75A, 0xFF9B, 0xE698, 0xF81F, 0xF81F,
  0xF81F, 0xE73D, 0xEF3A, 0xF739, 0xF75A, 0xEF5B, 0xE71C, 0xF81F, 0xF81F, 0xF81F, 0xF81F, 0xF81F, 0xF81F, 0xF81F, 0xF81F, 0xF81F,
  0xF81F, 0xF81F, 0xF81F, 0xF81F, 0xF81F, 0xF81F, 0xF81F, 0xDDF3, 0xD5B1, 0xE634, 0xF6D8, 0xF73A, 0xFF7A, 0xE696, 0xF81F, 0xF81F,
  0xEEB6, 0xFFB8, 0xFFB9, 0xFF59, 0xFF59, 0xFFBA, 0xFFBA, 0xEEFA, 0xF81F, 0xF81F, 0xF81F, 0xF81F, 0xF81F, 0xF81F, 0xF81F, 0xF81F,
  0xF81F, 0xF81F, 0xF81F, 0xF81F, 0xF81F, 0xF81F, 0xF81F, 0xD5B2, 0xCD4F, 0xDDF2, 0xEE96, 0xF719, 0xF739, 0xE695, 0xD657, 0xEE08,
  0xEE29, 0xE673, 0xE650, 0xEE91, 0xFF56, 0xFF39, 0xFF38, 0xFFDA, 0xEEF9, 0xF81F, 0xF81F, 0xF81F, 0xF81F, 0xF81F, 0xF81F, 0xF81F,
  0xF81F, 0xF81F, 0xF81F, 0xF81F, 0xF81F, 0xF81F, 0xF81F, 0xD5B2, 0xCD0D, 0xD56F, 0xEE54, 0xF6F8, 0xF718, 0xD5F3, 0xEDE7, 0xFE41,
  0xDDED, 0xF81F, 0xF81F, 0xF81F, 0xE6B4, 0xF6B1, 0xFF59, 0xF6F7, 0xFF99, 0xE6DA, 0xF81F, 0xF81F, 0xF81F, 0xF81F, 0xF81F, 0xF81F,
  0xF81F, 0xF81F, 0xF81F, 0xF81F, 0xF81F, 0xF81F, 0xF81F, 0xDE56, 0xE654, 0xE675, 0xF6D2, 0xF693, 0xDE56, 0xD56B, 0xF5C1, 0xFDC1,
  0xE5EC, 0xF81F, 0xF81F, 0xF81F, 0xF81F, 0xF81F, 0xEE70, 0xFF17, 0xEEB6, 0xF6D6, 0xF81F, 0xF81F, 0xF81F, 0xF81F, 0xF81F, 0xF81F,
  0xF81F, 0xF81F, 0xF81F, 0xF81F, 0xE71B, 0xE6FA, 0xEEF9, 0xF719, 0xF719, 0xF6F7, 0xF626, 0xF667, 0xB4CF, 0xD546, 0xFDE1, 0xFE04,
  0xE62E, 0xF81F, 0xF81F, 0xF81F, 0xF81F, 0xF81F, 0xF81F, 0xE62F, 0xEEB7, 0xF6D5, 0xE696, 0xF81F, 0xF81F, 0xF81F, 0xF81F, 0xF81F,
  0xF81F, 0xF81F, 0xDE98, 0xEED7, 0xF717, 0xFF17, 0xF6F7, 0xEEB6, 0xE675, 0xF6B3, 0xE583, 0xE582, 0xD567, 0xEDE5, 0xFE42, 0xFE07,
  0xF690, 0xF81F, 0xF81F, 0xF81F, 0xF81F, 0xF81F, 0xF81F, 0xF81F, 0xE60F, 0xE676, 0xF6D5, 0xE6DA, 0xF81F, 0xF81F, 0xF81F, 0xF81F,
  0xF81F, 0xF81F, 0xCDD3, 0xE654, 0xDE13, 0xE634, 0xE654, 0xDE33, 0xDE54, 0xEE50, 0xD4A1, 0xD4A1, 0xE561, 0xFEA8, 0xFEA8, 0xFE25,
  0xFEAC, 0xEED6, 0xF81F, 0xF81F, 0xF81F, 0xF81F, 0xF81F, 0xF81F, 0xDE54, 0xE651, 0xEE75, 0xE654, 0xF81F, 0xF81F, 0xF81F, 0xF81F,
  0xF81F, 0xF81F, 0xCDB2, 0xDE13, 0xDDF2, 0xDE13, 0xDE33, 0xDE33, 0xDE54, 0xE62F, 0xD481, 0xDCE1, 0xED60, 0xF646, 0xFF0C, 0xFEA6,
  0xFE26, 0xFECD, 0xE6F9, 0xF81F, 0xF81F, 0xF81F, 0xF81F, 0xF81F, 0xF81F, 0xDE11, 0xE652, 0xEEB6, 0xE6B8, 0xF81F, 0xF81F, 0xF81F,
  0xF81F, 0xF81F, 0xCD91, 0xDDF2, 0xDDF2, 0xDE13, 0xDE33, 0xDE33, 0xDE34, 0xE62F, 0xD4A1, 0xDD02, 0xED60, 0xF5C1, 0xFE88, 0xFF0B,
  0xFEA5, 0xFE66, 0xF6AE, 0xE71B, 0xF81F, 0xF81F, 0xF81F, 0xF81F, 0xF81F, 0xF81F, 0xDE11, 0xF692, 0xDE34, 0xF81F, 0xF81F, 0xF81F,
  0xF81F, 0xF81F, 0xC592, 0xDDF2, 0xD5D1, 0xDDF2, 0xDE13, 0xDE33, 0xDE13, 0xE630, 0xD4E2, 0xDD02, 0xE541, 0xEDA1, 0xF5E2, 0xFEAA,
  0xFF0A, 0xFEA5, 0xFE87, 0xF6CE, 0xE6FA, 0xF81F, 0xF81F, 0xF81F, 0xF81F, 0xF81F, 0xF81F, 0xE6B5, 0xDE52, 0xF81F, 0xF81F, 0xF81F,
  0xF81F, 0xF81F, 0xCDD4, 0xD5D1, 0xD5D2, 0xDDF2, 0xDE13, 0xDE33, 0xD5F3, 0xEE71, 0xE585, 0xD502, 0xE541, 0xED80, 0xEDC1, 0xF603,
  0xFEA9, 0xFF0A, 0xFEC6, 0xFEA7, 0xFEED, 0xEEF7, 0xF81F, 0xF81F, 0xF81F, 0xF81F, 0xF81F, 0xF81F, 0xF81F, 0xF81F, 0xF81F, 0xF81F,
  0xF81F, 0xF81F, 0xD637, 0xD5B1, 0xD5B1, 0xDDF2, 0xDE12, 0xDE13, 0xD5F2, 0xDE33, 0xE60A, 0xE5A4, 0xDD42, 0xE581, 0xEDA1, 0xEDC1,
  0xEDE2, 0xF687, 0xFF0A, 0xFEE7, 0xFEA6, 0xFF0A, 0xF6B0, 0xE718, 0xF81F, 0xF81F, 0xF81F, 0xF81F, 0xF81F, 0xF81F, 0xF81F, 0xF81F,
  0xF81F, 0xF81F, 0xF81F, 0xCD70, 0xD590, 0xD5B1, 0xDDF2, 0xDDF2, 0xDE12, 0xDE34, 0xDEB8, 0xEE49, 0xEDC3, 0xE581, 0xE5A1, 0xE5C1,
  0xEDE1, 0xEDE1, 0xF645, 0xFEC9, 0xFF09, 0xFEC6, 0xFEE7, 0xFF2A, 0xF6AD, 0xEED3, 0xE718, 0xF81F, 0xF81F, 0xF81F, 0xF81F, 0xF81F,
  0xF81F, 0xF81F, 0xF81F, 0xCD92, 0xD5B0, 0xCD90, 0xD5D1, 0xD5F2, 0xD5D2, 0xDE12, 0xF81F, 0xE6F8, 0xF6A8, 0xF623, 0xE5C2, 0xEDC1,
  0xE5C1, 0xEDE2, 0xEDE1, 0xEE02, 0xF666, 0xF6A8, 0xFEC8, 0xFEE7, 0xFF07, 0xFF68, 0xFF69, 0xF709, 0xE6AD, 0xF81F, 0xF81F, 0xF81F,
  0xF81F, 0xF81F, 0xF81F, 0xCE15, 0xD5D1, 0xCD70, 0xD5B0, 0xD5D1, 0xD5D2, 0xD5F2, 0xF81F, 0xF81F, 0xF81F, 0xF6C9, 0xFEE4, 0xEE22,
  0xEE02, 0xEDE1, 0xEDE1, 0xEDE1, 0xEDE1, 0xEE03, 0xEE45, 0xF666, 0xF666, 0xF686, 0xF686, 0xEE44, 0xFEE4, 0xB4E6, 0xF81F, 0xF81F,
  0xF81F, 0xF81F, 0xF81F, 0xF81F, 0xCD70, 0xC54F, 0xCD90, 0xD5D1, 0xD5B1, 0xD5F2, 0xF81F, 0xF81F, 0xF81F, 0xF81F, 0xF6EE, 0xFF46,
  0xFF26, 0xF685, 0xEE43, 0xEE21, 0xEE01, 0xEE01, 0xEE02, 0xEE02, 0xEE02, 0xE602, 0xDDE2, 0xE602, 0xDDC3, 0xDEB4, 0xF81F, 0xF81F,
  0xF81F, 0xF81F, 0xF81F, 0xF81F, 0xC592, 0xCD90, 0xC52F, 0xCD91, 0xCD91, 0xD5D2, 0xF81F, 0xF81F, 0xF81F, 0xF81F, 0xF81F, 0xEF16,
  0xF72C, 0xFFAB, 0xFFAA, 0xFF07, 0xF6A5, 0xF683, 0xEE42, 0xEE42, 0xEE42, 0xF683, 0xF6A3, 0xDE05, 0xF81F, 0xF81F, 0xF81F, 0xF81F,
  0xF81F, 0xF81F, 0xF81F, 0xF81F, 0xD679, 0xCD90, 0xC52F, 0xCD70, 0xCD90, 0xD5D2, 0xF81F, 0xF81F, 0xF81F, 0xF81F, 0xF81F, 0xF81F,
  0xF81F, 0xEF37, 0xEF30, 0xF76C, 0xFFCC, 0xFFCB, 0xFFCA, 0xFF8A, 0xF709, 0xEEEB, 0xE6D1, 0xF81F, 0xF81F, 0xF81F, 0xF81F, 0xF81F,
  0xF81F, 0xF81F, 0xF81F, 0xF81F, 0xF81F, 0xC592, 0xD590, 0xC54F, 0xCDB1, 0xD5F3, 0xF81F, 0xF81F, 0xF81F, 0xF81F, 0xF81F, 0xF81F,
  0xF81F, 0xF81F, 0xF81F, 0xF81F, 0xEF38, 0xEF16, 0xEF16, 0xE718, 0xF81F, 0xF81F, 0xF81F, 0xF81F, 0xF81F, 0xF81F, 0xF81F, 0xF81F,
  0xF81F, 0xF81F, 0xF81F, 0xF81F, 0xF81F, 0xF81F, 0xC550, 0xCD70, 0xDDD1, 0xD657, 0xF81F, 0xF81F, 0xF81F, 0xF81F, 0xF81F, 0xF81F,
  0xF81F, 0xF81F, 0xF81F, 0xF81F, 0xF81F, 0xF81F, 0xF81F, 0xF81F, 0xF81F, 0xF81F, 0xF81F, 0xF81F, 0xF81F, 0xF81F, 0xF81F, 0xF81F,
  0xF81F, 0xF81F, 0xF81F, 0xF81F, 0xF81F, 0xF81F, 0xF81F, 0xC592, 0xCDB2, 0xF81F, 0xF81F, 0xF81F, 0xF81F, 0xF81F, 0xF81F, 0xF81F,
  0xF81F, 0xF81F, 0xF81F, 0xF81F, 0xF81F, 0xF81F, 0xF81F, 0xF81F, 0xF81F, 0xF81F, 0xF81F, 0xF81F, 0xF81F, 0xF81F, 0xF81F, 0xF81F,
};

const uint16_t icon_dog[1024] PROGMEM = {
  0xF81F, 0xF81F, 0xF81F, 0xF81F, 0xF81F, 0xF81F, 0xF81F, 0xF81F, 0xF81F, 0xF81F, 0xF81F, 0xF81F, 0xF81F, 0xF81F, 0xF81F, 0xF81F,
  0xF81F, 0xF81F, 0xF81F, 0xF81F, 0xF81F, 0xF81F, 0xF81F, 0xF81F, 0xF81F, 0xF81F, 0xF81F, 0xF81F, 0xF81F, 0xF81F, 0xF81F, 0xF81F,
  0xF81F, 0xF81F, 0xF81F, 0xF81F, 0xF81F, 0xF81F, 0xF81F, 0xF81F, 0xF81F, 0xF81F, 0xF81F, 0xF81F, 0xF81F, 0xF81F, 0xF81F, 0xF81F,
  0xF81F, 0xF81F, 0xF81F, 0xF81F, 0xF81F, 0xF81F, 0xF81F, 0xF81F, 0xF81F, 0xF81F, 0xF81F, 0xF81F, 0xF81F, 0xF81F, 0xF81F, 0xF81F,
  0xF81F, 0xF81F, 0xF81F, 0xF81F, 0xF81F, 0xF81F, 0xF81F, 0xF81F, 0xF81F, 0xF81F, 0xF81F, 0xF81F, 0xF81F, 0xF81F, 0xF81F, 0xF81F,
  0xF81F, 0xF81F, 0xF81F, 0xF81F, 0xF81F, 0xF81F, 0xF81F, 0xF81F, 0xF81F, 0xF81F, 0xF81F, 0xF81F, 0xF81F, 0xF81F, 0xF81F, 0xF81F,
  0xF81F, 0xF81F, 0xF81F, 0xF81F, 0xF81F, 0xF81F, 0xF81F, 0xF81F, 0xF81F, 0xF81F, 0xF81F, 0xF81F, 0xF81F, 0xF81F, 0xF81F, 0xF81F,
  0xF81F, 0xF81F, 0xF81F, 0xF81F, 0xF81F, 0xF81F, 0xF81F, 0xF81F, 0xF81F, 0xF81F, 0xF81F, 0xF81F, 0xF81F, 0xF81F, 0xF81F, 0xF81F,
  0xF81F, 0xF81F, 0xF81F, 0xF81F, 0xF81F, 0xF81F, 0xF81F, 0xF81F, 0xF81F, 0xF81F, 0xF81F, 0xF81F, 0xF81F, 0xF81F, 0xF81F, 0xF81F,
  0xF81F, 0xF81F, 0xF81F, 0xF81F, 0xF81F, 0xF81F, 0xF81F, 0xF81F, 0xF81F, 0xF81F, 0xF81F, 0xF81F, 0xF81F, 0xF81F, 0xF81F, 0xF81F,
  0xF81F, 0xF81F, 0xF81F, 0xF81F, 0xF81F, 0xF81F, 0xF81F, 0xF81F, 0xF81F, 0xCD2F, 0xC48A, 0xCDD5, 0xD69A, 0xDE99, 0xE6DA, 0xEF3B,
  0xEF1B, 0xE6D9, 0xDE99, 0xD69A, 0xCD72, 0xC46A, 0xCD71, 0xF81F, 0xF81F, 0xF81F, 0xF81F, 0xF81F, 0xF81F, 0xF81F, 0xF81F, 0xF81F,
  0xF81F, 0xF81F, 0xF81F, 0xF81F, 0xF81F, 0xF81F, 0xF81F, 0xC4EE, 0xB340, 0xC3C2, 0xD5B2, 0xEF3B, 0xFF9D, 0xFFBE, 0xFFDE, 0xFFDE,
  0xFFDE, 0xFFDE, 0xFFBE, 0xF79D, 0xEEFA, 0xD54E, 0xBB81, 0xB383, 0xC552, 0xF81F, 0xF81F, 0xF81F, 0xF81F, 0xF81F, 0xF81F, 0xF81F,
  0xF81F, 0xF81F, 0xF81F, 0xF81F, 0xF81F, 0xF81F, 0xB3E7, 0xC380, 0xAB42, 0xCDD5, 0xE73D, 0xF77D, 0xF7BE, 0xFFDF, 0xFFFF, 0xFFFF,
  0xFFFF, 0xFFFF, 0xFFDE, 0xF79E, 0xEF7D, 0xE71C, 0xC551, 0xAB21, 0xBB82, 0xB48C, 0xF81F, 0xF81F, 0xF81F, 0xF81F, 0xF81F, 0xF81F,
  0xF81F, 0xF81F, 0xF81F, 0xF81F, 0xF81F, 0xABC6, 0xC3A1, 0xAB00, 0xB4F0, 0xE71B, 0xEF5C, 0xF79D, 0xF7BE, 0xFFDF, 0xFFFF, 0xFFFF,
  0xFFFF, 0xFFFF, 0xFFDE, 0xF7BE, 0xF79D, 0xEF3C, 0xDEDB, 0xAC6C, 0xAB40, 0xC3A2, 0xB44A, 0xF81F, 0xF81F, 0xF81F, 0xF81F, 0xF81F,
  0xF81F, 0xF81F, 0xF81F, 0xF81F, 0xABE7, 0xBBA1, 0xB340, 0xABC8, 0xD679, 0xE6FB, 0xEF5C, 0xEF7D, 0xF79E, 0xFFBE, 0xFFDF, 0xFFFF,
  0xFFFF, 0xFFDF, 0xF7BE, 0xF79E, 0xEF7D, 0xEF5C, 0xE6FB, 0xCE17, 0xA364, 0xB360, 0xBB81, 0xB48C, 0xF81F, 0xF81F, 0xF81F, 0xF81F,
  0xF81F, 0xF81F, 0xF81F, 0xB48D, 0xBB81, 0xB381, 0xA300, 0xB511, 0xD699, 0xE6FB, 0xE73C, 0xEF5D, 0xEF7D, 0xF79E, 0xF7BE, 0xFFDE,
  0xF7BE, 0xF7BE, 0xF79E, 0xEF7D, 0xEF3C, 0xE73C, 0xDEDA, 0xCE79, 0xAC6D, 0xA300, 0xBB82, 0xB361, 0xC572, 0xF81F, 0xF81F, 0xF81F,
  0xF81F, 0xF81F, 0xF81F, 0xAB41, 0xB381, 0xAB40, 0x9B03, 0xBD95, 0xCE78, 0xDEDA, 0xE71B, 0xE73C, 0xEF5C, 0xEF7D, 0xF79D, 0xF79E,
  0xF79E, 0xEF7D, 0xEF5C, 0xEF5D, 0xE73D, 0xE6FB, 0xDEBA, 0xCE58, 0xB512, 0x9AE0, 0xB361, 0xB361, 0xA322, 0xF81F, 0xF81F, 0xF81F,
  0xF81F, 0xF81F, 0xA364, 0xB361, 0xB361, 0xA2E0, 0x9305, 0xBDB6, 0xCE58, 0xDEBA, 0xDEFB, 0xE71B, 0xE71C, 0xE73C, 0xEF5D, 0xEF7D,
  0xEF7D, 0xEF5D, 0xEF7E, 0xDEB9, 0xDE98, 0xE71C, 0xDEBA, 0xCE38, 0xB554, 0x8AC2, 0xA300, 0xB361, 0xB361, 0xAC2A, 0xF81F, 0xF81F,
  0xF81F, 0xC572, 0xB341, 0xAB41, 0xAB41, 0x9280, 0x8AE5, 0xBDB6, 0xCE58, 0xDEBA, 0xDEFB, 0xDEFB, 0xE71B, 0xE71C, 0xE73C, 0xEF3C,
  0xE73C, 0xE73D, 0xC4CD, 0xAB21, 0xA321, 0xBC8B, 0xDEBA, 0xCE38, 0xB554, 0x8282, 0x9AC0, 0xAB41, 0xAB61, 0xA301, 0xF81F, 0xF81F,
  0xF81F, 0xA385, 0xB341, 0xAB41, 0xA321, 0x8240, 0x82A4, 0xC5F7, 0xD679, 0xDEDB, 0xE6FB, 0xDEFB, 0xE6FB, 0xE71B, 0xE71C, 0xE71C,
  0xEF7E, 0xC50E, 0xA2A0, 0xAB21, 0xAB21, 0xA2A0, 0xBCAC, 0xD6BB, 0xB574, 0x7A41, 0x8A80, 0xA321, 0xAB41, 0xB361, 0xB44B, 0xF81F,
  0xF81F, 0x9AE0, 0xAB41, 0xAB21, 0x9AC0, 0x8220, 0xB4F1, 0xD679, 0xDEBA, 0xE71B, 0xE73C, 0xE71C, 0xDEFB, 0xE71B, 0xE71B, 0xE73C,
  0xE6FA, 0xAB62, 0xAB20, 0xAB21, 0xAB41, 0xAB41, 0xA2E0, 0xC572, 0xD6BB, 0xA42C, 0x8200, 0x9B01, 0xAB21, 0xAB41, 0x9B02, 0xF81F,
  0xB4CF, 0xAB21, 0xAB21, 0xA301, 0x8A60, 0xB4D0, 0xE71C, 0xDEDA, 0xDEDB, 0xEF5C, 0xDEDB, 0xD6BA, 0xE71B, 0xE71B, 0xE71B, 0xEF7E,
  0xD5F4, 0xA2E0, 0xAB21, 0xAB21, 0x9AC0, 0xAB00, 0xAB40, 0xA301, 0xD636, 0xE73C, 0xA40B, 0x8A60, 0xA321, 0xAB21, 0xA300, 0xCDD5,
  0xA40A, 0xA321, 0xA321, 0x9280, 0xA3EA, 0xE71C, 0xEF3B, 0xE71B, 0xE71C, 0xE71B, 0x7BCF, 0x7BAE, 0xDEDA, 0xE71C, 0xE71C, 0xEF9F,
  0xCD2F, 0xA2E0, 0xAB41, 0x92A0, 0x6288, 0x72C6, 0xAB20, 0xA2E0, 0xB3C5, 0xEF3C, 0xDEDA, 0x9B46, 0x9AC0, 0xA341, 0xA300, 0xBD10,
  0xAC4C, 0xA300, 0x9B01, 0x8AA1, 0xCE16, 0xEF5C, 0xEF7D, 0xEF3C, 0xF79E, 0xA4F3, 0x31A6, 0x31A6, 0xAD75, 0xEF7D, 0xEF3C, 0xF7DF,
  0xCD0C, 0xAB00, 0xB381, 0x61C0, 0x3A09, 0x39A7, 0x9280, 0xB361, 0xAB00, 0xE656, 0xEF7E, 0xBD52, 0x8A80, 0xA321, 0x9AE0, 0xBD52,
  0xF81F, 0x8A80, 0x9260, 0x9B68, 0xDEDA, 0xEF5C, 0xF79D, 0xEF5D, 0xFFFF, 0x840F, 0x0841, 0x0861, 0x9CF3, 0xFFDF, 0xEF7D, 0xFFFF,
  0xD54D, 0xAB00, 0xBB81, 0x59A1, 0x0882, 0x1082, 0x8261, 0xBB81, 0xAB20, 0xDE55, 0xF79E, 0xCE58, 0x92E3, 0x92A0, 0x8AA3, 0xF81F,
  0xF81F, 0xBD95, 0x9349, 0xA46F, 0xDEDA, 0xEF7D, 0xF79D, 0xEF7D, 0xFFFF, 0x8430, 0x2965, 0x2945, 0xAD75, 0xFFFF, 0xF7BE, 0xFFFF,
  0xEEB6, 0xB320, 0xC3A1, 0x61E1, 0x29A7, 0x2966, 0x8281, 0xC3A1, 0xB341, 0xEEF9, 0xEF7D, 0xD699, 0x9BEC, 0x938A, 0xF81F, 0xF81F,
  0xF81F, 0xF81F, 0xF81F, 0xBDD6, 0xDEBA, 0xEF5D, 0xF79D, 0xF77D, 0xFFFF, 0xCE59, 0x2104, 0x4228, 0xEF5D, 0xFFBE, 0xFFBE, 0xFFFF,
  0xFFFF, 0xCC89, 0xBB20, 0xA322, 0x2966, 0x3185, 0xB362, 0xB320, 0xC468, 0xF7BF, 0xEF3C, 0xD678, 0xC639, 0xF81F, 0xF81F, 0xF81F,
  0xF81F, 0xF81F, 0xF81F, 0xB595, 0xD658, 0xE71C, 0xEF7D, 0xF77D, 0xF79E, 0xFFFF, 0xD699, 0xE6FB, 0xFFDE, 0xF7BE, 0xFFFF, 0xFFFF,
  0xFFFF, 0xFFDE, 0xC447, 0xBB20, 0xA2E0, 0xAB00, 0xBB40, 0xBBE4, 0xEEFA, 0xEF7E, 0xE6FB, 0xC5F6, 0xC5F8, 0xF81F, 0xF81F, 0xF81F,
  0xF81F, 0xF81F, 0xF81F, 0xC5F7, 0xBDB5, 0xD6BA, 0xE71C, 0xEF5C, 0xEF7D, 0xF7BE, 0xFFFF, 0xFFDF, 0xF79D, 0xF79D, 0x9CD3, 0x738D,
  0x738D, 0xB596, 0xFFBE, 0xDD90, 0xCC88, 0xCCA8, 0xD56F, 0xEF3C, 0xEF7D, 0xE71B, 0xD699, 0xAD33, 0xF81F, 0xF81F, 0xF81F, 0xF81F,
  0xF81F, 0xF81F, 0xF81F, 0xF81F, 0x9CB1, 0xCE17, 0xD69A, 0xDEDB, 0xE71C, 0xEF5D, 0xEF7D, 0xF77D, 0xFFFF, 0xB575, 0x0000, 0x39C7,
  0x2965, 0x0861, 0xDEBA, 0xFFFF, 0xF7BF, 0xF7BF, 0xEF9F, 0xE71C, 0xDEDA, 0xD699, 0xC5F6, 0xA4D2, 0xF81F, 0xF81F, 0xF81F, 0xF81F,
  0xF81F, 0xF81F, 0xF81F, 0xF81F, 0xBDD7, 0xB533, 0xC617, 0xCE58, 0xD699, 0xDEDB, 0xE71C, 0xE73C, 0xE73C, 0xC617, 0x3165, 0x0841,
  0x0821, 0x5248, 0xDE99, 0xE71C, 0xE73C, 0xE71B, 0xDEBA, 0xD699, 0xCE58, 0xC5D6, 0xA4B1, 0xF81F, 0xF81F, 0xF81F, 0xF81F, 0xF81F,
  0xF81F, 0xF81F, 0xF81F, 0xF81F, 0xF81F, 0xB575, 0xA4D1, 0xBDB5, 0xC5F6, 0xCE38, 0xD679, 0xD699, 0xCE58, 0xCE37, 0xAD12, 0x39A5,
  0x4A47, 0xBD94, 0xCE37, 0xD679, 0xD699, 0xD679, 0xCE38, 0xC5D6, 0xBD95, 0x9C90, 0xC5F7, 0xF81F, 0xF81F, 0xF81F, 0xF81F, 0xF81F,
  0xF81F, 0xF81F, 0xF81F, 0xF81F, 0xF81F, 0xF81F, 0xC5F8, 0x9C90, 0xA4B0, 0xB533, 0xBD74, 0xBD94, 0xB553, 0xA4B1, 0xA40F, 0xA30C,
  0xAB2D, 0xA42F, 0xACF1, 0xBD74, 0xBD94, 0xBD74, 0xB532, 0x9C90, 0xA4B1, 0xF81F, 0xF81F, 0xF81F, 0xF81F, 0xF81F, 0xF81F, 0xF81F,
  0xF81F, 0xF81F, 0xF81F, 0xF81F, 0xF81F, 0xF81F, 0xF81F, 0xF81F, 0xF81F, 0xBD95, 0xB554, 0xA4D2, 0x944E, 0xA38E, 0xDC12, 0xD3B0,
  0xDBD1, 0xDBF1, 0x9B8D, 0x946F, 0xACF2, 0xB554, 0xBD95, 0xF81F, 0xF81F, 0xF81F, 0xF81F, 0xF81F, 0xF81F, 0xF81F, 0xF81F, 0xF81F,
  0xF81F, 0xF81F, 0xF81F, 0xF81F, 0xF81F, 0xF81F, 0xF81F, 0xF81F, 0xF81F, 0xF81F, 0xF81F, 0xF81F, 0xF81F, 0xCCD4, 0xFC73, 0xEBF2,
  0xEC12, 0xF433, 0xCD76, 0xF81F, 0xF81F, 0xF81F, 0xF81F, 0xF81F, 0xF81F, 0xF81F, 0xF81F, 0xF81F, 0xF81F, 0xF81F, 0xF81F, 0xF81F,
  0xF81F, 0xF81F, 0xF81F, 0xF81F, 0xF81F, 0xF81F, 0xF81F, 0xF81F, 0xF81F, 0xF81F, 0xF81F, 0xF81F, 0xF81F, 0xF81F, 0xE3B0, 0xF3F1,
  0xF3F2, 0xD36F, 0xF81F, 0xF81F, 0xF81F, 0xF81F, 0xF81F, 0xF81F, 0xF81F, 0xF81F, 0xF81F, 0xF81F, 0xF81F, 0xF81F, 0xF81F, 0xF81F,
  0xF81F, 0xF81F, 0xF81F, 0xF81F, 0xF81F, 0xF81F, 0xF81F, 0xF81F, 0xF81F, 0xF81F, 0xF81F, 0xF81F, 0xF81F, 0xF81F, 0xD5B8, 0xD493,
  0xD4B4, 0xF81F, 0xF81F, 0xF81F, 0xF81F, 0xF81F, 0xF81F, 0xF81F, 0xF81F, 0xF81F, 0xF81F, 0xF81F, 0xF81F, 0xF81F, 0xF81F, 0xF81F,
};

const uint16_t icon_cat[1024] PROGMEM = {
  0xF81F, 0xF81F, 0xF81F, 0xF81F, 0xF81F, 0xF81F, 0xF81F, 0xF81F, 0xF81F, 0xF81F, 0xF81F, 0xF81F, 0xF81F, 0xF81F, 0xF81F, 0xF81F,
  0xF81F, 0xF81F, 0xF81F, 0xF81F, 0xF81F, 0xF81F, 0xF81F, 0xF81F, 0xF81F, 0xF81F, 0xF81F, 0xF81F, 0xF81F, 0xF81F, 0xF81F, 0xF81F,
  0xF81F, 0xF81F, 0xF81F, 0xF81F, 0xF81F, 0xF81F, 0xF81F, 0xF81F, 0xF81F, 0xF81F, 0xF81F, 0xF81F, 0xF81F, 0xF81F, 0xF81F, 0xF81F,
  0xF81F, 0xF81F, 0xF81F, 0xF81F, 0xF81F, 0xF81F, 0xF81F, 0xF81F, 0xF81F, 0xF81F, 0xF81F, 0xF81F, 0xF81F, 0xF81F, 0xF81F, 0xF81F,
  0xF81F, 0xF81F, 0xF81F, 0xF81F, 0xF81F, 0xE6B6, 0xEEAF, 0xEF18, 0xF81F, 0xF81F, 0xF81F, 0xF81F, 0xF81F, 0xF81F, 0xF81F, 0xF81F,
  0xF81F, 0xF81F, 0xF81F, 0xF81F, 0xF81F, 0xF81F, 0xF81F, 0xF81F, 0xEF18, 0xEEAF, 0xE6B6, 0xF81F, 0xF81F, 0xF81F, 0xF81F, 0xF81F,
  0xF81F, 0xF81F, 0xF81F, 0xF81F, 0xF81F, 0xEE4E, 0xFEA6, 0xEDE6, 0xEE6C, 0xEF15, 0xF81F, 0xF81F, 0xF81F, 0xF81F, 0xF81F, 0xF81F,
  0xF81F, 0xF81F, 0xF81F, 0xF81F, 0xF81F, 0xF81F, 0xEF15, 0xEE6C, 0xEE07, 0xFEC7, 0xEE4F, 0xF81F, 0xF81F, 0xF81F, 0xF81F, 0xF81F,
  0xF81F, 0xF81F, 0xF81F, 0xF81F, 0xF81F, 0xE5EA, 0xD4E0, 0xD500, 0xDD21, 0xEDC6, 0xEE8C, 0xEF16, 0xF81F, 0xF81F, 0xF81F, 0xF81F,
  0xF81F, 0xF81F, 0xF81F, 0xF81F, 0xEF16, 0xEE8D, 0xEDE6, 0xDD21, 0xDD00, 0xDD20, 0xE60A, 0xF81F, 0xF81F, 0xF81F, 0xF81F, 0xF81F,
  0xF81F, 0xF81F, 0xF81F, 0xF81F, 0xF81F, 0xD566, 0xCC80, 0xE560, 0xDD40, 0xD4C0, 0xC480, 0xF627, 0xF6F0, 0xF81F, 0xF81F, 0xF81F,
  0xF81F, 0xF81F, 0xF81F, 0xF6F0, 0xF648, 0xD4C0, 0xDD00, 0xE561, 0xE561, 0xD4C0, 0xDD86, 0xF81F, 0xF81F, 0xF81F, 0xF81F, 0xF81F,
  0xF81F, 0xF81F, 0xF81F, 0xF81F, 0xF81F, 0xD524, 0xBC40, 0xD4E0, 0xCCC0, 0xCCC0, 0xC460, 0xABA0, 0xDD64, 0xF669, 0xE651, 0xE672,
  0xE672, 0xE650, 0xF68B, 0xE5A5, 0xB400, 0xD4C0, 0xDD20, 0xD500, 0xD500, 0xC480, 0xDD65, 0xF81F, 0xF81F, 0xF81F, 0xF81F, 0xF81F,
  0xF81F, 0xF81F, 0xF81F, 0xF81F, 0xF81F, 0xD524, 0xBC20, 0xC460, 0xBC40, 0xB400, 0xB3E0, 0xCCC1, 0xDD63, 0xF605, 0xFE87, 0xFE87,
  0xFE87, 0xFE87, 0xF626, 0xE5A4, 0xD502, 0xBC40, 0xC460, 0xCCA0, 0xCCA0, 0xC460, 0xDD65, 0xF81F, 0xF81F, 0xF81F, 0xF81F, 0xF81F,
  0xF81F, 0xF81F, 0xF81F, 0xF81F, 0xF81F, 0xD566, 0xBC20, 0xB400, 0xABA0, 0xBC40, 0xE5A4, 0xFE67, 0xFE88, 0xF669, 0xF68A, 0xFEAB,
  0xFEAB, 0xFEAB, 0xF68A, 0xFE89, 0xFE68, 0xEDC4, 0xC460, 0xB400, 0xBC20, 0xC440, 0xDD86, 0xF81F, 0xF81F, 0xF81F, 0xF81F, 0xF81F,
  0xF81F, 0xF81F, 0xF81F, 0xF81F, 0xF81F, 0xDDC9, 0xC460, 0xA380, 0xC481, 0xF626, 0xFE68, 0xF669, 0xFEAA, 0xFECC, 0xFEED, 0xFEEE,
  0xFEEE, 0xFEED, 0xFECC, 0xFE8A, 0xF669, 0xFE68, 0xF605, 0xC480, 0xABC0, 0xCC80, 0xDDC9, 0xF81F, 0xF81F, 0xF81F, 0xF81F, 0xF81F,
  0xF81F, 0xF81F, 0xF81F, 0xF81F, 0xF81F, 0xE64E, 0xD4E1, 0xC4A1, 0xF605, 0xF647, 0xF669, 0xFEAB, 0xFEED, 0xFF0F, 0xFF30, 0xFF30,
  0xFF31, 0xFF30, 0xFF0F, 0xFEED, 0xFEAA, 0xF668, 0xF647, 0xF5E4, 0xC480, 0xD4E1, 0xE62E, 0xF81F, 0xF81F, 0xF81F, 0xF81F, 0xF81F,
  0xF81F, 0xF81F, 0xF81F, 0xF81F, 0xF81F, 0xE694, 0xED82, 0xEDA3, 0xF606, 0xF668, 0xFEAB, 0xFEEE, 0xFF30, 0xFF31, 0xFF52, 0xFF52,
  0xFF73, 0xFF52, 0xFF31, 0xFF0F, 0xFECC, 0xFE8A, 0xF647, 0xF606, 0xE582, 0xE582, 0xE694, 0xF81F, 0xF81F, 0xF81F, 0xF81F, 0xF81F,
  0xF81F, 0xF81F, 0xF81F, 0xF81F, 0xF81F, 0xF81F, 0xDD40, 0xEDE4, 0xF626, 0xFE89, 0xFECC, 0xFF0F, 0xFF31, 0xFF52, 0xFF73, 0xFF73,
  0xFF74, 0xFF73, 0xFF52, 0xFF30, 0xFEEE, 0xFEAB, 0xF668, 0xF606, 0xEDC4, 0xDD20, 0xF81F, 0xF81F, 0xF81F, 0xF81F, 0xF81F, 0xF81F,
  0xF81F, 0xF81F, 0xF81F, 0xF81F, 0xF81F, 0xF81F, 0xE581, 0xF605, 0xF647, 0xFE8A, 0xFECC, 0xFF0F, 0xFF31, 0xFF52, 0xFF73, 0xFF73,
  0xFF74, 0xFF73, 0xFF52, 0xFF30, 0xFEEE, 0xFEAB, 0xFE69, 0xF606, 0xEDC4, 0xE561, 0xF81F, 0xF81F, 0xF81F, 0xF81F, 0xF81F, 0xF81F,
  0xF81F, 0xF81F, 0xF81F, 0xF81F, 0xF81F, 0xD5AB, 0xF603, 0xF606, 0xF648, 0xFEAA, 0xFECC, 0xFEEE, 0xFF30, 0xFF52, 0xFF73, 0xFF74,
  0xFF74, 0xFF73, 0xFF52, 0xFF10, 0xFEED, 0xFEAB, 0xFE69, 0xF626, 0xEDC4, 0xF5C1, 0xD58B, 0xF81F, 0xF81F, 0xF81F, 0xF81F, 0xF81F,
  0xF81F, 0xF81F, 0xF81F, 0xF81F, 0xF81F, 0xD523, 0xF604, 0xF626, 0xF668, 0xFE8A, 0xFEAB, 0xF6AC, 0xFEEE, 0xFF31, 0xFF53, 0xFF73,
  0xFF73, 0xFF73, 0xFF30, 0xFEEE, 0xFEAC, 0xFE8A, 0xF669, 0xF647, 0xEDE5, 0xEDC2, 0xCD03, 0xF81F, 0xF81F, 0xF81F, 0xF81F, 0xF81F,
  0xF81F, 0xF81F, 0xF81F, 0xF81F, 0xF81F, 0xE561, 0xEDE4, 0xF627, 0xF669, 0xFE8A, 0xFECA, 0xFEEA, 0xFEAB, 0xFF0E, 0xFF52, 0xFF73,
  0xFF73, 0xFF52, 0xFEEE, 0xFEAB, 0xFEEA, 0xFEA9, 0xF669, 0xF668, 0xF606, 0xEDA3, 0xDD40, 0xF81F, 0xF81F, 0xF81F, 0xF81F, 0xF81F,
  0xF81F, 0xF81F, 0xF81F, 0xF81F, 0xD5AD, 0xF5C1, 0xEDE5, 0xF647, 0xF669, 0xFEA9, 0xCD67, 0xA446, 0xFE89, 0xFECC, 0xFF30, 0xFF52,
  0xFF52, 0xFF30, 0xFEAC, 0xFE89, 0xA426, 0xCD46, 0xFE89, 0xF669, 0xF647, 0xEDC4, 0xEDA0, 0xCDAD, 0xF81F, 0xF81F, 0xF81F, 0xF81F,
  0xF81F, 0xF81F, 0xF81F, 0xF81F, 0xCD05, 0xEDC1, 0xEE06, 0xF668, 0xFE89, 0xEE47, 0x6308, 0x4AAC, 0xAC84, 0xFEEB, 0xFEEF, 0xFF51,
  0xFF52, 0xFEEF, 0xFEEA, 0xB484, 0x52AD, 0x62E7, 0xEE27, 0xFE89, 0xF668, 0xEE05, 0xEDA1, 0xCCE5, 0xF81F, 0xF81F, 0xF81F, 0xF81F,
  0xF81F, 0xF81F, 0xF81F, 0xF81F, 0xCCC0, 0xEDA2, 0xF627, 0xF669, 0xFEA9, 0xDD87, 0x18C2, 0x0883, 0x7B43, 0xFEE9, 0xFECD, 0xFF31,
  0xFF31, 0xFECE, 0xFEE9, 0x7B44, 0x0883, 0x18C2, 0xD586, 0xFEA9, 0xF648, 0xF606, 0xEDA2, 0xCCC0, 0xF81F, 0xF81F, 0xF81F, 0xF81F,
  0xF81F, 0xF81F, 0xF81F, 0xD635, 0xDD00, 0xEDA3, 0xF627, 0xF668, 0xFEA9, 0xD566, 0x2944, 0x2125, 0x7B24, 0xFEC9, 0xFECD, 0xFF30,
  0xFF30, 0xFEAC, 0xFEC8, 0x7B43, 0x2125, 0x2924, 0xD545, 0xFE89, 0xF648, 0xF627, 0xEDA3, 0xDD00, 0xD614, 0xF81F, 0xF81F, 0xF81F,
  0xF81F, 0xF81F, 0xF81F, 0xCDB1, 0xDD00, 0xE582, 0xF626, 0xF668, 0xFE68, 0xEDE5, 0x39A5, 0x1907, 0xAC44, 0xFEC9, 0xFEAC, 0xFF0F,
  0xFF0F, 0xFEAC, 0xFEA8, 0xAC44, 0x1927, 0x39A4, 0xEDC5, 0xFE69, 0xF648, 0xF626, 0xEDA2, 0xDD00, 0xCDB1, 0xF81F, 0xF81F, 0xF81F,
  0xF81F, 0xF81F, 0xF81F, 0xC591, 0xCCA0, 0xE561, 0xEDE5, 0xF627, 0xF648, 0xFE45, 0x9BE2, 0x72C2, 0xEDE4, 0xFE69, 0xFEAB, 0xFECD,
  0xFECD, 0xFEAB, 0xF648, 0xEDE4, 0x72C2, 0x9BE2, 0xFE46, 0xF648, 0xF627, 0xEDE5, 0xE561, 0xD4C0, 0xCDB2, 0xF81F, 0xF81F, 0xF81F,
  0xF81F, 0xF81F, 0xF81F, 0xF81F, 0xBC20, 0xDD00, 0xEDA3, 0xF605, 0xF626, 0xF606, 0xF604, 0xF603, 0xF605, 0xF647, 0xFE89, 0xFEA9,
  0xFEA9, 0xFE88, 0xF627, 0xF5E5, 0xF603, 0xF604, 0xF626, 0xF626, 0xF605, 0xEDA3, 0xDD20, 0xBC40, 0xF81F, 0xF81F, 0xF81F, 0xF81F,
  0xF81F, 0xF81F, 0xF81F, 0xF81F, 0xA3C3, 0xCCA0, 0xDD40, 0xEDA2, 0xEDE4, 0xF605, 0xEE05, 0xEDE5, 0xF606, 0xF626, 0xDD65, 0xBCA7,
  0xB4A7, 0xDD65, 0xF626, 0xF606, 0xEDE5, 0xEDE5, 0xF605, 0xEDE4, 0xEDA2, 0xDD20, 0xCCA0, 0xA3C3, 0xF81F, 0xF81F, 0xF81F, 0xF81F,
  0xF81F, 0xF81F, 0xF81F, 0xF81F, 0xC593, 0xB3C0, 0xCCC0, 0xDD20, 0xDD41, 0xDD42, 0xE583, 0xF605, 0xF627, 0xFE68, 0x93A6, 0x942F,
  0x942F, 0x93A6, 0xFE67, 0xF627, 0xEDE5, 0xE583, 0xDD42, 0xDD41, 0xDD00, 0xCCA0, 0xB3C0, 0xC5B3, 0xF81F, 0xF81F, 0xF81F, 0xF81F,
  0xF81F, 0xF81F, 0xF81F, 0xF81F, 0xF81F, 0xAC8D, 0xA360, 0xABC0, 0xABE0, 0xABC0, 0xB3E0, 0xE582, 0xF605, 0xFE46, 0xD502, 0x6A84,
  0x6A84, 0xD522, 0xFE46, 0xF605, 0xE582, 0xABE0, 0xABA0, 0xABC0, 0xABA0, 0xA360, 0xAC8D, 0xF81F, 0xF81F, 0xF81F, 0xF81F, 0xF81F,
  0xF81F, 0xF81F, 0xF81F, 0xF81F, 0xF81F, 0xF81F, 0xA48F, 0x8AE2, 0x9300, 0xA360, 0xA360, 0xBC20, 0xCCA0, 0xBC40, 0xBC20, 0xB422,
  0xAC02, 0xBC20, 0xBC40, 0xCCA0, 0xBC20, 0xA360, 0xA360, 0x9300, 0x82E2, 0xA46F, 0xF81F, 0xF81F, 0xF81F, 0xF81F, 0xF81F, 0xF81F,
  0xF81F, 0xF81F, 0xF81F, 0xF81F, 0xF81F, 0xF81F, 0xF81F, 0xF81F, 0xBD94, 0xACCE, 0xAC8C, 0x9BC8, 0x8AE2, 0xA380, 0xCCA0, 0xEDC2,
  0xEDC2, 0xCCA0, 0xA380, 0x8AE2, 0x9BC8, 0xAC8C, 0xACCE, 0xBD94, 0xF81F, 0xF81F, 0xF81F, 0xF81F, 0xF81F, 0xF81F, 0xF81F, 0xF81F,
  0xF81F, 0xF81F, 0xF81F, 0xF81F, 0xF81F, 0xF81F, 0xF81F, 0xF81F, 0xF81F, 0xF81F, 0xF81F, 0xF81F, 0xF81F, 0xBD2F, 0xABC2, 0xBC00,
  0xBC20, 0xABE2, 0xBD2F, 0xF81F, 0xF81F, 0xF81F, 0xF81F, 0xF81F, 0xF81F, 0xF81F, 0xF81F, 0xF81F, 0xF81F, 0xF81F, 0xF81F, 0xF81F,
  0xF81F, 0xF81F, 0xF81F, 0xF81F, 0xF81F, 0xF81F, 0xF81F, 0xF81F, 0xF81F, 0xF81F, 0xF81F, 0xF81F, 0xF81F, 0xF81F, 0xF81F, 0xF81F,
  0xF81F, 0xF81F, 0xF81F, 0xF81F, 0xF81F, 0xF81F, 0xF81F, 0xF81F, 0xF81F, 0xF81F, 0xF81F, 0xF81F, 0xF81F, 0xF81F, 0xF81F, 0xF81F,
  0xF81F, 0xF81F, 0xF81F, 0xF81F, 0xF81F, 0xF81F, 0xF81F, 0xF81F, 0xF81F, 0xF81F, 0xF81F, 0xF81F, 0xF81F, 0xF81F, 0xF81F, 0xF81F,
  0xF81F, 0xF81F, 0xF81F, 0xF81F, 0xF81F, 0xF81F, 0xF81F, 0xF81F, 0xF81F, 0xF81F, 0xF81F, 0xF81F, 0xF81F, 0xF81F, 0xF81F, 0xF81F,
};

const uint16_t icon_fish[1024] PROGMEM = {
  0xF81F, 0xF81F, 0xF81F, 0xF81F, 0xF81F, 0xF81F, 0xF81F, 0xF81F, 0xF81F, 0xF81F, 0xF81F, 0xF81F, 0xF81F, 0xF81F, 0xF81F, 0xF81F,
  0xF81F, 0xF81F, 0xF81F, 0xF81F, 0xF81F, 0xF81F, 0xF81F, 0xF81F, 0xF81F, 0xF81F, 0xF81F, 0xF81F, 0xF81F, 0xF81F, 0xF81F, 0xF81F,
  0xF81F, 0xF81F, 0xF81F, 0xF81F, 0xF81F, 0xF81F, 0xF81F, 0xF81F, 0xF81F, 0xF81F, 0xF81F, 0xF81F, 0xF81F, 0xF81F, 0xF81F, 0xF81F,
  0xF81F, 0xF81F, 0xF81F, 0xF81F, 0xF81F, 0xF81F, 0xF81F, 0xF81F, 0xF81F, 0xF81F, 0xF81F, 0xF81F, 0xF81F, 0xF81F, 0xF81F, 0xF81F,
  0xF81F, 0xF81F, 0xF81F, 0xF81F, 0xF81F, 0xF81F, 0xF81F, 0xF81F, 0xF81F, 0xF81F, 0xF81F, 0xF81F, 0xF81F, 0xF81F, 0xF81F, 0xF81F,
  0xF81F, 0xF81F, 0xF81F, 0xF81F, 0xF81F, 0xF81F, 0xF81F, 0xF81F, 0xF81F, 0xF81F, 0xF81F, 0xF81F, 0xF81F, 0xF81F, 0xF81F, 0xF81F,
  0xF81F, 0xF81F, 0xF81F, 0xF81F, 0xF81F, 0xF81F, 0xF81F, 0xF81F, 0xF81F, 0xF81F, 0x8495, 0x3A8E, 0x73F3, 0xA557, 0xF81F, 0xF81F,
  0xF81F, 0xF81F, 0xF81F, 0xF81F, 0xF81F, 0xF81F, 0xF81F, 0xF81F, 0xF81F, 0xF81F, 0xF81F, 0xF81F, 0xF81F, 0xF81F, 0xF81F, 0xF81F,
  0xF81F, 0xF81F, 0xF81F, 0xF81F, 0xF81F, 0xF81F, 0xF81F, 0xF81F, 0xF81F, 0xF81F, 0x2A2D, 0x2A4E, 0x2A6F, 0x2A6F, 0x324E, 0x5351,
  0x94F6, 0xF81F, 0xF81F, 0xF81F, 0xF81F, 0xF81F, 0xF81F, 0xF81F, 0xF81F, 0xF81F, 0xF81F, 0xF81F, 0xF81F, 0xF81F, 0xF81F, 0xF81F,
  0xF81F, 0xF81F, 0xF81F, 0xF81F, 0xF81F, 0xF81F, 0xF81F, 0xF81F, 0xF81F, 0x3AD0, 0x32F2, 0x3B94, 0x3BB5, 0x3B94, 0x3353, 0x32D1,
  0x2A4F, 0x2A2D, 0x73F3, 0xF81F, 0xF81F, 0xF81F, 0xF81F, 0xF81F, 0xF81F, 0xF81F, 0xF81F, 0xF81F, 0xF81F, 0xF81F, 0xF81F, 0xF81F,
  0xF81F, 0xF81F, 0xF81F, 0xF81F, 0xF81F, 0xF81F, 0xF81F, 0xF81F, 0x84B6, 0x3B94, 0x4C16, 0x4C57, 0x4C57, 0x4C57, 0x4C37, 0x4437,
  0x3BB5, 0x32F2, 0x2A6F, 0x2A0D, 0x7C54, 0xF81F, 0xF81F, 0xF81F, 0xF81F, 0xF81F, 0xF81F, 0xF81F, 0xF81F, 0xF81F, 0xF81F, 0xF81F,
  0xF81F, 0xF81F, 0xF81F, 0xF81F, 0xF81F, 0xF81F, 0xF81F, 0xADB9, 0x4B93, 0x4374, 0x4353, 0x4354, 0x4354, 0x4354, 0x4374, 0x4B94,
  0x4BF5, 0x4C36, 0x43B5, 0x2AB0, 0x2A2E, 0x42AF, 0xF81F, 0xF81F, 0xF81F, 0xF81F, 0xF81F, 0xF81F, 0xF81F, 0xF81F, 0xF81F, 0xF81F,
  0xF81F, 0xF81F, 0xF81F, 0xF81F, 0xF81F, 0xB5D9, 0x5BD4, 0x3B55, 0x3334, 0x3355, 0x3396, 0x3BB7, 0x3BB8, 0x33B8, 0x3397, 0x3356,
  0x3334, 0x4354, 0x53F5, 0x4BF6, 0x3312, 0x222E, 0x2A0D, 0xADB8, 0xF81F, 0xF81F, 0xF81F, 0xF81F, 0xF81F, 0xF81F, 0xF81F, 0xF81F,
  0xF81F, 0xF81F, 0xF81F, 0xF81F, 0x84B6, 0x5C37, 0x5459, 0x5CDA, 0x655C, 0x6DBE, 0x655C, 0x5D3B, 0x6D9D, 0x659E, 0x659E, 0x657D,
  0x5D1C, 0x4C7A, 0x43D7, 0x4BF6, 0x5457, 0x3B52, 0x220D, 0x29EC, 0xF81F, 0xF81F, 0xF81F, 0xF81F, 0xF81F, 0xF81F, 0xF81F, 0xF81F,
  0xF81F, 0xF81F, 0xF81F, 0x7C75, 0x7D3A, 0x85FD, 0x8E5E, 0x967E, 0x969F, 0x96DF, 0x8E9E, 0x6519, 0x75DC, 0x7E1E, 0x865E, 0x865F,
  0x865F, 0x865F, 0x75FE, 0x5D1B, 0x5478, 0x5457, 0x4373, 0x21CC, 0x324D, 0xF81F, 0xF81F, 0xF81F, 0xF81F, 0xF81F, 0xF81F, 0x8C94,
  0xF81F, 0xF81F, 0x8495, 0xA5FB, 0xDF9F, 0xE7BF, 0xCF7F, 0xB73F, 0xAF3F, 0xA6FF, 0xA75F, 0x8E3C, 0x64F9, 0x7E1D, 0x865E, 0x8E9F,
  0x96BF, 0x96DF, 0x96DF, 0x8EBF, 0x7E3E, 0x651A, 0x5C98, 0x4B93, 0x21CC, 0x7C33, 0xF81F, 0xF81F, 0xF81F, 0xF81F, 0x7C33, 0x324D,
  0xF81F, 0xAD98, 0x8D18, 0xE79F, 0xFFFF, 0xEFBE, 0x8C71, 0x5B4E, 0xA67C, 0xB75F, 0xA71F, 0xA73F, 0x5CB7, 0x651A, 0x7DDC, 0x863D,
  0x969E, 0x96BF, 0x9EDF, 0x9EFF, 0x9EFF, 0x96BF, 0x759C, 0x5CB8, 0x4B73, 0x29AB, 0xF81F, 0xF81F, 0xF81F, 0x6BD2, 0x29ED, 0x5B50,
  0xF81F, 0x6BF3, 0xC6BD, 0xF7FF, 0xFFFF, 0x94D3, 0x1082, 0x18A2, 0x4AEC, 0xBF9F, 0xA6DE, 0xAF5F, 0x757A, 0x4416, 0x655B, 0x75DC,
  0x863D, 0x969E, 0x9EDF, 0x9EDF, 0x9EFF, 0x9EFF, 0x96DF, 0x75BC, 0x5CB8, 0x5BD3, 0xF81F, 0x94D6, 0x3A4E, 0x29ED, 0x29EC, 0x6BD2,
  0xA578, 0x8D17, 0xE79F, 0xF7DF, 0xFFFF, 0xA534, 0x1082, 0x18C3, 0x7C52, 0xBF5F, 0xA6BE, 0xA71F, 0x8E3C, 0x3B94, 0x54D9, 0x6D5A,
  0x7DFC, 0x8E5D, 0x969E, 0x9EBE, 0x9EDF, 0x9EDF, 0x9EDF, 0x96BF, 0x757B, 0x5C76, 0x4B73, 0x2A4F, 0x2A4F, 0x2A4F, 0x29ED, 0x8454,
  0x6392, 0xADFA, 0xFFFF, 0xF7DF, 0xF7DF, 0xF7DF, 0x9D14, 0x9CF3, 0xE79E, 0xB6FE, 0xA6BE, 0x9EDF, 0x967D, 0x3B93, 0x4C77, 0x6519,
  0x7DDB, 0x8E3D, 0x967E, 0x969E, 0x9EBE, 0x9EBE, 0x9EBE, 0x969E, 0x8E3D, 0x64D7, 0x53F5, 0x4374, 0x2AB2, 0x2A70, 0x21ED, 0x8CB5,
  0x6BB2, 0x4B32, 0xA5FB, 0xE77E, 0xF7DF, 0xF7DF, 0xFFFF, 0xFFFF, 0xEF9E, 0xC6FD, 0x9E9D, 0x9EBE, 0x967D, 0x43B3, 0x4C57, 0x6519,
  0x75BB, 0x861C, 0x8E7D, 0x969E, 0x969E, 0x969E, 0x967E, 0x967D, 0x8E1C, 0x6D39, 0x4BD4, 0x4331, 0x32D1, 0x2A70, 0x2A0D, 0x8CB5,
  0xF81F, 0xF81F, 0x7C56, 0x6436, 0xA5FB, 0xE77E, 0xE75D, 0xE75D, 0xE75D, 0xE75D, 0xA69D, 0x967D, 0x965D, 0x43B3, 0x4C77, 0x6519,
  0x75BB, 0x861C, 0x8E5D, 0x8E5D, 0x965D, 0x8E5D, 0x8E5C, 0x8E3C, 0x7DDB, 0x7D58, 0x6C33, 0x3A6D, 0x32B1, 0x2A70, 0x29ED, 0x94D6,
  0xF81F, 0x8495, 0x7C96, 0x9D38, 0x5BB4, 0x8519, 0xEF9E, 0xE75D, 0xE73D, 0xE75D, 0xD71C, 0x9E7D, 0x8E1C, 0x4BF4, 0x5CD8, 0x6D5A,
  0x7DBB, 0x85FC, 0x8E3C, 0x8E3C, 0x8E3C, 0x8E3C, 0x861C, 0x85FB, 0x95FA, 0x9D97, 0x63B1, 0x328F, 0x2AD2, 0x2A70, 0x2A0D, 0x94F6,
  0xF81F, 0x7C33, 0x8CF7, 0xADFA, 0xA599, 0xADF9, 0xE75D, 0xDF3C, 0xDF3C, 0xDF1C, 0xE73C, 0xD73D, 0x85BA, 0x4C35, 0x6D5A, 0x759A,
  0x85FB, 0x861C, 0x8E3C, 0x8E3C, 0x861C, 0x861B, 0x963B, 0xB65A, 0xADD8, 0x7433, 0x3AAF, 0x2A70, 0x2A91, 0x2A4F, 0x2A0D, 0x94D5,
  0xF81F, 0xF81F, 0x5B70, 0x9D56, 0xCEBB, 0xDF1C, 0xDF1C, 0xDF3C, 0xDF1C, 0xDF1C, 0xDF1C, 0xEF7D, 0x9D97, 0x8579, 0x85FB, 0x85DB,
  0x85FC, 0x861C, 0x8E3C, 0x8E3C, 0x9E3B, 0xB67B, 0xC65A, 0x9D56, 0x6BF3, 0x5B71, 0x42AF, 0x220D, 0x2A0E, 0x2A2E, 0x220D, 0x8C94,
  0xF81F, 0xF81F, 0x94F6, 0x63B2, 0x84D5, 0xA5B8, 0xC67B, 0xD6FC, 0xDF1C, 0xDEFC, 0xDF3C, 0xCE9A, 0xA5B7, 0xD6FC, 0xCEFC, 0xC6DC,
  0xBEDC, 0xBEBC, 0xC6BC, 0xC6BB, 0xC69A, 0xB5F8, 0x7C94, 0x5351, 0x7C54, 0xF81F, 0xF81F, 0x9D16, 0x324D, 0x21ED, 0x29ED, 0x7413,
  0xF81F, 0xF81F, 0xF81F, 0x8CD5, 0x63B2, 0x6C13, 0x84F6, 0x9DB8, 0xB63A, 0xC67A, 0xCEDB, 0xBE5A, 0xCEDC, 0xD6FC, 0xD6FC, 0xD6FC,
  0xD6DB, 0xCEBB, 0xC67A, 0xADD8, 0x84D5, 0x63B2, 0x4B10, 0x426E, 0xF81F, 0xF81F, 0xF81F, 0xF81F, 0xF81F, 0x6391, 0x21ED, 0x5B50,
  0xF81F, 0xF81F, 0xF81F, 0xF81F, 0xA578, 0x5B91, 0x5392, 0x5BD3, 0x6C75, 0x7CD6, 0x8D37, 0xA5D9, 0xAE19, 0xAE19, 0xB619, 0xADF9,
  0xA5B8, 0x9557, 0x7C95, 0x5BD2, 0x4B10, 0x5B71, 0x3A4D, 0x31EC, 0x73B1, 0xF81F, 0xF81F, 0xF81F, 0xF81F, 0xF81F, 0x8C95, 0x426D,
  0xF81F, 0xF81F, 0xF81F, 0xF81F, 0xF81F, 0xF81F, 0x8CB5, 0x4B30, 0x4B31, 0x4B51, 0x4B92, 0x5BD3, 0x6434, 0x6C75, 0x7475, 0x6C34,
  0x5BD2, 0x4B51, 0x4B10, 0x42AF, 0x8C94, 0xF81F, 0xF81F, 0xA557, 0x9CF5, 0xF81F, 0xF81F, 0xF81F, 0xF81F, 0xF81F, 0xF81F, 0xF81F,
  0xF81F, 0xF81F, 0xF81F, 0xF81F, 0xF81F, 0xF81F, 0xF81F, 0xF81F, 0x9D57, 0x7413, 0x5350, 0x42EF, 0x42CF, 0x42CF, 0x42CF, 0x42AE,
  0x42AF, 0x3A6E, 0x3A6D, 0x29CB, 0x8433, 0xF81F, 0xF81F, 0xF81F, 0xF81F, 0xF81F, 0xF81F, 0xF81F, 0xF81F, 0xF81F, 0xF81F, 0xF81F,
  0xF81F, 0xF81F, 0xF81F, 0xF81F, 0xF81F, 0xF81F, 0xF81F, 0xF81F, 0xF81F, 0xF81F, 0xF81F, 0xF81F, 0xF81F, 0xF81F, 0xF81F, 0xF81F,
  0x7C33, 0x322C, 0x29EC, 0x29AB, 0x424C, 0xF81F, 0xF81F, 0xF81F, 0xF81F, 0xF81F, 0xF81F, 0xF81F, 0xF81F, 0xF81F, 0xF81F, 0xF81F,
  0xF81F, 0xF81F, 0xF81F, 0xF81F, 0xF81F, 0xF81F, 0xF81F, 0xF81F, 0xF81F, 0xF81F, 0xF81F, 0xF81F, 0xF81F, 0xF81F, 0xF81F, 0xF81F,
  0xF81F, 0xF81F, 0x8CB5, 0x5B2F, 0x320B, 0xF81F, 0xF81F, 0xF81F, 0xF81F, 0xF81F, 0xF81F, 0xF81F, 0xF81F, 0xF81F, 0xF81F, 0xF81F,
  0xF81F, 0xF81F, 0xF81F, 0xF81F, 0xF81F, 0xF81F, 0xF81F, 0xF81F, 0xF81F, 0xF81F, 0xF81F, 0xF81F, 0xF81F, 0xF81F, 0xF81F, 0xF81F,
  0xF81F, 0xF81F, 0xF81F, 0xF81F, 0xF81F, 0xF81F, 0xF81F, 0xF81F, 0xF81F, 0xF81F, 0xF81F, 0xF81F, 0xF81F, 0xF81F, 0xF81F, 0xF81F,
  0xF81F, 0xF81F, 0xF81F, 0xF81F, 0xF81F, 0xF81F, 0xF81F, 0xF81F, 0xF81F, 0xF81F, 0xF81F, 0xF81F, 0xF81F, 0xF81F, 0xF81F, 0xF81F,
  0xF81F, 0xF81F, 0xF81F, 0xF81F, 0xF81F, 0xF81F, 0xF81F, 0xF81F, 0xF81F, 0xF81F, 0xF81F, 0xF81F, 0xF81F, 0xF81F, 0xF81F, 0xF81F,
  0xF81F, 0xF81F, 0xF81F, 0xF81F, 0xF81F, 0xF81F, 0xF81F, 0xF81F, 0xF81F, 0xF81F, 0xF81F, 0xF81F, 0xF81F, 0xF81F, 0xF81F, 0xF81F,
  0xF81F, 0xF81F, 0xF81F, 0xF81F, 0xF81F, 0xF81F, 0xF81F, 0xF81F, 0xF81F, 0xF81F, 0xF81F, 0xF81F, 0xF81F, 0xF81F, 0xF81F, 0xF81F,
  0xF81F, 0xF81F, 0xF81F, 0xF81F, 0xF81F, 0xF81F, 0xF81F, 0xF81F, 0xF81F, 0xF81F, 0xF81F, 0xF81F, 0xF81F, 0xF81F, 0xF81F, 0xF81F,
  0xF81F, 0xF81F, 0xF81F, 0xF81F, 0xF81F, 0xF81F, 0xF81F, 0xF81F, 0xF81F, 0xF81F, 0xF81F, 0xF81F, 0xF81F, 0xF81F, 0xF81F, 0xF81F,
};

const uint16_t icon_ballet[1024] PROGMEM = {
  0xF81F, 0xF81F, 0xF81F, 0xF81F, 0xF81F, 0xF81F, 0xF81F, 0xF81F, 0xF81F, 0xF81F, 0xF81F, 0xF81F, 0xF81F, 0xF81F, 0xF81F, 0xF81F,
  0xF81F, 0xF81F, 0xF81F, 0xF81F, 0xF81F, 0xF81F, 0xF81F, 0xF81F, 0xE657, 0xEDF4, 0xE594, 0xF81F, 0xF81F, 0xF81F, 0xF81F, 0xF81F,
  0xF81F, 0xF81F, 0xF81F, 0xF81F, 0xF81F, 0xF81F, 0xF81F, 0xF81F, 0xF81F, 0xF81F, 0xF81F, 0xF81F, 0xF81F, 0xF81F, 0xF81F, 0xF81F,
  0xF81F, 0xF81F, 0xF81F, 0xF81F, 0xF81F, 0xF81F, 0xF81F, 0xEE16, 0xFE55, 0xFE35, 0xFE96, 0xE5D5, 0xF81F, 0xF81F, 0xF81F, 0xF81F,
  0xF81F, 0xF81F, 0xF81F, 0xF81F, 0xF81F, 0xF81F, 0xF81F, 0xF81F, 0xF81F, 0xF81F, 0xF81F, 0xF81F, 0xF81F, 0xF81F, 0xF81F, 0xF81F,
  0xF81F, 0xF81F, 0xF81F, 0xF81F, 0xF81F, 0xF81F, 0xEE15, 0xFE55, 0xFE55, 0xFEB6, 0xFE96, 0xFE76, 0xE617, 0xF81F, 0xF81F, 0xF81F,
  0xF81F, 0xF81F, 0xF81F, 0xF81F, 0xF81F, 0xF81F, 0xF81F, 0xF81F, 0xF81F, 0xF81F, 0xF81F, 0xF81F, 0xF81F, 0xF81F, 0xF81F, 0xF81F,
  0xF81F, 0xF81F, 0xF81F, 0xF81F, 0xF81F, 0xE616, 0xFE35, 0xFE35, 0xFE96, 0xFEB7, 0xFE96, 0xFE14, 0xE532, 0xF81F, 0xF81F, 0xF81F,
  0xF81F, 0xF81F, 0xF81F, 0xF81F, 0xF81F, 0xF81F, 0xF81F, 0xF81F, 0xF81F, 0xDDD6, 0xCC2F, 0xC3AD, 0xD46F, 0xDE58, 0xF81F, 0xF81F,
  0xF81F, 0xF81F, 0xF81F, 0xF81F, 0xE679, 0xFDF4, 0xF5D4, 0xFE76, 0xFE96, 0xFE96, 0xFE55, 0xF5B3, 0xED52, 0xD554, 0xF81F, 0xF81F,
  0xF81F, 0xF81F, 0xF81F, 0xF81F, 0xF81F, 0xF81F, 0xF81F, 0xF81F, 0xD553, 0xD40E, 0xBB4B, 0xBB6B, 0xBB6B, 0xD42E, 0xF81F, 0xF81F,
  0xF81F, 0xF81F, 0xF81F, 0xF81F, 0xE573, 0xF5B3, 0xF614, 0xFE76, 0xFE96, 0xFE55, 0xF5D4, 0xE4F0, 0xD42E, 0xCC2F, 0xF81F, 0xF81F,
  0xF81F, 0xF81F, 0xF81F, 0xF81F, 0xF81F, 0xF81F, 0xF81F, 0xDDF7, 0xDC4F, 0xC38C, 0xB3ED, 0xAC8E, 0xAC8E, 0xCC6E, 0xE5D5, 0xF81F,
  0xF81F, 0xF81F, 0xF81F, 0xDDB5, 0xFDB3, 0xED93, 0xFE15, 0xFE55, 0xFE35, 0xEDB3, 0xDC6F, 0xC3ED, 0xB40D, 0xBC0E, 0xF81F, 0xF81F,
  0xF81F, 0xF81F, 0xF81F, 0xF81F, 0xF81F, 0xF81F, 0xF81F, 0xDC8F, 0xD3EE, 0xC40D, 0xBCEF, 0xBD10, 0xBCEF, 0xBCCF, 0xE532, 0xF81F,
  0xF81F, 0xF81F, 0xC450, 0xF552, 0xF5B3, 0xF5F4, 0xFE55, 0xFE76, 0xF5F4, 0xDC6F, 0xBBED, 0xAC8E, 0xBCEF, 0xBCD1, 0xF81F, 0xF81F,
  0xF81F, 0xF81F, 0xF81F, 0xF81F, 0xF81F, 0xF81F, 0xDD74, 0xE4D0, 0xD44E, 0xCD31, 0xDDF3, 0xDDF3, 0xDDF3, 0xD5B2, 0xE552, 0xF81F,
  0xF81F, 0xCD76, 0xD42E, 0xED72, 0xF5B3, 0xFE35, 0xFE76, 0xFE55, 0xE4F1, 0xBBED, 0xAC8E, 0xB4CF, 0xBC8E, 0xF81F, 0xF81F, 0xF81F,
  0xF81F, 0xF81F, 0xF81F, 0xD5D7, 0xE638, 0xDE17, 0xD48F, 0xE4D0, 0xD4D0, 0xDDF3, 0xE655, 0xE634, 0xE634, 0xE5F4, 0xE552, 0xF81F,
  0xF81F, 0xAB6D, 0xD490, 0xF572, 0xED92, 0xFE14, 0xFE35, 0xED52, 0xC40D, 0xB48E, 0xBCCF, 0xC530, 0xCD95, 0xF81F, 0xF81F, 0xF81F,
  0xF81F, 0xF81F, 0xCD97, 0xCBAD, 0xE48F, 0xE4AF, 0xE511, 0xE531, 0xE551, 0xEDF4, 0xF5F4, 0xF5D3, 0xED52, 0xDCB0, 0xE532, 0xF81F,
  0xF81F, 0xB2EB, 0xDCB0, 0xED52, 0xF572, 0xF5F4, 0xF5B3, 0xD44F, 0xB46E, 0xBD10, 0xCD71, 0xCDB4, 0xF81F, 0xF81F, 0xF81F, 0xF81F,
  0xF81F, 0xF81F, 0xBC92, 0xBB4C, 0xB36C, 0xCC2E, 0xED31, 0xF552, 0xFDB3, 0xFDD3, 0xFDF4, 0xFDF4, 0xF532, 0xE4B0, 0xDD53, 0xF81F,
  0xCD76, 0xC38D, 0xE511, 0xED52, 0xED72, 0xED92, 0xE4F1, 0xCC4E, 0xC530, 0xCD51, 0xCD92, 0xF81F, 0xF81F, 0xF81F, 0xF81F, 0xF81F,
  0xF81F, 0xF81F, 0xCDB7, 0xB36C, 0xC3AD, 0xDC6F, 0xED11, 0xFD92, 0xFDD3, 0xFDF4, 0xEDD3, 0xD531, 0xB46E, 0xE551, 0xE5F6, 0xF81F,
  0xCD34, 0xD46F, 0xE531, 0xED52, 0xED72, 0xF5D4, 0xE511, 0xCCAF, 0xD5B2, 0xD5B2, 0xD5B2, 0xF81F, 0xF81F, 0xF81F, 0xF81F, 0xF81F,
  0xF81F, 0xF81F, 0xF81F, 0xB40F, 0xCBEE, 0xDCB0, 0xE4F1, 0xDCB0, 0xE511, 0xCD51, 0x9C4D, 0x940C, 0x942D, 0xED93, 0xE638, 0xF81F,
  0xCD34, 0xE4B0, 0xE551, 0xED52, 0xF593, 0xF5D4, 0xDC8F, 0xD551, 0xDE14, 0xDE14, 0xE614, 0xF81F, 0xF81F, 0xF81F, 0xF81F, 0xF81F,
  0xF81F, 0xF81F, 0xF81F, 0xB32B, 0xC3AD, 0xC3ED, 0xD42E, 0xE4D0, 0xED31, 0xED72, 0xDD31, 0xBCAF, 0xBD10, 0xF5B3, 0xF81F, 0xF81F,
  0xD5F8, 0xDC90, 0xE552, 0xED52, 0xED93, 0xE552, 0xD46F, 0xDDD3, 0xE655, 0xE655, 0xEE75, 0xF81F, 0xF81F, 0xF81F, 0xF81F, 0xF81F,
  0xF81F, 0xF81F, 0xF81F, 0xB30B, 0xA30A, 0x9B4A, 0xB3CC, 0xDCCF, 0xED72, 0xF5B3, 0xF5D3, 0xED72, 0xED93, 0xED52, 0xF81F, 0xF81F,
  0xF81F, 0xCC6F, 0xED72, 0xE532, 0xE552, 0xE531, 0xD4D0, 0xE634, 0xEE95, 0xEE75, 0xF6D6, 0xDE98, 0xF81F, 0xF81F, 0xF81F, 0xF81F,
  0xF81F, 0xF81F, 0xF81F, 0xA3CF, 0xC40D, 0xB3CC, 0x9B09, 0x934A, 0xAC8E, 0xD511, 0xED72, 0xE511, 0xED93, 0xED32, 0xF81F, 0xF81F,
  0xF81F, 0xD595, 0xF592, 0xE552, 0xE532, 0xED52, 0xDD11, 0xEE75, 0xEE96, 0xEE75, 0xFED7, 0xDE56, 0xF81F, 0xF81F, 0xF81F, 0xF81F,
  0xF81F, 0xF81F, 0xF81F, 0xF81F, 0xDCB0, 0xDCD0, 0xA32A, 0x8B2A, 0x940C, 0x93EC, 0x9C2D, 0xBC8F, 0xF5F4, 0xE532, 0xF81F, 0xF81F,
  0xF81F, 0xDE59, 0xED52, 0xE532, 0xED51, 0xED31, 0xDD31, 0xEE75, 0xEE96, 0xEE75, 0xEE96, 0xDE35, 0xF81F, 0xF81F, 0xF81F, 0xF81F,
  0xF81F, 0xF81F, 0xF81F, 0xF81F, 0xD44F, 0xE4D0, 0xC40D, 0x9BEC, 0xB4F0, 0xC531, 0xCD92, 0xE614, 0xFE14, 0xE552, 0xF81F, 0xF81F,
  0xF81F, 0xF81F, 0xDCF1, 0xE552, 0xED31, 0xED32, 0xDD31, 0xEE75, 0xEE96, 0xEE75, 0xEE75, 0xF6B6, 0xE6BA, 0xF81F, 0xF81F, 0xF81F,
  0xF81F, 0xF81F, 0xF81F, 0xF81F, 0xCC2E, 0xDC8F, 0xDCB0, 0xD5D3, 0xE655, 0xEE55, 0xEE75, 0xF634, 0xFE14, 0xE573, 0xF81F, 0xF81F,
  0xF81F, 0xF81F, 0xD512, 0xED72, 0xE532, 0xED32, 0xDD31, 0xEE55, 0xEE96, 0xEE75, 0xEE75, 0xFEF6, 0xDE77, 0xF81F, 0xF81F, 0xF81F,
  0xF81F, 0xF81F, 0xF81F, 0xF81F, 0xCC2E, 0xDC6F, 0xD4AF, 0xDDF3, 0xE634, 0xE634, 0xE634, 0xF5D3, 0xFE14, 0xED93, 0xF81F, 0xF81F,
  0xF81F, 0xF81F, 0xD595, 0xED52, 0xE532, 0xE532, 0xDD11, 0xE655, 0xEE96, 0xEE75, 0xE675, 0xF6B6, 0xDE35, 0xF81F, 0xF81F, 0xF81F,
  0xF81F, 0xF81F, 0xF81F, 0xF81F, 0xCC2F, 0xDC2E, 0xD4F0, 0xD5D3, 0xDE14, 0xDE14, 0xEDB3, 0xF5B3, 0xFE14, 0xED72, 0xF81F, 0xF81F,
  0xF81F, 0xF81F, 0xF81F, 0xE4F0, 0xDCF1, 0xE532, 0xDCF1, 0xE614, 0xEE96, 0xEE75, 0xE655, 0xEE75, 0xDE34, 0xF81F, 0xF81F, 0xF81F,
  0xF81F, 0xF81F, 0xF81F, 0xF81F, 0xC470, 0xD40E, 0xD4F0, 0xD5F3, 0xDDF3, 0xE552, 0xED52, 0xF5B3, 0xFDD4, 0xED72, 0xF81F, 0xF81F,
  0xF81F, 0xF81F, 0xF81F, 0xD4D1, 0xE511, 0xE511, 0xDCD0, 0xE5D3, 0xEE96, 0xEE55, 0xE655, 0xEE75, 0xDE14, 0xF81F, 0xF81F, 0xF81F,
  0xF81F, 0xF81F, 0xF81F, 0xF81F, 0xCCF3, 0xDC0F, 0xC3CE, 0xDC90, 0xD40E, 0xDC2F, 0xED52, 0xF5B3, 0xF5D3, 0xED72, 0xF81F, 0xF81F,
  0xF81F, 0xF81F, 0xF81F, 0xD5B6, 0xED11, 0xDCF1, 0xE4F1, 0xE5B3, 0xEE96, 0xE655, 0xE634, 0xE655, 0xE634, 0xF81F, 0xF81F, 0xF81F,
  0xF81F, 0xF81F, 0xF81F, 0xF81F, 0xCD76, 0xCB8D, 0xBB6C, 0xC38D, 0xCBEE, 0xDC6F, 0xED52, 0xED92, 0xF593, 0xED52, 0xF81F, 0xF81F,
  0xF81F, 0xF81F, 0xF81F, 0xF81F, 0xD4B0, 0xDCD0, 0xDCD0, 0xDD11, 0xE655, 0xE635, 0xE634, 0xE634, 0xE634, 0xF81F, 0xF81F, 0xF81F,
  0xF81F, 0xF81F, 0xF81F, 0xF81F, 0xF81F, 0xBB6C, 0xC3AD, 0xC36C, 0xDC2F, 0xE4F0, 0xED32, 0xED52, 0xED72, 0xE511, 0xF81F, 0xF81F,
  0xF81F, 0xF81F, 0xF81F, 0xF81F, 0xD574, 0xECF1, 0xD46F, 0xDC6F, 0xE5F4, 0xE655, 0xDE14, 0xE634, 0xE634, 0xF81F, 0xF81F, 0xF81F,
  0xF81F, 0xF81F, 0xF81F, 0xF81F, 0xF81F, 0xC42F, 0xCBED, 0xC3CD, 0xCBEE, 0xDCB0, 0xE4D0, 0xE511, 0xE511, 0xDCB0, 0xF81F, 0xF81F,
  0xF81F, 0xF81F, 0xF81F, 0xF81F, 0xF81F, 0xD4B0, 0xDC8F, 0xDC8F, 0xE511, 0xDDB3, 0xDDF3, 0xE614, 0xDD72, 0xF81F, 0xF81F, 0xF81F,
  0xF81F, 0xF81F, 0xF81F, 0xF81F, 0xF81F, 0xD596, 0xD3ED, 0xC3CD, 0xCC0D, 0xD46F, 0xDCB0, 0xDCB0, 0xDCD0, 0xD490, 0xF81F, 0xF81F,
  0xF81F, 0xF81F, 0xF81F, 0xF81F, 0xF81F, 0xD5D6, 0xECF1, 0xD48F, 0xD46F, 0xDCB0, 0xDCB0, 0xE4F1, 0xD46F, 0xF81F, 0xF81F, 0xF81F,
  0xF81F, 0xF81F, 0xF81F, 0xF81F, 0xF81F, 0xF81F, 0xC3CD, 0xCBCD, 0xC3CD, 0xCC0E, 0xD46F, 0xD46F, 0xDC8F, 0xCC90, 0xF81F, 0xF81F,
  0xF81F, 0xF81F, 0xF81F, 0xF81F, 0xF81F, 0xF81F, 0xD513, 0xECD0, 0xD46F, 0xD44E, 0xD40E, 0xEC8F, 0xCCB1, 0xF81F, 0xF81F, 0xF81F,
  0xF81F, 0xF81F, 0xF81F, 0xF81F, 0xF81F, 0xF81F, 0xD5B6, 0xD3ED, 0xC3CD, 0xCBCD, 0xCC0D, 0xCC2E, 0xDC6F, 0xD533, 0xF81F, 0xF81F,
  0xF81F, 0xF81F, 0xF81F, 0xF81F, 0xF81F, 0xF81F, 0xF81F, 0xD513, 0xCBEE, 0xC3CD, 0xC40E, 0xCCD2, 0xF81F, 0xF81F, 0xF81F, 0xF81F,
  0xF81F, 0xF81F, 0xF81F, 0xF81F, 0xF81F, 0xF81F, 0xF81F, 0xC4B1, 0xD3ED, 0xCBCD, 0xD3ED, 0xD40E, 0xD40E, 0xF81F, 0xF81F, 0xF81F,
  0xF81F, 0xF81F, 0xF81F, 0xF81F, 0xF81F, 0xF81F, 0xF81F, 0xF81F, 0xF81F, 0xF81F, 0xF81F, 0xF81F, 0xF81F, 0xF81F, 0xF81F, 0xF81F,
  0xF81F, 0xF81F, 0xF81F, 0xF81F, 0xF81F, 0xF81F, 0xF81F, 0xF81F, 0xD596, 0xCCD2, 0xC4B2, 0xCD13, 0xD5D7, 0xF81F, 0xF81F, 0xF81F,
  0xF81F, 0xF81F, 0xF81F, 0xF81F, 0xF81F, 0xF81F, 0xF81F, 0xF81F, 0xF81F, 0xF81F, 0xF81F, 0xF81F, 0xF81F, 0xF81F, 0xF81F, 0xF81F,
};

const uint16_t icon_swim[1024] PROGMEM = {
  0xF81F, 0xF81F, 0xF81F, 0xF81F, 0xF81F, 0xF81F, 0xF81F, 0xF81F, 0xF81F, 0xF81F, 0xF81F, 0xF81F, 0xF81F, 0xF81F, 0xF81F, 0xF81F,
  0xF81F, 0xF81F, 0xF81F, 0xF81F, 0xF81F, 0xF81F, 0xF81F, 0xF81F, 0xF81F, 0xF81F, 0xF81F, 0xF81F, 0xF81F, 0xF81F, 0xF81F, 0xF81F,
  0xF81F, 0xF81F, 0xF81F, 0xF81F, 0xF81F, 0xF81F, 0xF81F, 0xF81F, 0xF81F, 0xF81F, 0xF81F, 0xF81F, 0xF81F, 0xF81F, 0xF81F, 0xF81F,
  0xF81F, 0xF81F, 0xF81F, 0xF81F, 0xF81F, 0xF81F, 0xF81F, 0xF81F, 0xF81F, 0xF81F, 0xF81F, 0xF81F, 0xF81F, 0xF81F, 0xF81F, 0xF81F,
  0xF81F, 0xF81F, 0xF81F, 0xF81F, 0xF81F, 0xF81F, 0xF81F, 0xF81F, 0xF81F, 0xF81F, 0xF81F, 0xF81F, 0xF81F, 0xF81F, 0xF81F, 0xF81F,
  0xF81F, 0xF81F, 0xF81F, 0xF81F, 0xF81F, 0xF81F, 0xF81F, 0xF81F, 0xF81F, 0xF81F, 0xF81F, 0xF81F, 0xF81F, 0xF81F, 0xF81F, 0xF81F,
  0xF81F, 0xF81F, 0xF81F, 0xF81F, 0xF81F, 0xF81F, 0xF81F, 0xF81F, 0xF81F, 0xF81F, 0xF81F, 0xF81F, 0xF81F, 0xF81F, 0xF81F, 0xF81F,
  0xF81F, 0xF81F, 0xF81F, 0xF81F, 0xF81F, 0xF81F, 0xF81F, 0xF81F, 0xF81F, 0xF81F, 0xF81F, 0xF81F, 0xF81F, 0xF81F, 0xF81F, 0xF81F,
  0xF81F, 0xF81F, 0xF81F, 0xF81F, 0xF81F, 0xF81F, 0xF81F, 0xF81F, 0xF81F, 0xF81F, 0xF81F, 0xF81F, 0xF81F, 0xF81F, 0xF81F, 0xF81F,
  0xF81F, 0xF81F, 0xF81F, 0xEE8F, 0xEEAE, 0xF81F, 0xF81F, 0xF81F, 0xF81F, 0xF81F, 0xF81F, 0xF81F, 0xF81F, 0xF81F, 0xF81F, 0xF81F,
  0xF81F, 0xF81F, 0xF81F, 0xF81F, 0xF81F, 0xF81F, 0xF81F, 0xF81F, 0xF81F, 0xF81F, 0xF81F, 0xF81F, 0xF81F, 0xF81F, 0xF81F, 0xF81F,
  0xF81F, 0xF81F, 0xF66A, 0xFE24, 0xFE25, 0xFEA8, 0xEEB4, 0xF81F, 0xF81F, 0xF81F, 0xF81F, 0xF81F, 0xF81F, 0xF81F, 0xF81F, 0xF81F,
  0xF81F, 0xF81F, 0xF81F, 0xF81F, 0xF81F, 0xF81F, 0xF81F, 0xF81F, 0xF81F, 0xF81F, 0xF81F, 0xF81F, 0xF81F, 0xF81F, 0xF81F, 0xF81F,
  0xEEF6, 0xFE67, 0xFE04, 0xE4E2, 0xE4E2, 0xF5C3, 0xFEE8, 0xEEB4, 0xF81F, 0xF81F, 0xF81F, 0xF81F, 0xF81F, 0xF81F, 0xF81F, 0xF81F,
  0xF81F, 0xF81F, 0xF81F, 0xF81F, 0xF81F, 0xF81F, 0xF81F, 0xF81F, 0xF81F, 0xF81F, 0xF81F, 0xF81F, 0xF81F, 0xF81F, 0xF81F, 0xC619,
  0xC590, 0xEDA5, 0xED02, 0xC3E4, 0xC427, 0xECE2, 0xF5A3, 0xFE87, 0xE6D7, 0xF81F, 0xF81F, 0xF81F, 0xF81F, 0xF81F, 0xF81F, 0xF81F,
  0xF81F, 0xF81F, 0xF81F, 0xF81F, 0xF81F, 0xF81F, 0xF81F, 0xF81F, 0xF81F, 0xF81F, 0xF81F, 0xF81F, 0xF81F, 0xF81F, 0xBDB7, 0xAD55,
  0x8C73, 0x8C30, 0xC446, 0xC552, 0xF81F, 0xCCEC, 0xE4C3, 0xF582, 0xF647, 0xE6D7, 0xF81F, 0xF81F, 0xF81F, 0xF81F, 0xF81F, 0xF81F,
  0xF81F, 0xF81F, 0xF81F, 0xF81F, 0xF81F, 0xF81F, 0xF81F, 0xF81F, 0xF81F, 0xF81F, 0xF81F, 0xF81F, 0xC638, 0xAD55, 0xA514, 0x8C51,
  0x8410, 0x7BCF, 0xB575, 0xF81F, 0xF81F, 0xF81F, 0xCDB3, 0xD443, 0xF542, 0xFDE4, 0xEE29, 0xE60B, 0xDDEC, 0xD549, 0xDCC4, 0xD5B0,
  0xF81F, 0xF81F, 0xF81F, 0xF81F, 0xF81F, 0xF81F, 0xF81F, 0xF81F, 0xF81F, 0xF81F, 0xF81F, 0xBDD7, 0xB576, 0x9CD3, 0x9492, 0x8410,
  0x7BEF, 0xA555, 0xF81F, 0xF81F, 0xCE9B, 0xC65A, 0xBE5B, 0xAD54, 0xC427, 0xD421, 0xE4E2, 0xED22, 0xF542, 0xE4E2, 0xDC83, 0xD635,
  0xF81F, 0xDEDC, 0xEF5D, 0xF79E, 0xEF5D, 0xCDF5, 0xB554, 0xC67B, 0xC65A, 0xC67A, 0xBE59, 0x94B2, 0x9CD3, 0x9CD3, 0xA514, 0x94B2,
  0x8C51, 0xBE19, 0xBE3A, 0xBE39, 0xBE3A, 0xBE5A, 0xBE39, 0xC67B, 0xB619, 0xB48D, 0xB385, 0xBB83, 0xCBE3, 0xDC63, 0xC488, 0xF81F,
  0xCE7A, 0xDEDB, 0xDEFC, 0xDEBA, 0xA531, 0x5C30, 0xAD2D, 0xDE72, 0xBE3A, 0xC69C, 0xADD9, 0x94B2, 0x94B2, 0x9CF3, 0xA534, 0xAD55,
  0x94B2, 0x8C71, 0xAD96, 0xB618, 0xC67A, 0xC69B, 0xC67B, 0xBE39, 0xC67A, 0xC69B, 0xBDD7, 0xACAF, 0xAC2B, 0xB46C, 0xF81F, 0xF81F,
  0xAD75, 0xC618, 0xBDF8, 0xE62D, 0x538E, 0x0AF6, 0x8C4C, 0xFF8F, 0xE66E, 0xCEB8, 0xD5CD, 0xA4CF, 0x94B3, 0x9CF3, 0xA514, 0xAD55,
  0xAD55, 0x9CD3, 0x9CD3, 0x9CD3, 0xAD55, 0xBE39, 0xC67A, 0xC6BB, 0xC6BB, 0xC69B, 0xC6BC, 0xBE7B, 0xADF9, 0xADB8, 0xF81F, 0xF81F,
  0x9CD2, 0xAD76, 0xBD50, 0xFDE2, 0x7388, 0x21C9, 0xD546, 0xFF6E, 0xFF0A, 0xFEA9, 0xFEEB, 0xEDA5, 0xA4D2, 0x9CF4, 0xA513, 0xA534,
  0xA534, 0x9CD3, 0x9CD3, 0x9CF3, 0xAD55, 0xB596, 0xAD75, 0xC639, 0xCE9B, 0xC67B, 0xC65A, 0xC65A, 0xF81F, 0xF81F, 0xF81F, 0xF81F,
  0xB576, 0x94D4, 0xC4EB, 0xDCC2, 0x5A64, 0xABA3, 0xFE06, 0xB467, 0xDD86, 0xED43, 0xFE48, 0xFE03, 0xD569, 0x94D4, 0xA4F3, 0xA534,
  0xA514, 0x94B2, 0x9CD3, 0x9CF3, 0x9CF3, 0x9CF3, 0x9CF3, 0xAD75, 0xC659, 0xB5D8, 0xCE9B, 0xBE5A, 0xB619, 0xB5D8, 0xF81F, 0xF81F,
  0xF81F, 0xB5B8, 0xBCCE, 0x6B2A, 0x0AB3, 0x82E4, 0xF544, 0x9B05, 0xC404, 0xD424, 0xE543, 0xF583, 0xF5E5, 0xAD74, 0xAD55, 0xAD75,
  0xA534, 0x9CD3, 0x9CD3, 0x9CD3, 0x9CF3, 0xA534, 0xA514, 0x9CD3, 0xB5B6, 0xF81F, 0xF81F, 0xF81F, 0xB63A, 0xAE19, 0xB5D8, 0xF81F,
  0xF81F, 0xF81F, 0xC65A, 0xB61A, 0x7CB5, 0x93ED, 0xCCED, 0xD52D, 0xCD50, 0xF81F, 0xF81F, 0xF81F, 0xDE55, 0xB595, 0xA534, 0xAD34,
  0xA4F3, 0x94B2, 0x9492, 0x94B2, 0x9CF4, 0xAD55, 0xC5F8, 0xF81F, 0xF81F, 0xCE9B, 0xBE39, 0xB65A, 0xB65A, 0xADB7, 0xF81F, 0xF81F,
  0xF81F, 0xF81F, 0xF81F, 0xCE9B, 0xD6BB, 0xCEBC, 0xCEDD, 0xCEFE, 0xCEFD, 0xC6BC, 0xBE5A, 0xB61A, 0xB65B, 0xC69B, 0xC6BB, 0xC67A,
  0xC65A, 0xC65A, 0xC65A, 0xF81F, 0xF81F, 0xF81F, 0xCEBC, 0xC6BB, 0xBE9B, 0xB65A, 0xB639, 0xB5F8, 0xB5D8, 0xF81F, 0xF81F, 0xF81F,
  0xF81F, 0xF81F, 0xF81F, 0xF81F, 0xBE19, 0xC67A, 0xC67A, 0xC67A, 0xCE9B, 0xF81F, 0xF81F, 0xF81F, 0xF81F, 0xCE9B, 0xC69B, 0xC6BB,
  0xBE9B, 0xBE9B, 0xBE9B, 0xBE9B, 0xBE9B, 0xC71D, 0xBE9B, 0xB65A, 0xB619, 0xC639, 0xF81F, 0xF81F, 0xF81F, 0xF81F, 0xF81F, 0xF81F,
  0xF81F, 0xF81F, 0xB619, 0xF81F, 0xF81F, 0xBE39, 0xBE5A, 0xBE39, 0xBE5A, 0xBE9B, 0xBE7B, 0xBE7B, 0xC6BB, 0xCEBB, 0xF81F, 0xF81F,
  0xF81F, 0xF81F, 0xF81F, 0xF81F, 0xF81F, 0xF81F, 0xF81F, 0xF81F, 0xF81F, 0xF81F, 0xF81F, 0xF81F, 0xF81F, 0xF81F, 0xF81F, 0xF81F,
  0xF81F, 0xF81F, 0xC67A, 0xADF8, 0xC67B, 0xF81F, 0xF81F, 0xF81F, 0xF81F, 0xC67A, 0xC67A, 0xC67B, 0xBE7A, 0xB67A, 0xC6DC, 0xC6DC,
  0xC6BC, 0xC6BB, 0xCE9B, 0xCE9B, 0xF81F, 0xF81F, 0xC63A, 0xBE19, 0xB5F8, 0xADD8, 0xADB7, 0xA576, 0xAD97, 0xB5D8, 0xF81F, 0xF81F,
  0xF81F, 0xF81F, 0xF81F, 0xF81F, 0xADD8, 0xADF8, 0xBE5A, 0xBE7A, 0xC67A, 0xC65A, 0xC639, 0xF81F, 0xF81F, 0xF81F, 0xF81F, 0xCEBB,
  0xC69B, 0xBEBB, 0xD77F, 0xD77F, 0xC6FD, 0xBE9B, 0xB67A, 0xB65A, 0xAE19, 0xADD8, 0xAD97, 0xAD97, 0xB5B7, 0xF81F, 0xF81F, 0xF81F,
  0xF81F, 0xF81F, 0xF81F, 0xF81F, 0xF81F, 0xC639, 0xB5F8, 0xB63A, 0xBE9B, 0xBEBB, 0xBE9B, 0xB65A, 0xB639, 0xB619, 0xC65A, 0xF81F,
  0xF81F, 0xF81F, 0xCE9B, 0xBE39, 0xB5F8, 0xADD8, 0xAD97, 0xAD97, 0xAD97, 0xAD97, 0xB5B7, 0xF81F, 0xF81F, 0xF81F, 0xF81F, 0xF81F,
  0xF81F, 0xF81F, 0xF81F, 0xF81F, 0xF81F, 0xF81F, 0xF81F, 0xF81F, 0xF81F, 0xB5F8, 0xADB7, 0xADD8, 0xADD8, 0xADF8, 0xADD8, 0xADB7,
  0xB5F8, 0xF81F, 0xF81F, 0xF81F, 0xF81F, 0xF81F, 0xF81F, 0xF81F, 0xF81F, 0xF81F, 0xF81F, 0xF81F, 0xF81F, 0xF81F, 0xF81F, 0xF81F,
  0xF81F, 0xF81F, 0xF81F, 0xF81F, 0xF81F, 0xF81F, 0xF81F, 0xF81F, 0xF81F, 0xF81F, 0xF81F, 0xF81F, 0xB5D8, 0xAD97, 0xAD97, 0xAD97,
  0xA576, 0xA556, 0xB5B7, 0xF81F, 0xF81F, 0xF81F, 0xF81F, 0xF81F, 0xF81F, 0xF81F, 0xF81F, 0xF81F, 0xF81F, 0xF81F, 0xF81F, 0xF81F,
  0xF81F, 0xF81F, 0xF81F, 0xF81F, 0xF81F, 0xF81F, 0xF81F, 0xF81F, 0xF81F, 0xF81F, 0xF81F, 0xF81F, 0xF81F, 0xF81F, 0xF81F, 0xF81F,
  0xF81F, 0xF81F, 0xF81F, 0xF81F, 0xF81F, 0xF81F, 0xF81F, 0xF81F, 0xF81F, 0xF81F, 0xF81F, 0xF81F, 0xF81F, 0xF81F, 0xF81F, 0xF81F,
  0xF81F, 0xF81F, 0xF81F, 0xF81F, 0xF81F, 0xF81F, 0xF81F, 0xF81F, 0xF81F, 0xF81F, 0xF81F, 0xF81F, 0xF81F, 0xF81F, 0xF81F, 0xF81F,
  0xF81F, 0xF81F, 0xF81F, 0xF81F, 0xF81F, 0xF81F, 0xF81F, 0xF81F, 0xF81F, 0xF81F, 0xF81F, 0xF81F, 0xF81F, 0xF81F, 0xF81F, 0xF81F,
  0xF81F, 0xF81F, 0xF81F, 0xF81F, 0xF81F, 0xF81F, 0xF81F, 0xF81F, 0xF81F, 0xF81F, 0xF81F, 0xF81F, 0xF81F, 0xF81F, 0xF81F, 0xF81F,
  0xF81F, 0xF81F, 0xF81F, 0xF81F, 0xF81F, 0xF81F, 0xF81F, 0xF81F, 0xF81F, 0xF81F, 0xF81F, 0xF81F, 0xF81F, 0xF81F, 0xF81F, 0xF81F,
  0xF81F, 0xF81F, 0xF81F, 0xF81F, 0xF81F, 0xF81F, 0xF81F, 0xF81F, 0xF81F, 0xF81F, 0xF81F, 0xF81F, 0xF81F, 0xF81F, 0xF81F, 0xF81F,
  0xF81F, 0xF81F, 0xF81F, 0xF81F, 0xF81F, 0xF81F, 0xF81F, 0xF81F, 0xF81F, 0xF81F, 0xF81F, 0xF81F, 0xF81F, 0xF81F, 0xF81F, 0xF81F,
  0xF81F, 0xF81F, 0xF81F, 0xF81F, 0xF81F, 0xF81F, 0xF81F, 0xF81F, 0xF81F, 0xF81F, 0xF81F, 0xF81F, 0xF81F, 0xF81F, 0xF81F, 0xF81F,
  0xF81F, 0xF81F, 0xF81F, 0xF81F, 0xF81F, 0xF81F, 0xF81F, 0xF81F, 0xF81F, 0xF81F, 0xF81F, 0xF81F, 0xF81F, 0xF81F, 0xF81F, 0xF81F,
  0xF81F, 0xF81F, 0xF81F, 0xF81F, 0xF81F, 0xF81F, 0xF81F, 0xF81F, 0xF81F, 0xF81F, 0xF81F, 0xF81F, 0xF81F, 0xF81F, 0xF81F, 0xF81F,
  0xF81F, 0xF81F, 0xF81F, 0xF81F, 0xF81F, 0xF81F, 0xF81F, 0xF81F, 0xF81F, 0xF81F, 0xF81F, 0xF81F, 0xF81F, 0xF81F, 0xF81F, 0xF81F,
};

const uint16_t icon_bike[1024] PROGMEM = {
  0xF81F, 0xF81F, 0xF81F, 0xF81F, 0xF81F, 0xF81F, 0xF81F, 0xF81F, 0xF81F, 0xF81F, 0xF81F, 0xF81F, 0xF81F, 0xF81F, 0xF81F, 0xF81F,
  0xF81F, 0xF81F, 0xF81F, 0xF81F, 0xF81F, 0xF81F, 0xF81F, 0xF81F, 0xF81F, 0xF81F, 0xF81F, 0xF81F, 0xF81F, 0xF81F, 0xF81F, 0xF81F,
  0xF81F, 0xF81F, 0xF81F, 0xF81F, 0xF81F, 0xF81F, 0xF81F, 0xF81F, 0xF81F, 0xF81F, 0xF81F, 0xF81F, 0xF81F, 0xF81F, 0xF81F, 0xF81F,
  0xF81F, 0xF81F, 0xF81F, 0xF81F, 0xF81F, 0xF81F, 0xF81F, 0xF81F, 0xF81F, 0xF81F, 0xF81F, 0xF81F, 0xF81F, 0xF81F, 0xF81F, 0xF81F,
  0xF81F, 0xF81F, 0xF81F, 0xF81F, 0xF81F, 0xF81F, 0xF81F, 0xF81F, 0xF81F, 0xF81F, 0xF81F, 0xF81F, 0xF81F, 0xF81F, 0xF81F, 0xF81F,
  0xF81F, 0xF81F, 0xF81F, 0xF81F, 0xF81F, 0xF81F, 0xF81F, 0xF81F, 0xF81F, 0xF81F, 0xF81F, 0xF81F, 0xF81F, 0xF81F, 0xF81F, 0xF81F,
  0xF81F, 0xF81F, 0xF81F, 0xF81F, 0xF81F, 0xF81F, 0xF81F, 0xF81F, 0xF81F, 0xF81F, 0xF81F, 0xF81F, 0xF81F, 0xF81F, 0xF81F, 0xF81F,
  0xF81F, 0xF81F, 0xF81F, 0xF81F, 0xF81F, 0xF81F, 0xF81F, 0xF81F, 0xF81F, 0xF81F, 0xF81F, 0xF81F, 0xF81F, 0xF81F, 0xF81F, 0xF81F,
  0xF81F, 0xF81F, 0xF81F, 0xF81F, 0xF81F, 0xF81F, 0xF81F, 0xF81F, 0xF81F, 0xF81F, 0xF81F, 0xF81F, 0xF81F, 0xF81F, 0xF81F, 0xF81F,
  0xF81F, 0xF81F, 0xF81F, 0xF81F, 0xF81F, 0xF81F, 0xF81F, 0xF81F, 0xF81F, 0xF81F, 0xF81F, 0xF81F, 0xF81F, 0xF81F, 0xF81F, 0xF81F,
  0xF81F, 0xF81F, 0xF81F, 0xF81F, 0xF81F, 0xF81F, 0xF81F, 0x94B3, 0x31A6, 0x39E7, 0x5ACB, 0x7BCF, 0xF81F, 0xF81F, 0xF81F, 0xF81F,
  0xF81F, 0xF81F, 0xF81F, 0xF81F, 0xF81F, 0xF81F, 0xF81F, 0xF81F, 0xF81F, 0xF81F, 0xF81F, 0xF81F, 0xF81F, 0xF81F, 0xF81F, 0xF81F,
  0xF81F, 0xF81F, 0xF81F, 0xF81F, 0xF81F, 0xF81F, 0xF81F, 0xF81F, 0xA514, 0x6B4D, 0x9492, 0x7BCF, 0xF81F, 0xF81F, 0xF81F, 0xF81F,
  0xF81F, 0xA514, 0x9CF4, 0xA515, 0x9CF4, 0x94B3, 0x8410, 0xF81F, 0xF81F, 0xF81F, 0xF81F, 0xF81F, 0xF81F, 0xF81F, 0xF81F, 0xF81F,
  0xF81F, 0xF81F, 0xF81F, 0xF81F, 0xF81F, 0xF81F, 0xF81F, 0xF81F, 0xF81F, 0x9CF5, 0x8431, 0xF81F, 0xF81F, 0xF81F, 0xF81F, 0xF81F,
  0xF81F, 0x8431, 0x52AA, 0x2124, 0x2124, 0x18E3, 0x52AA, 0xF81F, 0xF81F, 0xF81F, 0xF81F, 0xF81F, 0xF81F, 0xF81F, 0xF81F, 0xF81F,
  0xF81F, 0xF81F, 0xF81F, 0xF81F, 0xF81F, 0xF81F, 0xF81F, 0xF81F, 0xF81F, 0x5C58, 0x4BB5, 0xF81F, 0xF81F, 0xF81F, 0xF81F, 0xF81F,
  0xF81F, 0xF81F, 0xF81F, 0x73D0, 0x7BCF, 0xF81F, 0xF81F, 0xF81F, 0xF81F, 0xF81F, 0xF81F, 0xF81F, 0xF81F, 0xF81F, 0xF81F, 0xF81F,
  0xF81F, 0xF81F, 0xF81F, 0xF81F, 0xF81F, 0xF81F, 0xF81F, 0xF81F, 0xF81F, 0x3BD8, 0x12D5, 0x22F4, 0x22F4, 0x22F4, 0x22F4, 0x22F5,
  0x22F4, 0x1AD4, 0x2315, 0x1B37, 0xA5DA, 0xF81F, 0xF81F, 0xF81F, 0xF81F, 0xF81F, 0xF81F, 0xF81F, 0xF81F, 0xF81F, 0xF81F, 0xF81F,
  0xF81F, 0xF81F, 0xF81F, 0xF81F, 0xF81F, 0xF81F, 0xF81F, 0xF81F, 0xF81F, 0x1B36, 0x8D18, 0xF81F, 0xADB9, 0xF81F, 0xF81F, 0xF81F,
  0xF81F, 0xF81F, 0x8D17, 0x12D6, 0x3BD8, 0xF81F, 0xF81F, 0xF81F, 0xF81F, 0xF81F, 0xF81F, 0xF81F, 0xF81F, 0xF81F, 0xF81F, 0xF81F,
  0xF81F, 0xF81F, 0xF81F, 0xF81F, 0xF81F, 0xF81F, 0xF81F, 0xF81F, 0xF81F, 0x1317, 0x751A, 0xF81F, 0xF81F, 0xF81F, 0xF81F, 0xF81F,
  0xF81F, 0xF81F, 0x8D5A, 0x3B55, 0x3B34, 0x95BC, 0xF81F, 0xF81F, 0xF81F, 0xF81F, 0xF81F, 0xF81F, 0xF81F, 0xF81F, 0xF81F, 0xF81F,
  0xF81F, 0xF81F, 0xF81F, 0xF81F, 0xF81F, 0xF81F, 0xF81F, 0xF81F, 0x6CB9, 0x3334, 0x22D3, 0x7D5B, 0xF81F, 0xF81F, 0xF81F, 0xF81F,
  0xF81F, 0xF81F, 0x3B96, 0x74D8, 0xF81F, 0x2356, 0xF81F, 0xF81F, 0xF81F, 0xF81F, 0xF81F, 0xF81F, 0xF81F, 0xF81F, 0xF81F, 0xF81F,
  0xF81F, 0xF81F, 0xF81F, 0xA514, 0x5AEB, 0x4A49, 0x4A49, 0x5269, 0x22D3, 0x4B11, 0xF81F, 0x12F5, 0xA63C, 0xF81F, 0xF81F, 0xF81F,
  0xF81F, 0xF81F, 0x1AD4, 0xA5DA, 0xF81F, 0x5C16, 0x4BB4, 0x5289, 0x4A6A, 0x4A49, 0x4A49, 0x5AEB, 0xAD56, 0xF81F, 0xF81F, 0xF81F,
  0xF81F, 0xF81F, 0x632D, 0x4A69, 0x8C72, 0xB597, 0xF81F, 0xAD77, 0x22F4, 0x426B, 0x4A48, 0x6390, 0x12F5, 0xF81F, 0xF81F, 0xF81F,
  0xF81F, 0xA578, 0x1293, 0xF81F, 0xF81F, 0x2986, 0x1AD3, 0x9D36, 0xF81F, 0xF81F, 0xB5B7, 0x8431, 0x4228, 0x738E, 0xF81F, 0xF81F,
  0xF81F, 0x632D, 0x4228, 0xAD76, 0xF81F, 0xF81F, 0xF81F, 0x9558, 0x3334, 0xF81F, 0x73D0, 0x39C6, 0x5351, 0x2376, 0xF81F, 0xF81F,
  0xF81F, 0x5393, 0x2B34, 0xA4F4, 0x2965, 0x8410, 0x6C35, 0x7D3B, 0xF81F, 0xF81F, 0xF81F, 0xF81F, 0xAD76, 0x39E8, 0x738E, 0xF81F,
  0xF81F, 0x3186, 0xAD76, 0xF81F, 0xF81F, 0xF81F, 0xF81F, 0x53F6, 0x63F4, 0xF81F, 0xF81F, 0x5AEC, 0x5AAA, 0x53D5, 0x33D7, 0xF81F,
  0xF81F, 0x4395, 0x74D8, 0x528A, 0x738F, 0xF81F, 0xF81F, 0x4395, 0xADD9, 0xF81F, 0xF81F, 0xF81F, 0xF81F, 0x9D14, 0x3186, 0xF81F,
  0x4A49, 0x630C, 0xF81F, 0xF81F, 0xAD76, 0xF81F, 0xF81F, 0x2AB1, 0x94B3, 0xF81F, 0xF81F, 0xF81F, 0x31A6, 0xF81F, 0x4395, 0x43D6,
  0x7BCF, 0x1AD4, 0x3A8D, 0x3185, 0xA515, 0xF81F, 0xF81F, 0x7412, 0x4BB4, 0xF81F, 0xF81F, 0xB5B7, 0xF81F, 0xF81F, 0x52AB, 0x5AEC,
  0x2945, 0x8C51, 0xF81F, 0xF81F, 0xF81F, 0xF81F, 0x63F4, 0x4B52, 0xF81F, 0xF81F, 0xF81F, 0xF81F, 0x4228, 0xF81F, 0x9472, 0x1272,
  0x43D7, 0x2B35, 0x5AEC, 0x52AA, 0xA515, 0x94D4, 0x94F4, 0x8431, 0x2AD1, 0x7496, 0xF81F, 0xF81F, 0xF81F, 0xF81F, 0x7BF0, 0x31A6,
  0x2945, 0x9493, 0xF81F, 0xB597, 0xB597, 0xB5B7, 0x19ED, 0x8494, 0xF81F, 0xAD76, 0xF81F, 0xF81F, 0x52AB, 0x94D3, 0x8C71, 0x8CB4,
  0x0949, 0x09AD, 0x1B15, 0x22F4, 0x3B95, 0x43B6, 0x5417, 0x74D9, 0x32F2, 0x1A4F, 0xF81F, 0xB5B7, 0xAD76, 0xF81F, 0x8451, 0x2945,
  0x2965, 0x8431, 0xF81F, 0xF81F, 0xF81F, 0xB597, 0xAD56, 0xB596, 0xF81F, 0xF81F, 0xF81F, 0xF81F, 0x4A49, 0xF81F, 0x8431, 0xB596,
  0x2944, 0x6B90, 0x73F2, 0x3A0A, 0xF81F, 0xF81F, 0xF81F, 0x94B3, 0x7BF0, 0x94B4, 0xF81F, 0xF81F, 0xF81F, 0xF81F, 0x73AF, 0x31C7,
  0x5AEC, 0x528A, 0xF81F, 0xF81F, 0xAD76, 0xF81F, 0xF81F, 0xF81F, 0xB5B7, 0xF81F, 0xF81F, 0xAD76, 0x31C7, 0xF81F, 0xF81F, 0x6B4D,
  0x3186, 0xA4F4, 0x736E, 0x41E7, 0x8C51, 0x9CF4, 0x8C51, 0xB597, 0xF81F, 0xF81F, 0xF81F, 0xAD56, 0xF81F, 0xF81F, 0x4249, 0x6B6E,
  0xF81F, 0x2965, 0x9492, 0xF81F, 0xF81F, 0xF81F, 0xB5B7, 0xF81F, 0xF81F, 0xF81F, 0xF81F, 0x4229, 0x6B4D, 0xF81F, 0xF81F, 0x9CD3,
  0x5AEC, 0xF81F, 0xF81F, 0x5ACB, 0x4A69, 0xF81F, 0xF81F, 0xF81F, 0xF81F, 0xF81F, 0xF81F, 0xF81F, 0xF81F, 0x8431, 0x2945, 0xF81F,
  0xF81F, 0x8431, 0x39E7, 0x9CD4, 0xF81F, 0xF81F, 0xF81F, 0xF81F, 0xF81F, 0xF81F, 0x52AB, 0x39C7, 0xF81F, 0xF81F, 0xCE5A, 0x7BCF,
  0x8C51, 0xF81F, 0xF81F, 0xF81F, 0x3186, 0x5AEC, 0xF81F, 0xF81F, 0xF81F, 0xF81F, 0xF81F, 0xF81F, 0x8C72, 0x31A6, 0x94B3, 0xF81F,
  0xF81F, 0xF81F, 0x8431, 0x3186, 0x630C, 0x9492, 0xA535, 0x9CD3, 0x7BCF, 0x31A7, 0x4A49, 0xF81F, 0xF81F, 0xF81F, 0xF81F, 0xC619,
  0xC639, 0xF81F, 0xF81F, 0xF81F, 0xF81F, 0x4228, 0x3A08, 0x8410, 0x9CF4, 0xA535, 0x9492, 0x5ACB, 0x3186, 0x94B3, 0xF81F, 0xF81F,
  0xF81F, 0xF81F, 0xF81F, 0xF81F, 0x5B0C, 0x3186, 0x2965, 0x2965, 0x4229, 0x9493, 0xF81F, 0xF81F, 0xF81F, 0xF81F, 0xF81F, 0xF81F,
  0xF81F, 0xF81F, 0xF81F, 0xF81F, 0xF81F, 0xF81F, 0x8C72, 0x4208, 0x2966, 0x2966, 0x31A7, 0x6B4D, 0xF81F, 0xF81F, 0xF81F, 0xF81F,
  0xF81F, 0xF81F, 0xF81F, 0xF81F, 0xF81F, 0xF81F, 0xF81F, 0xF81F, 0xF81F, 0xF81F, 0xF81F, 0xF81F, 0xF81F, 0xF81F, 0xF81F, 0xF81F,
  0xF81F, 0xF81F, 0xF81F, 0xF81F, 0xF81F, 0xF81F, 0xF81F, 0xF81F, 0xF81F, 0xF81F, 0xF81F, 0xF81F, 0xF81F, 0xF81F, 0xF81F, 0xF81F,
  0xF81F, 0xF81F, 0xF81F, 0xF81F, 0xF81F, 0xF81F, 0xF81F, 0xF81F, 0xF81F, 0xF81F, 0xF81F, 0xF81F, 0xF81F, 0xF81F, 0xF81F, 0xF81F,
  0xF81F, 0xF81F, 0xF81F, 0xF81F, 0xF81F, 0xF81F, 0xF81F, 0xF81F, 0xF81F, 0xF81F, 0xF81F, 0xF81F, 0xF81F, 0xF81F, 0xF81F, 0xF81F,
  0xF81F, 0xF81F, 0xF81F, 0xF81F, 0xF81F, 0xF81F, 0xF81F, 0xF81F, 0xF81F, 0xF81F, 0xF81F, 0xF81F, 0xF81F, 0xF81F, 0xF81F, 0xF81F,
  0xF81F, 0xF81F, 0xF81F, 0xF81F, 0xF81F, 0xF81F, 0xF81F, 0xF81F, 0xF81F, 0xF81F, 0xF81F, 0xF81F, 0xF81F, 0xF81F, 0xF81F, 0xF81F,
  0xF81F, 0xF81F, 0xF81F, 0xF81F, 0xF81F, 0xF81F, 0xF81F, 0xF81F, 0xF81F, 0xF81F, 0xF81F, 0xF81F, 0xF81F, 0xF81F, 0xF81F, 0xF81F,
  0xF81F, 0xF81F, 0xF81F, 0xF81F, 0xF81F, 0xF81F, 0xF81F, 0xF81F, 0xF81F, 0xF81F, 0xF81F, 0xF81F, 0xF81F, 0xF81F, 0xF81F, 0xF81F,
  0xF81F, 0xF81F, 0xF81F, 0xF81F, 0xF81F, 0xF81F, 0xF81F, 0xF81F, 0xF81F, 0xF81F, 0xF81F, 0xF81F, 0xF81F, 0xF81F, 0xF81F, 0xF81F,
  0xF81F, 0xF81F, 0xF81F, 0xF81F, 0xF81F, 0xF81F, 0xF81F, 0xF81F, 0xF81F, 0xF81F, 0xF81F, 0xF81F, 0xF81F, 0xF81F, 0xF81F, 0xF81F,
  0xF81F, 0xF81F, 0xF81F, 0xF81F, 0xF81F, 0xF81F, 0xF81F, 0xF81F, 0xF81F, 0xF81F, 0xF81F, 0xF81F, 0xF81F, 0xF81F, 0xF81F, 0xF81F,
  0xF81F, 0xF81F, 0xF81F, 0xF81F, 0xF81F, 0xF81F, 0xF81F, 0xF81F, 0xF81F, 0xF81F, 0xF81F, 0xF81F, 0xF81F, 0xF81F, 0xF81F, 0xF81F,
};

const uint16_t icon_piano[1024] PROGMEM = {
  0x73D0, 0x4A6A, 0x4A8A, 0x4A8B, 0x4A8B, 0x4A8B, 0x4AAB, 0x4AAB, 0x52AB, 0x52AB, 0x52AB, 0x52AB, 0x52CB, 0x52AB, 0x52CB, 0x52CB,
  0x52CB, 0x52CB, 0x52AB, 0x52AB, 0x52AB, 0x52AB, 0x52AB, 0x4AAB, 0x4AAB, 0x4A8B, 0x4A8B, 0x4A8A, 0x4A8A, 0x4A6A, 0x7BF0, 0xF81F,
  0x2966, 0x2966, 0x2966, 0x2986, 0x2986, 0x2986, 0x2986, 0x3186, 0x3186, 0x3186, 0x3186, 0x3186, 0x31A6, 0x31A6, 0x31A6, 0x31A6,
  0x31A6, 0x31A6, 0x31A6, 0x31A6, 0x3186, 0x3186, 0x3186, 0x2986, 0x2986, 0x2986, 0x2986, 0x2966, 0x2966, 0x2966, 0x2986, 0xF81F,
  0x2945, 0x2124, 0x2104, 0x2104, 0x2124, 0x2124, 0x2124, 0x2124, 0x2124, 0x2124, 0x2124, 0x2124, 0x2124, 0x2124, 0x2124, 0x2124,
  0x2124, 0x2124, 0x2124, 0x2124, 0x2124, 0x2124, 0x2124, 0x2124, 0x2124, 0x2124, 0x2124, 0x2104, 0x2104, 0x2124, 0x2965, 0xF81F,
  0x18C3, 0x1082, 0x18C3, 0x10C3, 0x18C3, 0x1082, 0x0020, 0x0020, 0x0020, 0x0861, 0x18C3, 0x18C3, 0x18C3, 0x0861, 0x0020, 0x0020,
  0x0020, 0x0861, 0x18C3, 0x18C3, 0x18C3, 0x0861, 0x0020, 0x0020, 0x0020, 0x1082, 0x18C3, 0x10C3, 0x18C3, 0x1082, 0x2104, 0xF81F,
  0x18E3, 0x0000, 0x0000, 0x0000, 0x0000, 0x0020, 0x0861, 0x0861, 0x0861, 0x0020, 0x0000, 0x0000, 0x0000, 0x0020, 0x0861, 0x0861,
  0x0861, 0x0020, 0x0000, 0x0000, 0x0000, 0x0020, 0x0861, 0x0861, 0x0861, 0x0020, 0x0000, 0x0000, 0x0000, 0x0000, 0x2124, 0xF81F,
  0x4208, 0xBDD7, 0xBDD7, 0xBDD7, 0xC618, 0x630C, 0x4A8A, 0x630C, 0x4249, 0x632D, 0xC638, 0xB5B6, 0xC618, 0x52AA, 0x528A, 0x632C,
  0x4A8A, 0x5ACB, 0xC618, 0xB5B6, 0xC638, 0x630C, 0x4229, 0x630C, 0x528A, 0x632C, 0xC638, 0xBDD7, 0xBDF7, 0xB5B6, 0x39E8, 0xF81F,
  0x4A69, 0xFFFF, 0xFFFF, 0xFFFF, 0xFFFF, 0x7BEF, 0x3A08, 0x52AA, 0x31A6, 0x8C71, 0xFFFF, 0xFFFF, 0xFFFF, 0x6B6D, 0x3A08, 0x52AA,
  0x39E7, 0x73AE, 0xFFFF, 0xFFFF, 0xFFFF, 0x8410, 0x31A7, 0x52AA, 0x39E7, 0x8410, 0xFFFF, 0xFFFF, 0xFFFF, 0xFFDF, 0x4228, 0xF81F,
  0x4A49, 0xF7BE, 0xFFFF, 0xFFDF, 0xFFFF, 0x73AE, 0x31C7, 0x4A69, 0x2986, 0x8430, 0xFFFF, 0xF7BE, 0xFFFF, 0x6B4D, 0x39C7, 0x4A6A,
  0x31A7, 0x6B6D, 0xFFFF, 0xF7BE, 0xFFFF, 0x7BEF, 0x3186, 0x4A69, 0x31A7, 0x7BCF, 0xFFFF, 0xFFDF, 0xFFFF, 0xF79E, 0x4208, 0xF81F,
  0x4A49, 0xFFDF, 0xFFFF, 0xFFDF, 0xFFFF, 0x73AE, 0x2986, 0x4228, 0x2145, 0x8430, 0xFFFF, 0xFFDF, 0xFFFF, 0x6B4D, 0x2986, 0x4228,
  0x2965, 0x6B6D, 0xFFFF, 0xFFDF, 0xFFFF, 0x7BEF, 0x2945, 0x4228, 0x2965, 0x7BCF, 0xFFFF, 0xFFDF, 0xFFFF, 0xF79E, 0x4208, 0xF81F,
  0x4A49, 0xFFDF, 0xFFFF, 0xFFDF, 0xFFFF, 0x738E, 0x2124, 0x39C7, 0x1904, 0x8430, 0xFFFF, 0xFFDF, 0xFFFF, 0x6B4D, 0x2125, 0x39E7,
  0x2124, 0x6B6D, 0xFFFF, 0xFFDF, 0xFFFF, 0x7BEF, 0x2104, 0x39E7, 0x2124, 0x73AE, 0xFFFF, 0xFFDF, 0xFFFF, 0xF79E, 0x4208, 0xF81F,
  0x4A49, 0xFFDF, 0xFFFF, 0xFFDF, 0xFFFF, 0x6B6D, 0x18E3, 0x3186, 0x18C3, 0x8430, 0xFFFF, 0xFFDF, 0xFFFF, 0x6B4D, 0x18E3, 0x3186,
  0x18E3, 0x6B6D, 0xFFFF, 0xFFDF, 0xFFFF, 0x7BEF, 0x18C3, 0x3186, 0x18E3, 0x73AE, 0xFFFF, 0xFFDF, 0xFFFF, 0xF79E, 0x4208, 0xF81F,
  0x4A49, 0xFFDF, 0xFFFF, 0xFFDF, 0xFFFF, 0x6B6D, 0x10A2, 0x2945, 0x1082, 0x8430, 0xFFFF, 0xFFDF, 0xFFFF, 0x632C, 0x10A2, 0x2965,
  0x10A2, 0x6B4D, 0xFFFF, 0xFFDF, 0xFFFF, 0x7BEF, 0x10A2, 0x2965, 0x10A2, 0x738E, 0xFFFF, 0xFFDF, 0xFFFF, 0xF79E, 0x4208, 0xF81F,
  0x4A49, 0xF7BE, 0xFFDF, 0xF7BE, 0xFFFF, 0x6B4D, 0x1082, 0x2124, 0x0861, 0x8430, 0xFFFF, 0xF7BE, 0xFFFF, 0x632C, 0x1082, 0x2125,
  0x1082, 0x6B4D, 0xFFFF, 0xF7BE, 0xFFFF, 0x7BEF, 0x1082, 0x2125, 0x1082, 0x738E, 0xFFFF, 0xF7BE, 0xFFFF, 0xEF7D, 0x4208, 0xF81F,
  0x4A49, 0xF79E, 0xF7BE, 0xF79E, 0xFFFF, 0x632C, 0x1082, 0x2124, 0x0861, 0x8430, 0xFFFF, 0xF79E, 0xFFFF, 0x630C, 0x1082, 0x2124,
  0x0881, 0x6B4D, 0xFFFF, 0xF79E, 0xFFFF, 0x7BCF, 0x0861, 0x2124, 0x0861, 0x6B6E, 0xFFFF, 0xF79E, 0xF7BF, 0xEF5D, 0x4208, 0xF81F,
  0x4A49, 0xEF7D, 0xF79E, 0xEF7D, 0xFFFF, 0x630C, 0x0861, 0x2104, 0x0841, 0x8410, 0xFFFF, 0xEF7D, 0xFFFF, 0x5AEB, 0x0861, 0x2104,
  0x0861, 0x632C, 0xFFFF, 0xEF7D, 0xFFFF, 0x7BCF, 0x0861, 0x2104, 0x0861, 0x6B6D, 0xFFFF, 0xEF7D, 0xF79E, 0xEF5D, 0x4208, 0xF81F,
  0x4249, 0xEF7D, 0xEF7D, 0xEF7D, 0xFFFF, 0x630C, 0x0861, 0x2104, 0x0841, 0x8410, 0xFFFF, 0xEF5D, 0xFFFF, 0x5AEB, 0x0861, 0x2104,
  0x0861, 0x632C, 0xFFFF, 0xEF5D, 0xFFFF, 0x7BCF, 0x0861, 0x2104, 0x0861, 0x6B6D, 0xFFFF, 0xEF5D, 0xF79E, 0xE73C, 0x4208, 0xF81F,
  0x4229, 0xEF5D, 0xEF7D, 0xEF5D, 0xFFDF, 0x630C, 0x0861, 0x2104, 0x0841, 0x8410, 0xFFFF, 0xEF5D, 0xFFFF, 0x5AEB, 0x0861, 0x2104,
  0x0861, 0x632C, 0xFFFF, 0xEF5D, 0xFFFF, 0x73AF, 0x0861, 0x2104, 0x0861, 0x6B4D, 0xFFDF, 0xEF5D, 0xEF7D, 0xE73C, 0x4208, 0xF81F,
  0x4229, 0xEF5D, 0xEF5D, 0xE73C, 0xFFDF, 0x5AEB, 0x0841, 0x18E3, 0x0020, 0x8410, 0xFFFF, 0xE73C, 0xFFDF, 0x5ACB, 0x0841, 0x18E3,
  0x0841, 0x632C, 0xFFFF, 0xE73C, 0xFFFF, 0x73AE, 0x0841, 0x18E3, 0x0841, 0x6B4D, 0xFFDF, 0xE73C, 0xEF7D, 0xE71C, 0x4208, 0xF81F,
  0x4228, 0xE73C, 0xEF5D, 0xE73C, 0xF7BE, 0x632C, 0x2104, 0x31A6, 0x18C3, 0x8410, 0xFFDF, 0xE73C, 0xF7BE, 0x630C, 0x2104, 0x31A6,
  0x1904, 0x6B4D, 0xFFDF, 0xE73C, 0xFFDF, 0x7BCF, 0x18E3, 0x31A6, 0x18E4, 0x6B6D, 0xF7BE, 0xE73C, 0xEF5D, 0xE71C, 0x4208, 0xF81F,
  0x4228, 0xE73C, 0xEF5D, 0xE73C, 0xF79E, 0x630C, 0x1904, 0x31A7, 0x18E4, 0x7BCF, 0xFFDF, 0xE71C, 0xF7BE, 0x5ACB, 0x2104, 0x39C7,
  0x2104, 0x630C, 0xF7BE, 0xE71C, 0xFFDF, 0x738E, 0x2104, 0x31A6, 0x18E4, 0x6B4D, 0xF7BE, 0xE71C, 0xEF5D, 0xDEFB, 0x4208, 0xF81F,
  0x4228, 0xE71C, 0xE73C, 0xE71C, 0xEF7D, 0x9CF3, 0x6B6D, 0x6B4D, 0x52AA, 0xB596, 0xEF7D, 0xE71C, 0xEF7D, 0x9CF3, 0x6B4D, 0x5ACB,
  0x6B4D, 0xA514, 0xEF7D, 0xE71C, 0xEF7D, 0xAD55, 0x528A, 0x6B6D, 0x6B4D, 0xA534, 0xEF7D, 0xE71C, 0xE73C, 0xDEFB, 0x4208, 0xF81F,
  0x4228, 0xE71C, 0xE71C, 0xE71C, 0xE71C, 0xEF5D, 0xF7BE, 0xD6BA, 0xBDF7, 0xF7BE, 0xE71C, 0xE73C, 0xE71C, 0xEF7D, 0xF79E, 0xAD55,
  0xF79E, 0xEF7D, 0xE71C, 0xE73C, 0xE71C, 0xF7BE, 0xBDD6, 0xDEDB, 0xF7BE, 0xEF5D, 0xE71C, 0xE71C, 0xE73C, 0xDEDB, 0x4208, 0xF81F,
  0x4208, 0xDEFB, 0xE71C, 0xE71C, 0xE71C, 0xDEFB, 0xE73C, 0xCE59, 0xB596, 0xEF5D, 0xE71C, 0xE71C, 0xE71C, 0xE71C, 0xDEFB, 0xA514,
  0xE71C, 0xE71C, 0xE71C, 0xE71C, 0xE71C, 0xEF5D, 0xAD75, 0xCE59, 0xE73C, 0xDEFB, 0xE71C, 0xE71C, 0xE71C, 0xDEDB, 0x4208, 0xF81F,
  0x4228, 0xDEFB, 0xDEFB, 0xDEFB, 0xE71C, 0xDEFB, 0xE73C, 0xCE59, 0xB596, 0xEF5D, 0xDEFB, 0xE71C, 0xE71C, 0xE71C, 0xDEFB, 0x9CF3,
  0xE71C, 0xE71C, 0xE71C, 0xE71C, 0xDEFB, 0xEF5D, 0xAD75, 0xCE79, 0xE73C, 0xDEFB, 0xDEFB, 0xDEFB, 0xE71C, 0xD6BA, 0x4208, 0xF81F,
  0x4208, 0xDEDB, 0xDEFB, 0xDEFB, 0xDEFB, 0xDEFB, 0xE73C, 0xC638, 0xB596, 0xE73C, 0xDEFB, 0xDEFB, 0xDEFB, 0xE71C, 0xDEFB, 0x9CF3,
  0xE71C, 0xDEFB, 0xDEFB, 0xDEFB, 0xDEFB, 0xE73C, 0xAD55, 0xCE59, 0xE71C, 0xDEFB, 0xDEFB, 0xDEFB, 0xDEFB, 0xD6BA, 0x4208, 0xF81F,
  0x4208, 0xDEDB, 0xDEFB, 0xDEDB, 0xDEDB, 0xDEDB, 0xE71C, 0xC638, 0xAD75, 0xE73C, 0xDEDB, 0xDEFB, 0xDEFB, 0xDEFB, 0xDEFB, 0x9CF3,
  0xDEFB, 0xDEFB, 0xDEFB, 0xDEFB, 0xDEDB, 0xE73C, 0xAD55, 0xCE59, 0xE71C, 0xDEDB, 0xDEDB, 0xDEDB, 0xDEFB, 0xD6BA, 0x4208, 0xF81F,
  0x4208, 0xD6BA, 0xDEDB, 0xDEDB, 0xDEDB, 0xDEDB, 0xDEFB, 0xC618, 0xAD75, 0xE71C, 0xDEDB, 0xDEDB, 0xDEDB, 0xDEDB, 0xDEDB, 0x9CD3,
  0xDEFB, 0xDEDB, 0xDEDB, 0xDEDB, 0xDEDB, 0xE71C, 0xAD55, 0xC638, 0xDEFB, 0xDEDB, 0xDEDB, 0xDEDB, 0xDEDB, 0xD69A, 0x4208, 0xF81F,
  0x4208, 0xD6BA, 0xD6BA, 0xD6BA, 0xD6BA, 0xD6BA, 0xDEFB, 0xC618, 0xAD55, 0xE71C, 0xD6BA, 0xDEDB, 0xDEDB, 0xDEDB, 0xDEDB, 0x9CD3,
  0xDEDB, 0xDEDB, 0xDEDB, 0xDEDB, 0xD6BA, 0xE71C, 0xA534, 0xC638, 0xDEFB, 0xD6BA, 0xD6BA, 0xD6BA, 0xDEDB, 0xD699, 0x39E8, 0xF81F,
  0x4228, 0xD6BA, 0xDEBA, 0xD6BA, 0xD6BA, 0xD6BA, 0xDEFB, 0xC618, 0xAD75, 0xE71C, 0xD6BA, 0xDEDB, 0xDEDB, 0xDEDB, 0xDEDB, 0x9CF3,
  0xDEDB, 0xDEDB, 0xDEDB, 0xDEDB, 0xD6BA, 0xE71C, 0xAD55, 0xC638, 0xDEFB, 0xD6BA, 0xD6BA, 0xD6BA, 0xDEDB, 0xCE7A, 0x4208, 0xF81F,
  0x31A6, 0xD69A, 0xDEDB, 0xD6BA, 0xDEDB, 0xD6BA, 0xDEFB, 0xBDD7, 0x9CF3, 0xE71C, 0xD6BA, 0xD6BA, 0xDEDB, 0xDEDB, 0xD6BA, 0x8C71,
  0xDEDB, 0xDEDB, 0xD6BA, 0xD6BA, 0xD6BA, 0xE71C, 0x9CD3, 0xBDF7, 0xDEFB, 0xD6BA, 0xDEDB, 0xD6BA, 0xDEDB, 0xCE79, 0x3186, 0xF81F,
  0x6B4D, 0x52AB, 0x52CB, 0x52AB, 0x52AB, 0x52AB, 0x5ACB, 0x4A69, 0x4229, 0x5ACB, 0x52AA, 0x52AA, 0x52AB, 0x5ACB, 0x52AB, 0x4208,
  0x52AB, 0x5ACB, 0x52AB, 0x52AA, 0x52AB, 0x5ACB, 0x4228, 0x4A6A, 0x5ACB, 0x52AB, 0x52AB, 0x52AB, 0x5ACB, 0x52AB, 0x738E, 0xF81F,
  0xF81F, 0xF81F, 0xF81F, 0xF81F, 0xF81F, 0xF81F, 0xF81F, 0xF81F, 0xF81F, 0xF81F, 0xF81F, 0xF81F, 0xF81F, 0xF81F, 0xF81F, 0xF81F,
  0xF81F, 0xF81F, 0xF81F, 0xF81F, 0xF81F, 0xF81F, 0xF81F, 0xF81F, 0xF81F, 0xF81F, 0xF81F, 0xF81F, 0xF81F, 0xF81F, 0xF81F, 0xF81F,
};

const uint16_t icon_music[1024] PROGMEM = {
  0xF81F, 0xF81F, 0xF81F, 0xF81F, 0xF81F, 0xF81F, 0xF81F, 0xF81F, 0xF81F, 0xF81F, 0xF81F, 0xF81F, 0xF81F, 0xF81F, 0xF81F, 0xF81F,
  0xF81F, 0xF81F, 0xF81F, 0xF81F, 0xF81F, 0xF81F, 0xF81F, 0xBDF8, 0x9D35, 0x8452, 0x634D, 0x73B0, 0xF81F, 0xF81F, 0xF81F, 0xF81F,
  0xF81F, 0xF81F, 0xF81F, 0xF81F, 0xF81F, 0xF81F, 0xF81F, 0xF81F, 0xF81F, 0xF81F, 0xF81F, 0xF81F, 0xF81F, 0xF81F, 0xF81F, 0xF81F,
  0xF81F, 0xF81F, 0xBE19, 0xA556, 0x8C93, 0x73CF, 0x5B0C, 0x5AAB, 0x4A49, 0x41C7, 0x3145, 0x4208, 0xF81F, 0xF81F, 0xF81F, 0xF81F,
  0xF81F, 0xF81F, 0xF81F, 0xF81F, 0xF81F, 0xF81F, 0xF81F, 0xF81F, 0xF81F, 0xF81F, 0xF81F, 0xF81F, 0xF81F, 0xBE19, 0xA556, 0x8C72,
  0x73AF, 0x5B0C, 0x5ACB, 0x5269, 0x41E7, 0x3165, 0x2924, 0x2903, 0x2904, 0x2924, 0x2904, 0x4208, 0xF81F, 0xF81F, 0xF81F, 0xF81F,
  0xF81F, 0xF81F, 0xF81F, 0xF81F, 0xF81F, 0xF81F, 0xF81F, 0xF81F, 0xF81F, 0xF81F, 0xB5B7, 0x7C11, 0x630C, 0x5ACB, 0x5269, 0x41E7,
  0x3165, 0x2924, 0x2904, 0x2904, 0x2924, 0x3124, 0x3144, 0x3145, 0x3124, 0x3124, 0x2904, 0x4208, 0xF81F, 0xF81F, 0xF81F, 0xF81F,
  0xF81F, 0xF81F, 0xF81F, 0xF81F, 0xF81F, 0xF81F, 0xF81F, 0xF81F, 0xF81F, 0xF81F, 0x634D, 0x39A6, 0x2924, 0x2904, 0x2904, 0x2924,
  0x2924, 0x3144, 0x3145, 0x3144, 0x3124, 0x2924, 0x2924, 0x2904, 0x2904, 0x2904, 0x2904, 0x4208, 0xF81F, 0xF81F, 0xF81F, 0xF81F,
  0xF81F, 0xF81F, 0xF81F, 0xF81F, 0xF81F, 0xF81F, 0xF81F, 0xF81F, 0xF81F, 0xF81F, 0x634E, 0x3165, 0x3145, 0x3145, 0x3144, 0x3124,
  0x2924, 0x2924, 0x2924, 0x2904, 0x2904, 0x28E3, 0x20E3, 0x20E3, 0x20C3, 0x20C3, 0x2904, 0x4228, 0xF81F, 0xF81F, 0xF81F, 0xF81F,
  0xF81F, 0xF81F, 0xF81F, 0xF81F, 0xF81F, 0xF81F, 0xF81F, 0xF81F, 0xF81F, 0xF81F, 0x634E, 0x3165, 0x2924, 0x2904, 0x2904, 0x2904,
  0x28E3, 0x20E3, 0x20E3, 0x20C3, 0x20C3, 0x18C3, 0x18C3, 0x18C3, 0x2104, 0x1904, 0x2104, 0x4228, 0xF81F, 0xF81F, 0xF81F, 0xF81F,
  0xF81F, 0xF81F, 0xF81F, 0xF81F, 0xF81F, 0xF81F, 0xF81F, 0xF81F, 0xF81F, 0xF81F, 0x634E, 0x2945, 0x28E3, 0x20E3, 0x20C3, 0x20C3,
  0x20C3, 0x18C3, 0x18C3, 0x2104, 0x2146, 0x29A7, 0x31C8, 0x3209, 0x52ED, 0x52EC, 0x2945, 0x4228, 0xF81F, 0xF81F, 0xF81F, 0xF81F,
  0xF81F, 0xF81F, 0xF81F, 0xF81F, 0xF81F, 0xF81F, 0xF81F, 0xF81F, 0xF81F, 0xF81F, 0x634E, 0x2904, 0x18C3, 0x18C3, 0x2104, 0x2146,
  0x2987, 0x31C8, 0x3209, 0x4ACC, 0x6BD0, 0x94F5, 0xB5F9, 0xF81F, 0xF81F, 0xF81F, 0x3A08, 0x39E8, 0xF81F, 0xF81F, 0xF81F, 0xF81F,
  0xF81F, 0xF81F, 0xF81F, 0xF81F, 0xF81F, 0xF81F, 0xF81F, 0xF81F, 0xF81F, 0xF81F, 0x634E, 0x2904, 0x2987, 0x3209, 0x4ACC, 0x6BB0,
  0x94D4, 0xB5D8, 0xF81F, 0xF81F, 0xF81F, 0xF81F, 0xF81F, 0xF81F, 0xF81F, 0xF81F, 0x4A6A, 0x39E8, 0xF81F, 0xF81F, 0xF81F, 0xF81F,
  0xF81F, 0xF81F, 0xF81F, 0xF81F, 0xF81F, 0xF81F, 0xF81F, 0xF81F, 0xF81F, 0xF81F, 0x634D, 0x3186, 0x9D15, 0xF81F, 0xF81F, 0xF81F,
  0xF81F, 0xF81F, 0xF81F, 0xF81F, 0xF81F, 0xF81F, 0xF81F, 0xF81F, 0xF81F, 0xF81F, 0x4A8A, 0x39E7, 0xF81F, 0xF81F, 0xF81F, 0xF81F,
  0xF81F, 0xF81F, 0xF81F, 0xF81F, 0xF81F, 0xF81F, 0xF81F, 0xF81F, 0xF81F, 0xF81F, 0x630D, 0x39E8, 0xF81F, 0xF81F, 0xF81F, 0xF81F,
  0xF81F, 0xF81F, 0xF81F, 0xF81F, 0xF81F, 0xF81F, 0xF81F, 0xF81F, 0xF81F, 0xF81F, 0x52AB, 0x39C7, 0xF81F, 0xF81F, 0xF81F, 0xF81F,
  0xF81F, 0xF81F, 0xF81F, 0xF81F, 0xF81F, 0xF81F, 0xF81F, 0xF81F, 0xF81F, 0xF81F, 0x630D, 0x39E8, 0xF81F, 0xF81F, 0xF81F, 0xF81F,
  0xF81F, 0xF81F, 0xF81F, 0xF81F, 0xF81F, 0xF81F, 0xF81F, 0xF81F, 0xF81F, 0xF81F, 0x52CB, 0x39C7, 0xF81F, 0xF81F, 0xF81F, 0xF81F,
  0xF81F, 0xF81F, 0xF81F, 0xF81F, 0xF81F, 0xF81F, 0xF81F, 0xF81F, 0xF81F, 0xF81F, 0x630D, 0x39E8, 0xF81F, 0xF81F, 0xF81F, 0xF81F,
  0xF81F, 0xF81F, 0xF81F, 0xF81F, 0xF81F, 0xF81F, 0xF81F, 0xF81F, 0xF81F, 0xF81F, 0x52CB, 0x39C7, 0xF81F, 0xF81F, 0xF81F, 0xF81F,
  0xF81F, 0xF81F, 0xF81F, 0xF81F, 0xF81F, 0xF81F, 0xF81F, 0xF81F, 0xF81F, 0xF81F, 0x630D, 0x39E8, 0xF81F, 0xF81F, 0xF81F, 0xF81F,
  0xF81F, 0xF81F, 0xF81F, 0xF81F, 0xF81F, 0xF81F, 0xF81F, 0xF81F, 0xF81F, 0xF81F, 0x52CB, 0x39C7, 0xF81F, 0xF81F, 0xF81F, 0xF81F,
  0xF81F, 0xF81F, 0xF81F, 0xF81F, 0xF81F, 0xF81F, 0xF81F, 0xF81F, 0xF81F, 0xF81F, 0x630D, 0x39E8, 0xF81F, 0xF81F, 0xF81F, 0xF81F,
  0xF81F, 0xF81F, 0xF81F, 0xF81F, 0xF81F, 0xF81F, 0xF81F, 0xF81F, 0xF81F, 0xF81F, 0x52CB, 0x39E7, 0xF81F, 0xF81F, 0xF81F, 0xF81F,
  0xF81F, 0xF81F, 0xF81F, 0xF81F, 0xF81F, 0xF81F, 0xF81F, 0xF81F, 0xF81F, 0xF81F, 0x630D, 0x39E8, 0xF81F, 0xF81F, 0xF81F, 0xF81F,
  0xF81F, 0xF81F, 0xF81F, 0xF81F, 0xF81F, 0xF81F, 0xF81F, 0xF81F, 0xF81F, 0xF81F, 0x52CB, 0x39C7, 0xF81F, 0xF81F, 0xF81F, 0xF81F,
  0xF81F, 0xF81F, 0xF81F, 0xF81F, 0xF81F, 0xF81F, 0xF81F, 0xF81F, 0xF81F, 0xF81F, 0x630D, 0x39E8, 0xF81F, 0xF81F, 0xF81F, 0xF81F,
  0xF81F, 0xF81F, 0xF81F, 0xF81F, 0xF81F, 0xF81F, 0xF81F, 0xF81F, 0xF81F, 0xF81F, 0x52CB, 0x39C7, 0xF81F, 0xF81F, 0xF81F, 0xF81F,
  0xF81F, 0xF81F, 0xF81F, 0xF81F, 0xF81F, 0xF81F, 0xF81F, 0xF81F, 0xF81F, 0xF81F, 0x630D, 0x39E8, 0xF81F, 0xF81F, 0xF81F, 0xF81F,
  0xF81F, 0xF81F, 0xF81F, 0xF81F, 0xF81F, 0xF81F, 0xF81F, 0xF81F, 0xF81F, 0xF81F, 0x52AB, 0x39C7, 0xF81F, 0xF81F, 0xF81F, 0xF81F,
  0xF81F, 0xF81F, 0xF81F, 0xF81F, 0xF81F, 0xF81F, 0xF81F, 0xF81F, 0xF81F, 0xF81F, 0x5B0D, 0x39E8, 0xF81F, 0xF81F, 0xF81F, 0xF81F,
  0xF81F, 0xF81F, 0xF81F, 0xF81F, 0xF81F, 0xF81F, 0xF81F, 0xF81F, 0xF81F, 0xF81F, 0x528A, 0x39E8, 0xF81F, 0xF81F, 0xF81F, 0xF81F,
  0xF81F, 0xF81F, 0xF81F, 0xF81F, 0xF81F, 0xF81F, 0xF81F, 0xF81F, 0xF81F, 0xF81F, 0x5B0D, 0x39E8, 0xF81F, 0xF81F, 0xF81F, 0xF81F,
  0xF81F, 0xF81F, 0xF81F, 0xF81F, 0xF81F, 0xF81F, 0xF81F, 0xF81F, 0xF81F, 0x94B4, 0x73AF, 0x4A69, 0xF81F, 0xF81F, 0xF81F, 0xF81F,
  0xF81F, 0xF81F, 0xF81F, 0xF81F, 0xF81F, 0xF81F, 0xF81F, 0xF81F, 0xF81F, 0xF81F, 0x5B0C, 0x39E8, 0xF81F, 0xF81F, 0xF81F, 0xF81F,
  0xF81F, 0xF81F, 0xF81F, 0xF81F, 0xF81F, 0xA556, 0x636F, 0x426A, 0x31E9, 0x4AAB, 0x426A, 0x4AAA, 0xF81F, 0xF81F, 0xF81F, 0xF81F,
  0xF81F, 0xF81F, 0xF81F, 0xF81F, 0xF81F, 0xF81F, 0xF81F, 0xF81F, 0xF81F, 0xF81F, 0x52AB, 0x39C8, 0xF81F, 0xF81F, 0xF81F, 0xF81F,
  0xF81F, 0xF81F, 0xF81F, 0xF81F, 0x4AAC, 0x4A8B, 0x5B2D, 0x52EC, 0x4AAB, 0x3A4A, 0x3209, 0x52CB, 0xF81F, 0xF81F, 0xF81F, 0xF81F,
  0xF81F, 0xF81F, 0xF81F, 0xF81F, 0xF81F, 0xF81F, 0xF81F, 0xF81F, 0xF81F, 0xF81F, 0x73CF, 0x4A6A, 0xF81F, 0xF81F, 0xF81F, 0xF81F,
  0xF81F, 0xF81F, 0xF81F, 0x636F, 0x9CF4, 0xD6DB, 0x8CB3, 0x5B2D, 0x426B, 0x3A09, 0x3A29, 0x52CB, 0xF81F, 0xF81F, 0xF81F, 0xF81F,
  0xF81F, 0xF81F, 0xF81F, 0xF81F, 0xF81F, 0xF81F, 0x94D4, 0x6B6F, 0x4A8B, 0x428B, 0x52EC, 0x4A8A, 0xF81F, 0xF81F, 0xF81F, 0xF81F,
  0xF81F, 0xF81F, 0xF81F, 0x4249, 0x8450, 0x8C92, 0x4A6A, 0x39C7, 0x3166, 0x2925, 0x41E6, 0x632C, 0xF81F, 0xF81F, 0xF81F, 0xF81F,
  0xF81F, 0xF81F, 0xF81F, 0xF81F, 0x73F1, 0x3209, 0x4AAB, 0x52CC, 0x4AAB, 0x426B, 0x3209, 0x4A6A, 0xF81F, 0xF81F, 0xF81F, 0xF81F,
  0xF81F, 0xF81F, 0xF81F, 0x31C7, 0x1082, 0x18E3, 0x18C3, 0x1882, 0x1882, 0x1882, 0x39A6, 0x8431, 0xF81F, 0xF81F, 0xF81F, 0xF81F,
  0xF81F, 0xF81F, 0xF81F, 0x7C32, 0x73F1, 0xBDF8, 0x94D3, 0x636E, 0x428B, 0x3A2A, 0x3A09, 0x4229, 0xF81F, 0xF81F, 0xF81F, 0xF81F,
  0xF81F, 0xF81F, 0xF81F, 0x636E, 0x2125, 0x18C3, 0x10C3, 0x18C3, 0x18C3, 0x1904, 0x3A29, 0xF81F, 0xF81F, 0xF81F, 0xF81F, 0xF81F,
  0xF81F, 0xF81F, 0xF81F, 0x426A, 0x9CF3, 0xB5D7, 0x632D, 0x4229, 0x31C7, 0x2986, 0x39C6, 0x5ACB, 0xF81F, 0xF81F, 0xF81F, 0xF81F,
  0xF81F, 0xF81F, 0xF81F, 0xF81F, 0x4A8B, 0x29A7, 0x2986, 0x31C7, 0x3A29, 0x52EC, 0xB5D8, 0xF81F, 0xF81F, 0xF81F, 0xF81F, 0xF81F,
  0xF81F, 0xF81F, 0xF81F, 0x39E8, 0x18E3, 0x2924, 0x20E3, 0x20A3, 0x20A2, 0x1882, 0x3985, 0x7BEF, 0xF81F, 0xF81F, 0xF81F, 0xF81F,
  0xF81F, 0xF81F, 0xF81F, 0xF81F, 0xF81F, 0x9D15, 0x8473, 0x8CB3, 0xADB7, 0xF81F, 0xF81F, 0xF81F, 0xF81F, 0xF81F, 0xF81F, 0xF81F,
  0xF81F, 0xF81F, 0xF81F, 0x52CC, 0x18E4, 0x10A2, 0x10A2, 0x10A2, 0x18A2, 0x18C3, 0x3A08, 0xB5B7, 0xF81F, 0xF81F, 0xF81F, 0xF81F,
  0xF81F, 0xF81F, 0xF81F, 0xF81F, 0xF81F, 0xF81F, 0xF81F, 0xF81F, 0xF81F, 0xF81F, 0xF81F, 0xF81F, 0xF81F, 0xF81F, 0xF81F, 0xF81F,
  0xF81F, 0xF81F, 0xF81F, 0xBE19, 0x3A29, 0x2145, 0x2125, 0x2965, 0x31C7, 0x426A, 0x8CB3, 0xF81F, 0xF81F, 0xF81F, 0xF81F, 0xF81F,
  0xF81F, 0xF81F, 0xF81F, 0xF81F, 0xF81F, 0xF81F, 0xF81F, 0xF81F, 0xF81F, 0xF81F, 0xF81F, 0xF81F, 0xF81F, 0xF81F, 0xF81F, 0xF81F,
  0xF81F, 0xF81F, 0xF81F, 0xF81F, 0xBE19, 0x73F0, 0x5B0D, 0x5B4E, 0x8452, 0xBE19, 0xF81F, 0xF81F, 0xF81F, 0xF81F, 0xF81F, 0xF81F,
  0xF81F, 0xF81F, 0xF81F, 0xF81F, 0xF81F, 0xF81F, 0xF81F, 0xF81F, 0xF81F, 0xF81F, 0xF81F, 0xF81F, 0xF81F, 0xF81F, 0xF81F, 0xF81F,
};

const uint16_t icon_basketball[1024] PROGMEM = {
  0xF81F, 0xF81F, 0xF81F, 0xF81F, 0xF81F, 0xF81F, 0xF81F, 0xF81F, 0xF81F, 0xF81F, 0xF81F, 0xF81F, 0xDE7A, 0xDDD6, 0xD532, 0xCCB0,
  0xCC8F, 0xCCD0, 0xDD93, 0xE637, 0xF81F, 0xF81F, 0xF81F, 0xF81F, 0xF81F, 0xF81F, 0xF81F, 0xF81F, 0xF81F, 0xF81F, 0xF81F, 0xF81F,
  0xF81F, 0xF81F, 0xF81F, 0xF81F, 0xF81F, 0xF81F, 0xF81F, 0xF81F, 0xF81F, 0xE679, 0xACD3, 0x8BEF, 0xEC6C, 0xE42A, 0xE3E9, 0xDBC8,
  0xE3E8, 0xEBC8, 0xA2E7, 0x6A27, 0x6A89, 0x9C0F, 0xF81F, 0xF81F, 0xF81F, 0xF81F, 0xF81F, 0xF81F, 0xF81F, 0xF81F, 0xF81F, 0xF81F,
  0xF81F, 0xF81F, 0xF81F, 0xF81F, 0xF81F, 0xF81F, 0xF81F, 0xF81F, 0xDD11, 0xEC4C, 0x5A48, 0xA328, 0xE386, 0xDB45, 0xDB45, 0xE365,
  0xCAE4, 0x40E1, 0x30A1, 0x9A23, 0xCAE4, 0xDB45, 0xD366, 0xD44C, 0xF81F, 0xF81F, 0xF81F, 0xF81F, 0xF81F, 0xF81F, 0xF81F, 0xF81F,
  0xF81F, 0xF81F, 0xF81F, 0xF81F, 0xF81F, 0xF81F, 0xDDD5, 0xE46C, 0xF42A, 0xBB06, 0x41C6, 0xDB66, 0xE365, 0xE385, 0xEB85, 0xDB03,
  0x2881, 0x5121, 0xEB44, 0xF385, 0xE344, 0xDB44, 0xDB04, 0xE324, 0xDB65, 0xD511, 0xF81F, 0xF81F, 0xF81F, 0xF81F, 0xF81F, 0xF81F,
  0xF81F, 0xF81F, 0xF81F, 0xF81F, 0xF81F, 0xDD53, 0xF46C, 0xDBA8, 0xEBC7, 0x9265, 0x5A26, 0xF3A6, 0xEBA6, 0xEBC6, 0xF3A5, 0x5982,
  0x3902, 0xFBA5, 0xEBA5, 0xEB85, 0xEB85, 0xE365, 0xDB44, 0xD304, 0xD303, 0xE324, 0xCC2B, 0xF81F, 0xF81F, 0xF81F, 0xF81F, 0xF81F,
  0xF81F, 0xF81F, 0xF81F, 0xF81F, 0xE573, 0xF46B, 0xE3C8, 0xE3A7, 0xF3C5, 0x7A25, 0x82C7, 0xFC26, 0xF407, 0xFC27, 0xCB24, 0x2104,
  0xBB05, 0xFC06, 0xEBC6, 0xEBA5, 0xEBA5, 0xEB85, 0xE365, 0xDB44, 0xDB04, 0xD303, 0xE303, 0xCBEA, 0xF81F, 0xF81F, 0xF81F, 0xF81F,
  0xF81F, 0xF81F, 0xF81F, 0xB597, 0xBBED, 0xEBC8, 0xEBC6, 0xF407, 0xFBE5, 0x7246, 0x9349, 0xFC67, 0xF448, 0xFC47, 0xA284, 0x39A5,
  0xFC67, 0xFCC8, 0xFCC7, 0xFCA7, 0xFC67, 0xFC46, 0xFBE6, 0xEB64, 0xDB24, 0xD2E3, 0xD2E3, 0xDB03, 0xCC8E, 0xF81F, 0xF81F, 0xF81F,
  0xF81F, 0xF81F, 0xF81F, 0xA3AC, 0x41E7, 0x72A8, 0xF407, 0xF447, 0xFC06, 0x7267, 0x9B8A, 0xFD08, 0xFCA8, 0xF488, 0x8245, 0x41E6,
  0xBBE9, 0xA388, 0x9347, 0x9327, 0x9327, 0xA326, 0xBB66, 0xD3C6, 0xEBE6, 0xF3A5, 0xE324, 0xD2E3, 0xCAC2, 0xF81F, 0xF81F, 0xF81F,
  0xF81F, 0xF81F, 0xD4D0, 0xFC6A, 0xE365, 0x5207, 0xBB88, 0xFCA8, 0xFC87, 0x82C7, 0x732A, 0xA3A9, 0x6AA9, 0x5227, 0x39C6, 0x3186,
  0x4185, 0x51A4, 0x59A4, 0x59A3, 0x4943, 0x30C1, 0x2081, 0x1881, 0x30E2, 0x61E3, 0xB2E4, 0xE364, 0xE323, 0xBB26, 0xF81F, 0xF81F,
  0xF81F, 0xDE79, 0xEC6C, 0xE3A7, 0xFC06, 0xA2C5, 0x832A, 0xECCA, 0x9B89, 0x5269, 0x52AA, 0x7AA8, 0xA327, 0xCB87, 0xA2A5, 0x3145,
  0xF447, 0xFCE8, 0xFCA8, 0xFCA7, 0xFC67, 0xFC26, 0xF3C5, 0xD304, 0xA243, 0x6141, 0x28A0, 0x4122, 0xA2A4, 0xEB43, 0xD594, 0xF81F,
  0xF81F, 0xDD11, 0xF409, 0xEBA6, 0xFC67, 0xDBC7, 0x5AAA, 0x5A89, 0x7A87, 0x7AA8, 0x72EA, 0xFC87, 0xFD29, 0xFD29, 0xEBE6, 0x2904,
  0xB3A8, 0xFD4A, 0xFCC9, 0xFCA8, 0xFC88, 0xFC47, 0xFC27, 0xFC06, 0xFBE6, 0xFBC5, 0xDB24, 0x91E2, 0x30C1, 0x7203, 0xD42A, 0xF81F,
  0xF81F, 0xDC4C, 0xE3A6, 0xFC26, 0xDC49, 0x62C9, 0x5269, 0xCBE8, 0xFD08, 0xC367, 0x62EB, 0xFCE9, 0xFD2A, 0xFD0A, 0xFCA8, 0x71E3,
  0x4185, 0xFD29, 0xFD09, 0xFCC9, 0xFC88, 0xFC67, 0xFC27, 0xF406, 0xEBC6, 0xE385, 0xE344, 0xE344, 0xD2E3, 0x6161, 0x51A4, 0xF81F,
  0xDE38, 0xEC2A, 0xFC06, 0xB3A8, 0x5A68, 0x9AA5, 0x6AA9, 0xF4EA, 0xFD4A, 0xD3A7, 0x5AAA, 0xE4AA, 0xFD29, 0xFCE9, 0xFD0A, 0xE3A6,
  0x2103, 0x8AE7, 0xFD49, 0xFCE9, 0xFCC8, 0xFC68, 0xFC47, 0xF406, 0xF3C6, 0xEB85, 0xE344, 0xD304, 0xD2E3, 0xDAE2, 0x81C2, 0xF81F,
  0xD573, 0xFC49, 0xAB68, 0x5206, 0xE407, 0xEBC6, 0x62A9, 0xED0A, 0xFD4A, 0xEC07, 0x5A89, 0xCC4A, 0xFD4A, 0xFD0A, 0xFD09, 0xFCC9,
  0xBAE4, 0x1925, 0x9B27, 0xFD09, 0xFCE9, 0xFC88, 0xFC47, 0xF406, 0xF3C6, 0xEB65, 0xE364, 0xDB04, 0xD2E3, 0xCAA3, 0xD2C2, 0xCCD0,
  0xE511, 0xC3C9, 0x51E6, 0xEBC6, 0xFCE8, 0xCB86, 0x6AC9, 0xFD2A, 0xFD4A, 0xFC87, 0x7288, 0x9BCB, 0xFD29, 0xFD0A, 0xFD09, 0xFCE9,
  0xFC88, 0xB2C4, 0x2125, 0x6A67, 0xF488, 0xFCC8, 0xF447, 0xF406, 0xEBC6, 0xE385, 0xDB44, 0xD304, 0xCAE3, 0xC2A2, 0xCAA2, 0xC3CA,
  0xD4D0, 0x6A88, 0xD345, 0xFC67, 0xFCA8, 0xBB26, 0x7B2A, 0xFD4A, 0xFD2A, 0xFCE8, 0x92C7, 0x732B, 0xFD2A, 0xFD0A, 0xFD0A, 0xFCE9,
  0xFCC9, 0xFC68, 0xD345, 0x4164, 0x3185, 0xB367, 0xFC67, 0xF3E6, 0xE3A5, 0xE365, 0xDB24, 0xD304, 0xCAC3, 0xC2A2, 0xC282, 0xBB68,
  0x83F0, 0xAB07, 0xFBE6, 0xF427, 0xFC67, 0x9AE7, 0x9BAA, 0xFD4A, 0xFD0A, 0xFD09, 0xC346, 0x5A8A, 0xF4CA, 0xFD29, 0xFD09, 0xFCC9,
  0xFCA9, 0xFC89, 0xFC88, 0xFBE6, 0x8A23, 0x18C3, 0x59A4, 0xE3A6, 0xF3A6, 0xDB45, 0xDB24, 0xD2E3, 0xCAC3, 0xC282, 0xC282, 0xBB69,
  0xBD13, 0xEBA7, 0xEBA6, 0xF427, 0xFC06, 0x7AA8, 0xCC6A, 0xFD29, 0xFD09, 0xFD2A, 0xEBE6, 0x5248, 0xCC4A, 0xFD09, 0xFCC9, 0xFCA9,
  0xFC89, 0xFC68, 0xF448, 0xF448, 0xFC27, 0xCB04, 0x38C0, 0x1860, 0xBAE5, 0xEB85, 0xCAE4, 0xD2E3, 0xCAC3, 0xC282, 0xC2A2, 0xC40B,
  0xDD94, 0xEBE8, 0xE385, 0xF407, 0xDB65, 0x6AC9, 0xF4CA, 0xFCE9, 0xFCE9, 0xFCE9, 0xFC67, 0x6A47, 0x8B6A, 0xFCE9, 0xFCA9, 0xFC89,
  0xF488, 0xF468, 0xF428, 0xF407, 0xEBE7, 0xF3E7, 0xEBA5, 0x71A1, 0x0000, 0x9243, 0xE364, 0xCAC3, 0xC2A2, 0xC282, 0xC2A3, 0xCCB0,
  0xDE38, 0xE3E9, 0xE365, 0xF3C6, 0xAAE5, 0x8309, 0xFCA8, 0xFCA9, 0xFCA9, 0xFCC9, 0xFCC8, 0xAAE6, 0x4A49, 0xF489, 0xFC68, 0xF468,
  0xF448, 0xF408, 0xEC07, 0xEC07, 0xEBC7, 0xE3A6, 0xE386, 0xEBA5, 0x9202, 0x0000, 0x8203, 0xDB03, 0xC282, 0xBA82, 0xC2E4, 0xD5B5,
  0xF81F, 0xDC0A, 0xE345, 0xEB85, 0x7A65, 0xA369, 0xFC68, 0xF468, 0xFC68, 0xF468, 0xFCA9, 0xE3A6, 0x41C7, 0xBBA9, 0xFC68, 0xEC28,
  0xEC08, 0xEC07, 0xEBE7, 0xEBC7, 0xE3A6, 0xE386, 0xDB85, 0xDB45, 0xE365, 0x9202, 0x0020, 0x9223, 0xD2C3, 0xBA82, 0xBB46, 0xF81F,
  0xF81F, 0xDCF0, 0xEB86, 0xDB24, 0x59E5, 0xC387, 0xFC07, 0xF428, 0xF448, 0xF428, 0xF428, 0xFC07, 0x7225, 0x5227, 0xFC28, 0xEBE7,
  0xEBC7, 0xEBE7, 0xE3A6, 0xE3A6, 0xE386, 0xDB66, 0xDB65, 0xD324, 0xD304, 0xDB03, 0x79A1, 0x0862, 0xB283, 0xD304, 0xCC6E, 0xF81F,
  0xF81F, 0xDE58, 0xEBE8, 0xC2C3, 0x51A5, 0xD386, 0xF3C6, 0xEBE7, 0xEBE7, 0xEBE7, 0xEBE7, 0xF407, 0xC305, 0x2125, 0xBB47, 0xF3C7,
  0xE3A6, 0xE3A6, 0xE386, 0xE386, 0xDB65, 0xDB45, 0xDB45, 0xD324, 0xD2E4, 0xCAC3, 0xCAA2, 0x4902, 0x3944, 0xDBA7, 0xDE38, 0xF81F,
  0xF81F, 0xF81F, 0xD44C, 0xC2C3, 0x4164, 0xD345, 0xEB86, 0xE3A6, 0xEBA6, 0xEBC6, 0xE3C6, 0xE3C7, 0xEB85, 0x5184, 0x51C5, 0xF3C6,
  0xDB86, 0xE386, 0xDB66, 0xDB65, 0xDB65, 0xD325, 0xD304, 0xD304, 0xCAE3, 0xC2A3, 0xC2A3, 0xAA42, 0x3985, 0xAC4F, 0xF81F, 0xF81F,
  0xF81F, 0xF81F, 0xF81F, 0xD325, 0x4143, 0xC2E5, 0xE345, 0xDB65, 0xE385, 0xE386, 0xE386, 0xE386, 0xE386, 0xAAA3, 0x10A3, 0xB2E5,
  0xE385, 0xDB65, 0xDB45, 0xDB45, 0xD324, 0xD304, 0xD304, 0xCAE3, 0xCAC3, 0xC2A3, 0xC2A3, 0xCAE4, 0x932A, 0xF81F, 0xF81F, 0xF81F,
  0xF81F, 0xF81F, 0xF81F, 0xDD10, 0x61A3, 0x9A64, 0xE344, 0xD324, 0xDB45, 0xDB45, 0xDB45, 0xDB45, 0xDB45, 0xDB44, 0x5122, 0x3123,
  0xE365, 0xD325, 0xD325, 0xD304, 0xD304, 0xCAE4, 0xCAC3, 0xC2C3, 0xC2A3, 0xC2A3, 0xC2E4, 0xCB67, 0xD5F7, 0xF81F, 0xF81F, 0xF81F,
  0xF81F, 0xF81F, 0xF81F, 0xF81F, 0x9BCD, 0x7A24, 0xDB03, 0xCAE4, 0xD304, 0xD304, 0xD324, 0xD324, 0xD324, 0xDB24, 0xBAA3, 0x1061,
  0x7A03, 0xE344, 0xCAE4, 0xD2E4, 0xCAE3, 0xCAC3, 0xC2A3, 0xC2A3, 0xC2C3, 0xBAC4, 0xD387, 0xCD11, 0xF81F, 0xF81F, 0xF81F, 0xF81F,
  0xF81F, 0xF81F, 0xF81F, 0xF81F, 0xF81F, 0x8BCE, 0xBAC4, 0xD2E3, 0xCAE3, 0xCAE3, 0xCAE3, 0xD2E4, 0xCAE4, 0xCAE4, 0xD2E3, 0x89E2,
  0x0861, 0xAA83, 0xD2E3, 0xC2A3, 0xC2C3, 0xC2A3, 0xC2A3, 0xC2C3, 0xC2E4, 0xD3A7, 0xCCD0, 0xF81F, 0xF81F, 0xF81F, 0xF81F, 0xF81F,
  0xF81F, 0xF81F, 0xF81F, 0xF81F, 0xF81F, 0xF81F, 0xB513, 0xCB25, 0xDAE3, 0xCAA3, 0xCAC3, 0xCAA3, 0xCAC3, 0xCAC3, 0xCAC3, 0xCAA3,
  0x5941, 0x20A2, 0xC2C3, 0xCAC3, 0xC2A3, 0xC2C3, 0xC2E4, 0xC305, 0xD3C9, 0xD552, 0xF81F, 0xF81F, 0xF81F, 0xF81F, 0xF81F, 0xF81F,
  0xF81F, 0xF81F, 0xF81F, 0xF81F, 0xF81F, 0xF81F, 0xF81F, 0xF81F, 0xD40B, 0xDB24, 0xD2E3, 0xCAA2, 0xC2A2, 0xC2A2, 0xC2A2, 0xC2A3,
  0xC282, 0x4922, 0x3923, 0xCAE3, 0xCB04, 0xCB25, 0xD387, 0xCC0B, 0xDE17, 0xF81F, 0xF81F, 0xF81F, 0xF81F, 0xF81F, 0xF81F, 0xF81F,
  0xF81F, 0xF81F, 0xF81F, 0xF81F, 0xF81F, 0xF81F, 0xF81F, 0xF81F, 0xF81F, 0xDE16, 0xD46D, 0xCB66, 0xD325, 0xD304, 0xCAE4, 0xCAE4,
  0xCB04, 0xC2E4, 0x5A05, 0x6247, 0xCBA9, 0xCC6D, 0xDDD5, 0xF81F, 0xF81F, 0xF81F, 0xF81F, 0xF81F, 0xF81F, 0xF81F, 0xF81F, 0xF81F,
  0xF81F, 0xF81F, 0xF81F, 0xF81F, 0xF81F, 0xF81F, 0xF81F, 0xF81F, 0xF81F, 0xF81F, 0xF81F, 0xF81F, 0xD5D5, 0xCCF1, 0xCC6D, 0xC42C,
  0xC42C, 0xCC8E, 0xCD52, 0xF81F, 0xF81F, 0xF81F, 0xF81F, 0xF81F, 0xF81F, 0xF81F, 0xF81F, 0xF81F, 0xF81F, 0xF81F, 0xF81F, 0xF81F,
};

const uint16_t icon_tennis[1024] PROGMEM = {
  0xF81F, 0xF81F, 0xF81F, 0xF81F, 0xF81F, 0xF81F, 0xF81F, 0xF81F, 0xF81F, 0xF81F, 0xF81F, 0xF81F, 0xDF16, 0xD6F1, 0xCEED, 0xCEEC,
  0xCF0C, 0xD6EE, 0xD6F2, 0xDEF7, 0xF81F, 0xF81F, 0xF81F, 0xF81F, 0xF81F, 0xF81F, 0xF81F, 0xF81F, 0xF81F, 0xF81F, 0xF81F, 0xF81F,
  0xF81F, 0xF81F, 0xF81F, 0xF81F, 0xF81F, 0xF81F, 0xF81F, 0xF81F, 0xF81F, 0xDF16, 0xD72D, 0xD748, 0xDFA8, 0xE7C8, 0xE7C8, 0xE7C7,
  0xE7C7, 0xE7E7, 0xE7C7, 0xDF87, 0xD729, 0xD70F, 0xF81F, 0xF81F, 0xF81F, 0xF81F, 0xF81F, 0xF81F, 0xF81F, 0xF81F, 0xF81F, 0xF81F,
  0xF81F, 0xF81F, 0xF81F, 0xF81F, 0xF81F, 0xF81F, 0xF81F, 0xF81F, 0xD74C, 0xE7E8, 0xE7E8, 0xDFA8, 0xDF87, 0xDF87, 0xDF87, 0xDF87,
  0xDF86, 0xDF86, 0xDF66, 0xDF65, 0xDF86, 0xE7E6, 0xD765, 0xD70E, 0xF81F, 0xF81F, 0xF81F, 0xF81F, 0xF81F, 0xF81F, 0xF81F, 0xF81F,
  0xF81F, 0xF81F, 0xF81F, 0xF81F, 0xF81F, 0xF81F, 0xF81F, 0xD749, 0xEFE8, 0xDF87, 0xDF87, 0xDFA7, 0xDFA7, 0xDFA7, 0xDFA6, 0xDFA6,
  0xDFA6, 0xDF85, 0xDF85, 0xDF84, 0xDF64, 0xD744, 0xD744, 0xE7C5, 0xCECD, 0xF81F, 0xF81F, 0xF81F, 0xF81F, 0xF81F, 0xF81F, 0xF81F,
  0xF81F, 0xF81F, 0xF81F, 0xF81F, 0xF81F, 0xF81F, 0xCEEE, 0xE7C8, 0xDF87, 0xDFA7, 0xDFA6, 0xE7C6, 0xE7A6, 0xE7A6, 0xE7A6, 0xDFA5,
  0xDFA5, 0xDFA4, 0xDF84, 0xDF83, 0xDF83, 0xDF63, 0xD743, 0xCF24, 0xD745, 0xD6F2, 0xCEB5, 0xF81F, 0xF81F, 0xF81F, 0xF81F, 0xF81F,
  0xF81F, 0xF81F, 0xF81F, 0xF81F, 0xD6D4, 0xDF54, 0xDF6C, 0xD747, 0xDFA7, 0xDFA6, 0xE7C5, 0xE7C5, 0xE7C5, 0xE7C5, 0xE7A5, 0xE7A4,
  0xDFA4, 0xDFA3, 0xDFA3, 0xDF83, 0xDF82, 0xDF62, 0xD742, 0xCF23, 0xC6C2, 0xD70C, 0xE772, 0xBE50, 0xF81F, 0xF81F, 0xF81F, 0xF81F,
  0xF81F, 0xF81F, 0xF81F, 0xD6D3, 0xE7CE, 0xEFD8, 0xD72C, 0xD766, 0xDFA6, 0xE7A5, 0xE7C5, 0xE7C4, 0xE7C4, 0xE7C4, 0xE7C3, 0xE7A3,
  0xE7A3, 0xE7A2, 0xDF82, 0xDF82, 0xDF82, 0xD762, 0xD762, 0xCF22, 0xCF03, 0xBE84, 0xE734, 0xCF0B, 0xC672, 0xF81F, 0xF81F, 0xF81F,
  0xF81F, 0xF81F, 0xF81F, 0xD747, 0xE771, 0xEF99, 0xD750, 0xD746, 0xDFA6, 0xE7A5, 0xE7C4, 0xE7C3, 0xE7C3, 0xE7C2, 0xE7C2, 0xE7C2,
  0xE7A2, 0xE7A1, 0xE7A2, 0xDF81, 0xDF81, 0xDF61, 0xD742, 0xCF22, 0xC6E3, 0xBE82, 0xCEAD, 0xDF54, 0xAE04, 0xF81F, 0xF81F, 0xF81F,
  0xF81F, 0xF81F, 0xD70D, 0xE7C8, 0xDF51, 0xEFDA, 0xE774, 0xCF07, 0xDF65, 0xE7A4, 0xE7C3, 0xE7C2, 0xE7C2, 0xE7C1, 0xE7C1, 0xE7C1,
  0xE7C1, 0xE7A1, 0xDFA1, 0xDF81, 0xDF81, 0xD761, 0xD742, 0xCF22, 0xC6E2, 0xBEA2, 0xB666, 0xE736, 0xC6CA, 0xB60B, 0xF81F, 0xF81F,
  0xF81F, 0xF81F, 0xE7C8, 0xD747, 0xDF50, 0xF7DA, 0xEFB9, 0xD72D, 0xCF24, 0xDF84, 0xE7C2, 0xE7C1, 0xE7C1, 0xE7C1, 0xE7C1, 0xE7C1,
  0xE7A1, 0xE7A1, 0xDF81, 0xDF61, 0xD761, 0xD741, 0xCF21, 0xCF22, 0xC6E2, 0xBEA3, 0xAE23, 0xD713, 0xD6F1, 0xA5E3, 0xF81F, 0xF81F,
  0xF81F, 0xD72E, 0xEFE8, 0xD767, 0xD74C, 0xF7BA, 0xF7DA, 0xEF97, 0xCF07, 0xD742, 0xE7A3, 0xE7A1, 0xE7C1, 0xE7C0, 0xE7C0, 0xE7A1,
  0xE7A0, 0xE7A0, 0xDF80, 0xDF61, 0xD761, 0xD741, 0xCF21, 0xD741, 0xCF02, 0xC6C3, 0xB642, 0xC6AD, 0xE737, 0xB666, 0xB62D, 0xF81F,
  0xF81F, 0xD748, 0xE7C7, 0xDF67, 0xCF27, 0xEF97, 0xF7DA, 0xF7DA, 0xE773, 0xC6E3, 0xDF62, 0xE7A2, 0xE7C1, 0xE7C0, 0xE7A0, 0xE7A0,
  0xDFA0, 0xDFA0, 0xDF81, 0xD761, 0xD761, 0xD741, 0xCF21, 0xCF21, 0xC6E2, 0xBEA3, 0xB682, 0xBE68, 0xE758, 0xBE6B, 0x9D84, 0xF81F,
  0xDF15, 0xE7C8, 0xDF87, 0xDF87, 0xD725, 0xDF4F, 0xF7DB, 0xF7DA, 0xFFFB, 0xD72D, 0xC6E1, 0xDF82, 0xDFA1, 0xDF80, 0xDF80, 0xE7A0,
  0xDF81, 0xDF81, 0xDF61, 0xD761, 0xD741, 0xD721, 0xCF21, 0xCF02, 0xC6E2, 0xBEA2, 0xB662, 0xB625, 0xE736, 0xCE90, 0x9562, 0xCE76,
  0xD70F, 0xE7E7, 0xDF86, 0xDF86, 0xD765, 0xCF06, 0xEFB7, 0xF7DB, 0xF7DA, 0xFFDA, 0xCF08, 0xC6C0, 0xD741, 0xDF61, 0xDF81, 0xDF81,
  0xDF81, 0xDF61, 0xD761, 0xD741, 0xCF21, 0xCEE1, 0xC6C1, 0xC6C1, 0xC6C2, 0xBE82, 0xB642, 0xA5E3, 0xD6F3, 0xDEF4, 0x9D83, 0xB5EF,
  0xCEEC, 0xE7C7, 0xDF66, 0xDF85, 0xDF65, 0xCF23, 0xDF4B, 0xF7DB, 0xF7D9, 0xFFFB, 0xF7B8, 0xC6A4, 0xC6C0, 0xD741, 0xDF61, 0xDF61,
  0xD761, 0xD741, 0xD741, 0xCF01, 0xCEE1, 0xC6E1, 0xBEA1, 0xC6C1, 0xC6C2, 0xB662, 0xB642, 0xA5E2, 0xCEAF, 0xDF15, 0x9D85, 0x9D8A,
  0xCEEA, 0xDF86, 0xD746, 0xDF65, 0xDF64, 0xD744, 0xC6E2, 0xE771, 0xFFFB, 0xF7D9, 0xFFFB, 0xEF94, 0xBE82, 0xCEE1, 0xD741, 0xD741,
  0xCF21, 0xCF01, 0xCF01, 0xCF01, 0xC6E1, 0xC6C1, 0xBEA1, 0xBE81, 0xBE81, 0xB642, 0xAE22, 0xA5C1, 0xBE4B, 0xDF15, 0xA5A6, 0x9528,
  0xCEEA, 0xDF66, 0xD745, 0xD744, 0xD763, 0xDF63, 0xD723, 0xC6E4, 0xEFB7, 0xFFDA, 0xF7D9, 0xFFDB, 0xD70F, 0xBE81, 0xCF01, 0xCF01,
  0xC6C1, 0xC6E1, 0xC6E1, 0xC6E1, 0xC6C1, 0xBEA1, 0xBE81, 0xB661, 0xBE62, 0xAE02, 0xAE22, 0xA5C1, 0xB609, 0xD6F4, 0xA5A7, 0x9549,
  0xCECB, 0xD766, 0xCF24, 0xD744, 0xD743, 0xD743, 0xD743, 0xCF01, 0xD708, 0xF7D9, 0xF7D9, 0xF7B9, 0xEF98, 0xC689, 0xB660, 0xBEA1,
  0xC6C1, 0xC6E1, 0xBEA1, 0xC6A1, 0xBE81, 0xB661, 0xB661, 0xB641, 0xAE21, 0xAE02, 0xA5E2, 0x9561, 0xA5C7, 0xD6D3, 0xA5A7, 0xA56B,
  0xCEAF, 0xD745, 0xCF04, 0xCF23, 0xD723, 0xD722, 0xCF22, 0xCF02, 0xBEA1, 0xD72E, 0xF7DA, 0xF7B8, 0xEF98, 0xDF34, 0xB643, 0xBE81,
  0xBE81, 0xBE61, 0xB661, 0xBE81, 0xB661, 0xB641, 0xAE21, 0xAE21, 0xADE1, 0xA5E1, 0xA5A2, 0x9561, 0xA5A6, 0xCEB1, 0xA587, 0xADAF,
  0xD6D5, 0xCF05, 0xC6E4, 0xC6E3, 0xCEE2, 0xCF02, 0xD722, 0xCF02, 0xC6C2, 0xBE64, 0xE754, 0xF7B8, 0xEF97, 0xEF57, 0xC68C, 0xAE01,
  0xB641, 0xB641, 0xB641, 0xB641, 0xAE21, 0xAE21, 0xAE01, 0xAE01, 0xA5C1, 0xA5C1, 0xA5C2, 0x9561, 0x9D86, 0xCE90, 0x9D66, 0xC655,
  0xF81F, 0xBE65, 0xC6C3, 0xC6C3, 0xC6C2, 0xC6C2, 0xC6E2, 0xC6C2, 0xC6C2, 0xB661, 0xC689, 0xEF77, 0xEF77, 0xE756, 0xD6D2, 0xA5E4,
  0xAE21, 0xAE21, 0xAE21, 0xAE21, 0xAE01, 0xA5E1, 0xADE1, 0xA5E1, 0xA5A1, 0xA5C2, 0x9D82, 0x9541, 0x9D86, 0xCE8F, 0x9507, 0xF81F,
  0xF81F, 0xBE6C, 0xC6E3, 0xBE83, 0xBEA2, 0xBEA2, 0xC6A2, 0xBE82, 0xB662, 0xB662, 0xAE23, 0xD6D0, 0xE756, 0xE735, 0xDF14, 0xB609,
  0x9DC1, 0xAE01, 0xADE1, 0xA5E1, 0xA5C1, 0xA5C1, 0xA5C1, 0xA5C1, 0x9DA1, 0x9D82, 0x9562, 0x8D02, 0xA587, 0xCEAE, 0xA58D, 0xF81F,
  0xF81F, 0xF81F, 0xBE83, 0xBE62, 0xB662, 0xB662, 0xBE62, 0xB642, 0xB642, 0xAE22, 0xAE02, 0xBE49, 0xDF14, 0xDF14, 0xDF14, 0xC64D,
  0x9D62, 0xA5A2, 0xA5A1, 0xA5A1, 0x9D81, 0xA5A1, 0x9DA2, 0x9DA1, 0x9D61, 0x9542, 0x9522, 0x8CE2, 0xADA9, 0xBE4C, 0xF81F, 0xF81F,
  0xF81F, 0xF81F, 0xB609, 0xBE83, 0xB622, 0xB642, 0xB642, 0xAE02, 0xAE02, 0xAE02, 0xA5C2, 0xA5E4, 0xCEB1, 0xD6F3, 0xD6F3, 0xCE91,
  0x9543, 0x9D81, 0x9DA2, 0x9D82, 0x9D81, 0x9D81, 0x9D61, 0x9D81, 0x9561, 0x9522, 0x9522, 0x8D03, 0xBE6C, 0xB5F0, 0xF81F, 0xF81F,
  0xF81F, 0xF81F, 0xF81F, 0xA5E3, 0xAE02, 0xAE22, 0xAE22, 0xAE02, 0xAE02, 0xAE02, 0xA5C2, 0x9D83, 0xBE2D, 0xD6B2, 0xD6B2, 0xCEB2,
  0x9D45, 0x9541, 0x9D82, 0x9D62, 0x9541, 0x9541, 0x9541, 0x9541, 0x9522, 0x9522, 0x8D23, 0x9D66, 0xB60F, 0xF81F, 0xF81F, 0xF81F,
  0xF81F, 0xF81F, 0xF81F, 0xBE31, 0xB642, 0xADE3, 0xA5C2, 0xA5C2, 0xA5C2, 0x9DA2, 0x9563, 0x8D22, 0xADEB, 0xCE91, 0xCE91, 0xCEB1,
  0x9D66, 0x8D01, 0x9542, 0x9542, 0x9521, 0x9521, 0x8D22, 0x8D22, 0x8D22, 0x9523, 0x9D65, 0x9D69, 0xF81F, 0xF81F, 0xF81F, 0xF81F,
  0xF81F, 0xF81F, 0xF81F, 0xF81F, 0xB5ED, 0xAE23, 0xA5A3, 0x9DA2, 0xA5A2, 0x9D82, 0x9563, 0x8D22, 0xA5A9, 0xC650, 0xC670, 0xC670,
  0x9525, 0x84E1, 0x9522, 0x8D01, 0x8D01, 0x8D02, 0x8D02, 0x8D03, 0x9523, 0x9545, 0xADE8, 0xC654, 0xF81F, 0xF81F, 0xF81F, 0xF81F,
  0xF81F, 0xF81F, 0xF81F, 0xF81F, 0xF81F, 0xADED, 0xAE03, 0x9D83, 0x9D83, 0x9D63, 0x9563, 0x8D22, 0xA589, 0xC62F, 0xC62F, 0xBE2E,
  0x8CE3, 0x84C2, 0x8CE2, 0x8D02, 0x8D02, 0x8D02, 0x8D23, 0x9524, 0x9D66, 0xAE08, 0xBE11, 0xF81F, 0xF81F, 0xF81F, 0xF81F, 0xF81F,
  0xF81F, 0xF81F, 0xF81F, 0xF81F, 0xF81F, 0xF81F, 0xBE30, 0xA5A4, 0xA5C4, 0x9D64, 0x9544, 0x8D24, 0xADAB, 0xC62F, 0xC62F, 0xB5CB,
  0x84C2, 0x84E2, 0x8CE2, 0x8D03, 0x8D03, 0x9524, 0x9545, 0xA5C7, 0xA5A8, 0xC653, 0xF81F, 0xF81F, 0xF81F, 0xF81F, 0xF81F, 0xF81F,
  0xF81F, 0xF81F, 0xF81F, 0xF81F, 0xF81F, 0xF81F, 0xF81F, 0xF81F, 0xADCA, 0xA5A6, 0xA5C6, 0xADE8, 0xC64E, 0xC62F, 0xC62F, 0x9526,
  0x84C3, 0x8D04, 0x9524, 0x9524, 0x9D65, 0xA5C7, 0xADC8, 0xADED, 0xF81F, 0xF81F, 0xF81F, 0xF81F, 0xF81F, 0xF81F, 0xF81F, 0xF81F,
  0xF81F, 0xF81F, 0xF81F, 0xF81F, 0xF81F, 0xF81F, 0xF81F, 0xF81F, 0xF81F, 0xF81F, 0xC653, 0xC633, 0xC631, 0xC64E, 0xADC9, 0x9545,
  0x9D66, 0x9D87, 0xA5A7, 0xA5C8, 0xA589, 0xB5EF, 0xD6B8, 0xF81F, 0xF81F, 0xF81F, 0xF81F, 0xF81F, 0xF81F, 0xF81F, 0xF81F, 0xF81F,
  0xF81F, 0xF81F, 0xF81F, 0xF81F, 0xF81F, 0xF81F, 0xF81F, 0xF81F, 0xF81F, 0xF81F, 0xF81F, 0xF81F, 0xF81F, 0xC675, 0xADAD, 0xA58B,
  0xA58B, 0xADAD, 0xB610, 0xC675, 0xF81F, 0xF81F, 0xF81F, 0xF81F, 0xF81F, 0xF81F, 0xF81F, 0xF81F, 0xF81F, 0xF81F, 0xF81F, 0xF81F,
};

const uint16_t icon_gymnastics[1024] PROGMEM = {
  0xF81F, 0xF81F, 0xF81F, 0xF81F, 0xF81F, 0xF81F, 0xF81F, 0xF81F, 0xF81F, 0xF81F, 0xF81F, 0xF81F, 0xF81F, 0xF81F, 0xF81F, 0xF81F,
  0xF81F, 0xF81F, 0xF81F, 0xF81F, 0xF81F, 0xF81F, 0xF81F, 0xF81F, 0xF81F, 0xF81F, 0xF81F, 0xFECC, 0xE630, 0xF81F, 0xF81F, 0xF81F,
  0xF81F, 0xF81F, 0xF81F, 0xF81F, 0xF81F, 0xF81F, 0xF81F, 0xF81F, 0xF81F, 0xF81F, 0xF81F, 0xF81F, 0xF81F, 0xF81F, 0xF81F, 0xF81F,
  0xF81F, 0xF81F, 0xF81F, 0xF81F, 0xF81F, 0xF81F, 0xF81F, 0xF81F, 0xF81F, 0xF81F, 0xFF12, 0xE503, 0xAB40, 0xCD06, 0xF81F, 0xF81F,
  0xF81F, 0xF81F, 0xF81F, 0xF81F, 0xF81F, 0xF81F, 0xF81F, 0xF81F, 0xF81F, 0xF81F, 0xF81F, 0xF81F, 0xF81F, 0xF81F, 0xF81F, 0xF81F,
  0xF81F, 0xF81F, 0xF81F, 0xF81F, 0xF81F, 0xF81F, 0xF81F, 0xF81F, 0xF81F, 0xFF52, 0xDD66, 0xC552, 0xF81F, 0xC572, 0xC571, 0xF81F,
  0xF81F, 0xF81F, 0xF81F, 0xF81F, 0xF81F, 0xF81F, 0xF81F, 0xF81F, 0xF81F, 0xF81F, 0xF81F, 0xF81F, 0xF81F, 0xF81F, 0xF81F, 0xF81F,
  0xF81F, 0xF81F, 0xF81F, 0xF81F, 0xF81F, 0xF81F, 0xF81F, 0xE71A, 0xFF71, 0xEDC5, 0xF81F, 0xF81F, 0xF81F, 0xF81F, 0xF81F, 0xF81F,
  0xF81F, 0xF81F, 0xF81F, 0xF81F, 0xF81F, 0xF81F, 0xF81F, 0xF81F, 0xF81F, 0xF81F, 0xF81F, 0xF81F, 0xF81F, 0xF81F, 0xF81F, 0xF81F,
  0xF81F, 0xF81F, 0xF81F, 0xF81F, 0xF81F, 0xF81F, 0xF81F, 0xFF4F, 0xEDA4, 0xCDB2, 0xF81F, 0xF81F, 0xF81F, 0xF81F, 0xF81F, 0xF81F,
  0xF81F, 0xF81F, 0xF81F, 0xF81F, 0xF81F, 0xF81F, 0xF81F, 0xF81F, 0xF81F, 0xF81F, 0xF81F, 0xF81F, 0xF81F, 0xF81F, 0xF81F, 0xF81F,
  0xF81F, 0xF81F, 0xF81F, 0xF81F, 0xF81F, 0xF81F, 0xFF0F, 0xE503, 0xBCF0, 0xF81F, 0xF81F, 0xF81F, 0xF81F, 0xF81F, 0xF81F, 0xF81F,
  0xF81F, 0xF81F, 0xF81F, 0xF81F, 0xF81F, 0xF81F, 0xF81F, 0xF81F, 0xF81F, 0xF81F, 0xF81F, 0xF81F, 0xF81F, 0xF81F, 0xF81F, 0xF81F,
  0xF81F, 0xF81F, 0xF81F, 0xF81F, 0xEF17, 0xFEED, 0xF5A3, 0xB4CF, 0xF81F, 0xF81F, 0xF81F, 0xF81F, 0xF81F, 0xF81F, 0xF81F, 0xF81F,
  0xF81F, 0xF81F, 0xF81F, 0xF81F, 0xF81F, 0xF81F, 0xF81F, 0xF81F, 0xF81F, 0xF81F, 0xF81F, 0xF81F, 0xF81F, 0xF81F, 0xF81F, 0xF81F,
  0xF81F, 0xF81F, 0xE71D, 0xE6F8, 0xFF0B, 0xFE03, 0xC4CB, 0xF81F, 0xF81F, 0xF81F, 0xF81F, 0xF81F, 0xF81F, 0xF81F, 0xF81F, 0xF81F,
  0xF81F, 0xF81F, 0xF81F, 0xF81F, 0xF81F, 0xF81F, 0xF81F, 0xF81F, 0xF81F, 0xF81F, 0xF81F, 0xF81F, 0xF81F, 0xF81F, 0xF81F, 0xF81F,
  0xE71D, 0xE73D, 0xEF7D, 0xCE9B, 0xEE72, 0xC422, 0xF81F, 0xF81F, 0xF81F, 0xF81F, 0xF81F, 0xF81F, 0xF81F, 0xF81F, 0xF81F, 0xF81F,
  0xF81F, 0xF81F, 0xF81F, 0xF81F, 0xF81F, 0xF81F, 0xF81F, 0xF81F, 0xF81F, 0xF81F, 0xF81F, 0xF81F, 0xF81F, 0xE71C, 0xE71C, 0xDEFB,
  0xF79E, 0xE73C, 0xC638, 0xAD75, 0xCE59, 0xC5B5, 0xF81F, 0xF81F, 0xF81F, 0xF81F, 0xF81F, 0xF81F, 0xF81F, 0xF81F, 0xF81F, 0xF81F,
  0xF81F, 0xF81F, 0xF81F, 0xF81F, 0xF81F, 0xF81F, 0xF81F, 0xF81F, 0xF81F, 0xF81F, 0xEF39, 0xE6F9, 0xDF1C, 0xF79E, 0xEF5D, 0xDEDB,
  0xD69A, 0xC618, 0xAD55, 0xA514, 0xA535, 0xF81F, 0xF81F, 0xF81F, 0xF81F, 0xF81F, 0xF81F, 0xF81F, 0xF81F, 0xF81F, 0xF81F, 0xF81F,
  0xF81F, 0xF81F, 0xF81F, 0xF81F, 0xF739, 0xF735, 0xFEF0, 0xFEAD, 0xFECE, 0xFEEE, 0xFF2A, 0xFF56, 0xC65A, 0xC5F7, 0xBDD7, 0xAD55,
  0x9CF3, 0x8C71, 0x8430, 0x52AA, 0xF81F, 0xF81F, 0xF81F, 0xF81F, 0xF81F, 0xF81F, 0xF81F, 0xF81F, 0xF81F, 0xF81F, 0xF81F, 0xF81F,
  0xE6B6, 0xF669, 0xEDC7, 0xF5E8, 0xFE48, 0xFE06, 0xED44, 0xDCC2, 0xDD03, 0xCCA3, 0xBBC0, 0xBCAB, 0xB5D8, 0x8410, 0x7BEF, 0x73AE,
  0x6B6D, 0x6B4D, 0x5AEB, 0x5AEC, 0xF81F, 0xF81F, 0xF81F, 0xF81F, 0xF81F, 0xF81F, 0xF81F, 0xF81F, 0xF81F, 0xF81F, 0xF81F, 0xF81F,
  0xDDCC, 0xAB20, 0xB48D, 0xF81F, 0xF81F, 0xF81F, 0xF81F, 0xF81F, 0xF81F, 0xF81F, 0xF81F, 0xF81F, 0xC639, 0x9CF4, 0x39E7, 0x52AA,
  0x632C, 0x6B4D, 0x52AA, 0x8410, 0xF81F, 0xF81F, 0xF81F, 0xF81F, 0xF81F, 0xF81F, 0xF81F, 0xF81F, 0xF81F, 0xF81F, 0xF81F, 0xF81F,
  0xCCA4, 0xBD33, 0xF81F, 0xF81F, 0xF81F, 0xF81F, 0xF81F, 0xF81F, 0xF81F, 0xF81F, 0xF81F, 0xF81F, 0xF81F, 0xF81F, 0xF81F, 0x5AEB,
  0x8410, 0x8430, 0x7BEF, 0x73AF, 0xF81F, 0xF81F, 0xF81F, 0xF81F, 0xF81F, 0xF81F, 0xF81F, 0xF81F, 0xF81F, 0xF81F, 0xF81F, 0xF81F,
  0xBD51, 0xF81F, 0xF81F, 0xF81F, 0xF81F, 0xF81F, 0xF81F, 0xF81F, 0xF81F, 0xF81F, 0xF81F, 0xF81F, 0xF81F, 0xF81F, 0xF81F, 0x6B6D,
  0xAD55, 0xA514, 0xA514, 0x7BCF, 0xF81F, 0xF81F, 0xF81F, 0xF81F, 0xF81F, 0xF81F, 0xF81F, 0xF81F, 0xF81F, 0xF81F, 0xF81F, 0xF81F,
  0xF81F, 0xF81F, 0xF81F, 0xF81F, 0xF81F, 0xF81F, 0xF81F, 0xF81F, 0xF81F, 0xF81F, 0xF81F, 0xF81F, 0xF81F, 0xF81F, 0xF81F, 0xB596,
  0xB5B6, 0xB595, 0xAD54, 0xDEFB, 0xDEFC, 0xF81F, 0xF81F, 0xF81F, 0xF81F, 0xF81F, 0xF81F, 0xF81F, 0xF81F, 0xF81F, 0xF81F, 0xF81F,
  0xF81F, 0xF81F, 0xF81F, 0xF81F, 0xF81F, 0xF81F, 0xF81F, 0xF81F, 0xF81F, 0xF81F, 0xF81F, 0xF81F, 0xF81F, 0xF81F, 0xF81F, 0xF7BE,
  0xDEDA, 0xA514, 0xB596, 0xEF3C, 0xCE9A, 0xF81F, 0xF81F, 0xF81F, 0xF81F, 0xF81F, 0xF81F, 0xF81F, 0xF81F, 0xF81F, 0xF81F, 0xF81F,
  0xF81F, 0xF81F, 0xF81F, 0xF81F, 0xF81F, 0xF81F, 0xF81F, 0xF81F, 0xF81F, 0xF81F, 0xF81F, 0xF81F, 0xF81F, 0xF81F, 0xF81F, 0xE75E,
  0xEF7E, 0xA4F2, 0xAD12, 0xCE9B, 0xD635, 0xF81F, 0xF81F, 0xF81F, 0xF81F, 0xF81F, 0xF81F, 0xF81F, 0xF81F, 0xF81F, 0xF81F, 0xF81F,
  0xF81F, 0xF81F, 0xF81F, 0xF81F, 0xF81F, 0xF81F, 0xF81F, 0xF81F, 0xF81F, 0xF81F, 0xF81F, 0xF81F, 0xF81F, 0xF81F, 0xF81F, 0xEEB2,
  0xCE5A, 0xCD08, 0xDD24, 0xBD94, 0xFE88, 0xEEB2, 0xF81F, 0xF81F, 0xF81F, 0xF81F, 0xF81F, 0xF81F, 0xF81F, 0xF81F, 0xF81F, 0xF81F,
  0xF81F, 0xF81F, 0xF81F, 0xF81F, 0xF81F, 0xF81F, 0xF81F, 0xF81F, 0xF81F, 0xF81F, 0xF81F, 0xF81F, 0xF81F, 0xF81F, 0xF81F, 0xFE44,
  0xDDA9, 0xFE67, 0xFEA7, 0xEDE5, 0xF583, 0xDE31, 0xF81F, 0xF81F, 0xF81F, 0xF81F, 0xF81F, 0xF81F, 0xF81F, 0xF81F, 0xF81F, 0xF81F,
  0xF81F, 0xF81F, 0xF81F, 0xF81F, 0xF81F, 0xF81F, 0xF81F, 0xF81F, 0xF81F, 0xF81F, 0xF81F, 0xF81F, 0xF81F, 0xF81F, 0xF81F, 0xD4E3,
  0xED83, 0xFE66, 0xFE04, 0xF5C4, 0xD4A2, 0xD613, 0xF81F, 0xF81F, 0xF81F, 0xF81F, 0xF81F, 0xF81F, 0xF81F, 0xF81F, 0xF81F, 0xF81F,
  0xF81F, 0xF81F, 0xF81F, 0xF81F, 0xF81F, 0xF81F, 0xF81F, 0xF81F, 0xF81F, 0xF81F, 0xF81F, 0xF81F, 0xF81F, 0xF81F, 0xF81F, 0xD506,
  0xE523, 0xED83, 0xDD02, 0xD4A2, 0xD461, 0xDE32, 0xF81F, 0xF81F, 0xF81F, 0xF81F, 0xF81F, 0xF81F, 0xF81F, 0xF81F, 0xF81F, 0xF81F,
  0xF81F, 0xF81F, 0xF81F, 0xF81F, 0xF81F, 0xF81F, 0xF81F, 0xF81F, 0xF81F, 0xF81F, 0xF81F, 0xF81F, 0xF81F, 0xF81F, 0xF81F, 0xE5CA,
  0xCC21, 0xBBC1, 0xBBC1, 0xAB41, 0xBBE2, 0xDE0F, 0xF81F, 0xF81F, 0xF81F, 0xF81F, 0xF81F, 0xF81F, 0xF81F, 0xF81F, 0xF81F, 0xF81F,
  0xF81F, 0xF81F, 0xF81F, 0xF81F, 0xF81F, 0xF81F, 0xF81F, 0xF81F, 0xF81F, 0xF81F, 0xF81F, 0xF81F, 0xF81F, 0xF81F, 0xF81F, 0xE60D,
  0xC4C8, 0xA3A7, 0xA341, 0xCDB4, 0xCD09, 0xDDAA, 0xF81F, 0xF81F, 0xF81F, 0xF81F, 0xF81F, 0xF81F, 0xF81F, 0xF81F, 0xF81F, 0xF81F,
  0xF81F, 0xF81F, 0xF81F, 0xF81F, 0xF81F, 0xF81F, 0xF81F, 0xF81F, 0xF81F, 0xF81F, 0xF81F, 0xF81F, 0xF81F, 0xF81F, 0xF81F, 0xEE4D,
  0xDDAA, 0xF81F, 0xF81F, 0xF81F, 0xDDAC, 0xE587, 0xF81F, 0xF81F, 0xF81F, 0xF81F, 0xF81F, 0xF81F, 0xF81F, 0xF81F, 0xF81F, 0xF81F,
  0xF81F, 0xF81F, 0xF81F, 0xF81F, 0xF81F, 0xF81F, 0xF81F, 0xF81F, 0xF81F, 0xF81F, 0xF81F, 0xF81F, 0xF81F, 0xF81F, 0xF81F, 0xEE6E,
  0xDD46, 0xF81F, 0xF81F, 0xF81F, 0xE60F, 0xE565, 0xF81F, 0xF81F, 0xF81F, 0xF81F, 0xF81F, 0xF81F, 0xF81F, 0xF81F, 0xF81F, 0xF81F,
  0xF81F, 0xF81F, 0xF81F, 0xF81F, 0xF81F, 0xF81F, 0xF81F, 0xF81F, 0xF81F, 0xF81F, 0xF81F, 0xF81F, 0xF81F, 0xF81F, 0xF81F, 0xEE6F,
  0xE587, 0xF81F, 0xF81F, 0xF81F, 0xE650, 0xE5A7, 0xF81F, 0xF81F, 0xF81F, 0xF81F, 0xF81F, 0xF81F, 0xF81F, 0xF81F, 0xF81F, 0xF81F,
  0xF81F, 0xF81F, 0xF81F, 0xF81F, 0xF81F, 0xF81F, 0xF81F, 0xF81F, 0xF81F, 0xF81F, 0xF81F, 0xF81F, 0xF81F, 0xF81F, 0xF81F, 0xEED5,
  0xD547, 0xF81F, 0xF81F, 0xF81F, 0xEE71, 0xE5CB, 0xF81F, 0xF81F, 0xF81F, 0xF81F, 0xF81F, 0xF81F, 0xF81F, 0xF81F, 0xF81F, 0xF81F,
  0xF81F, 0xF81F, 0xF81F, 0xF81F, 0xF81F, 0xF81F, 0xF81F, 0xF81F, 0xF81F, 0xF81F, 0xF81F, 0xF81F, 0xF81F, 0xF81F, 0xF81F, 0xF81F,
  0xE5C9, 0xF81F, 0xF81F, 0xF81F, 0xEEB3, 0xEE4E, 0xF81F, 0xF81F, 0xF81F, 0xF81F, 0xF81F, 0xF81F, 0xF81F, 0xF81F, 0xF81F, 0xF81F,
  0xF81F, 0xF81F, 0xF81F, 0xF81F, 0xF81F, 0xF81F, 0xF81F, 0xF81F, 0xF81F, 0xF81F, 0xF81F, 0xF81F, 0xF81F, 0xF81F, 0xEED5, 0xF6AE,
  0xEE09, 0xF81F, 0xF81F, 0xF81F, 0xE672, 0xF6CB, 0xEEB1, 0xF81F, 0xF81F, 0xF81F, 0xF81F, 0xF81F, 0xF81F, 0xF81F, 0xF81F, 0xF81F,
  0xF81F, 0xF81F, 0xF81F, 0xF81F, 0xF81F, 0xF81F, 0xF81F, 0xF81F, 0xF81F, 0xF81F, 0xF81F, 0xF81F, 0xF81F, 0xF81F, 0xDDCC, 0xDE31,
  0xF81F, 0xF81F, 0xF81F, 0xF81F, 0xF81F, 0xF81F, 0xE60D, 0xDE32, 0xF81F, 0xF81F, 0xF81F, 0xF81F, 0xF81F, 0xF81F, 0xF81F, 0xF81F,
};

const uint16_t icon_dance[1024] PROGMEM = {
  0xF81F, 0xF81F, 0xF81F, 0xF81F, 0xF81F, 0xF81F, 0xF81F, 0xF81F, 0xF81F, 0xF81F, 0xF81F, 0xF81F, 0xF81F, 0xEE6C, 0xF68B, 0xEE6A,
  0xF81F, 0xF81F, 0xF81F, 0xF81F, 0xF81F, 0xF81F, 0xF81F, 0xF81F, 0xF81F, 0xF81F, 0xF81F, 0xF81F, 0xF81F, 0xF81F, 0xF81F, 0xF81F,
  0xF81F, 0xF81F, 0xF81F, 0xF81F, 0xF81F, 0xF81F, 0xF81F, 0xF81F, 0xF81F, 0xF81F, 0xF81F, 0xF81F, 0xE5C9, 0xFF2C, 0xFEAA, 0xFEE7,
  0xF602, 0xDE54, 0xF81F, 0xF81F, 0xF81F, 0xF81F, 0xF81F, 0xF81F, 0xF81F, 0xF81F, 0xF81F, 0xF81F, 0xF81F, 0xF81F, 0xF81F, 0xF81F,
  0xF81F, 0xF81F, 0xF81F, 0xF81F, 0xF81F, 0xF81F, 0xF81F, 0xF81F, 0xF81F, 0xF81F, 0xF81F, 0xF81F, 0xFE26, 0xFE66, 0xFE42, 0xF5C1,
  0xED80, 0xD5D0, 0xF81F, 0xF81F, 0xDE4F, 0xE62D, 0xF81F, 0xF81F, 0xF81F, 0xF81F, 0xF81F, 0xF81F, 0xF81F, 0xF81F, 0xF81F, 0xF81F,
  0xF81F, 0xF81F, 0xF81F, 0xF81F, 0xF81F, 0xF81F, 0xF81F, 0xF81F, 0xF81F, 0xF81F, 0xF81F, 0xD5AF, 0xFE04, 0xEDA2, 0xD4E1, 0xBC00,
  0xB445, 0xC5B3, 0xF81F, 0xF81F, 0xE5C6, 0xE62B, 0xF81F, 0xF81F, 0xF81F, 0xF81F, 0xF81F, 0xF81F, 0xF81F, 0xF81F, 0xF81F, 0xF81F,
  0xF81F, 0xF81F, 0xF81F, 0xF81F, 0xF81F, 0xF81F, 0xF81F, 0xD5F3, 0xEE0B, 0xF81F, 0xDE75, 0xE5A6, 0xFE85, 0xF604, 0xB3E1, 0xC484,
  0xFEC9, 0xD5CE, 0xF81F, 0xF81F, 0xE64C, 0xEEAB, 0xF81F, 0xF81F, 0xF81F, 0xF81F, 0xF81F, 0xF81F, 0xF81F, 0xF81F, 0xF81F, 0xF81F,
  0xF81F, 0xF81F, 0xF81F, 0xF81F, 0xF81F, 0xF81F, 0xF81F, 0xBC69, 0xF5C6, 0xEDA5, 0xE543, 0xF5E4, 0xCCA3, 0x92E0, 0x9AC0, 0xEDA7,
  0xF606, 0xD5F4, 0xF81F, 0xF81F, 0xF81F, 0xE5E7, 0xF81F, 0xF81F, 0xF81F, 0xF81F, 0xF81F, 0xF81F, 0xF81F, 0xF81F, 0xF81F, 0xF81F,
  0xF81F, 0xF81F, 0xF81F, 0xF81F, 0xF81F, 0xF81F, 0xF81F, 0xBCEE, 0xBBC1, 0xC401, 0x9B01, 0x79C0, 0x6120, 0x8AC0, 0xED64, 0xA301,
  0xA385, 0xF81F, 0xF81F, 0xF81F, 0xEEB5, 0xE5CA, 0xF81F, 0xF81F, 0xF81F, 0xF81F, 0xF81F, 0xF81F, 0xF81F, 0xF81F, 0xF81F, 0xF81F,
  0xF81F, 0xF81F, 0xF81F, 0xF81F, 0xF81F, 0xF81F, 0xF81F, 0xC4C7, 0xB3A2, 0x9AE0, 0x8A40, 0xC486, 0xC4A7, 0xB2A4, 0xFEEA, 0xBB22,
  0xB2C4, 0xEED3, 0xF81F, 0xF81F, 0xEE29, 0xE60F, 0xF81F, 0xF81F, 0xF81F, 0xF81F, 0xF81F, 0xF81F, 0xF81F, 0xF81F, 0xF81F, 0xF81F,
  0xF81F, 0xF81F, 0xF81F, 0xF81F, 0xF81F, 0xF81F, 0xF81F, 0xCD2C, 0xD441, 0xA300, 0xEDE9, 0xFF6D, 0xFFD0, 0xC1C7, 0xD285, 0xFEE6,
  0xC1E3, 0xFDE4, 0xF628, 0xEE8F, 0xFE25, 0xF81F, 0xF81F, 0xF81F, 0xF81F, 0xF81F, 0xF81F, 0xF81F, 0xF81F, 0xF81F, 0xF81F, 0xF81F,
  0xF81F, 0xF81F, 0xF81F, 0xF81F, 0xF81F, 0xF81F, 0xF81F, 0xF81F, 0xC4CA, 0xFEAA, 0xFE68, 0xCC21, 0xF645, 0xDAC6, 0xD804, 0xEAE5,
  0xD905, 0xC2E8, 0xCD26, 0xF5A4, 0xD528, 0xF81F, 0xF81F, 0xF81F, 0xF81F, 0xF81F, 0xF81F, 0xF81F, 0xF81F, 0xF81F, 0xF81F, 0xF81F,
  0xF81F, 0xF81F, 0xF81F, 0xF81F, 0xF81F, 0xF81F, 0xF81F, 0xF81F, 0xFF0D, 0xE5A7, 0xBCAB, 0xA3EC, 0xABE4, 0xC163, 0xD805, 0xE005,
  0xF005, 0xD330, 0xF81F, 0xF81F, 0xF81F, 0xF81F, 0xF81F, 0xF81F, 0xF81F, 0xF81F, 0xF81F, 0xF81F, 0xF81F, 0xF81F, 0xF81F, 0xF81F,
  0xF81F, 0xF81F, 0xF81F, 0xF81F, 0xF81F, 0xF81F, 0xF81F, 0xE62D, 0xFE67, 0xF81F, 0xF81F, 0xF81F, 0xF81F, 0x8001, 0xA003, 0xA023,
  0xA803, 0xD4D4, 0xF81F, 0xF81F, 0xF81F, 0xF81F, 0xF81F, 0xF81F, 0xF81F, 0xF81F, 0xBBF0, 0xF81F, 0xF81F, 0xF81F, 0xF81F, 0xF81F,
  0xF81F, 0xF81F, 0xF81F, 0xF81F, 0xF81F, 0xF81F, 0xF81F, 0xE673, 0xF626, 0xF81F, 0xF81F, 0xF81F, 0xF81F, 0x8906, 0xB803, 0xB003,
  0xB003, 0xF81F, 0xF81F, 0xF81F, 0xF81F, 0xF81F, 0xF81F, 0xF81F, 0xF81F, 0xF81F, 0xA022, 0x8001, 0xB3F0, 0xF81F, 0xF81F, 0xF81F,
  0xF81F, 0xF81F, 0xF81F, 0xF81F, 0xF81F, 0xF81F, 0xF81F, 0xF81F, 0xEE07, 0xF81F, 0xF81F, 0xF81F, 0xF81F, 0x88C5, 0xB803, 0xB024,
  0xB003, 0xD515, 0xF81F, 0xF81F, 0xF81F, 0xF81F, 0xF81F, 0xF81F, 0xF81F, 0x70E4, 0x8021, 0x7801, 0x8821, 0xF81F, 0xF81F, 0xF81F,
  0xF81F, 0xF81F, 0xF81F, 0xF81F, 0xF81F, 0xF81F, 0xF81F, 0xF81F, 0xEDE7, 0xF81F, 0xF81F, 0xF81F, 0xB3F1, 0x8802, 0x9002, 0x9803,
  0x9002, 0x9AEC, 0xF81F, 0xF81F, 0xF81F, 0xB431, 0x3904, 0x2862, 0x2000, 0x5000, 0x6801, 0x8021, 0x4801, 0x69A7, 0xF81F, 0xF81F,
  0xF81F, 0xF81F, 0xF81F, 0xF81F, 0xF81F, 0xF81F, 0xF81F, 0xE5EB, 0xD527, 0xF81F, 0xF81F, 0xF81F, 0x99A8, 0x9002, 0x5801, 0x6001,
  0x8002, 0x8063, 0xF81F, 0xD3D1, 0xB105, 0x5801, 0x1800, 0x2000, 0x3000, 0x5000, 0x6001, 0x3800, 0x2800, 0x5000, 0x8B0D, 0xF81F,
  0xF81F, 0xF81F, 0xF81F, 0xF81F, 0xF81F, 0xF81F, 0xA3A4, 0xB3E6, 0xF81F, 0xF81F, 0xF81F, 0xF81F, 0x9063, 0x9002, 0xA803, 0x8802,
  0xA022, 0xB003, 0xA802, 0x9802, 0x8801, 0x4001, 0x1800, 0x3000, 0x4000, 0x3800, 0x2000, 0x2000, 0x4000, 0x50C3, 0xF81F, 0xF81F,
  0xF81F, 0xF81F, 0xF81F, 0xF81F, 0xF81F, 0xF81F, 0xF81F, 0xF81F, 0xF81F, 0xF81F, 0xF81F, 0xC38F, 0xB003, 0x8022, 0xC043, 0xC823,
  0xC823, 0xD864, 0xD864, 0xD044, 0xC823, 0x4001, 0x2000, 0x2800, 0x2000, 0x2000, 0x2800, 0x3000, 0x2800, 0x2021, 0xF81F, 0xF81F,
  0xF81F, 0xF81F, 0xF81F, 0x8042, 0x99A7, 0xBC73, 0xF81F, 0xF81F, 0xC515, 0xC3D0, 0xC1C9, 0xB022, 0xB023, 0xA002, 0x9022, 0xF065,
  0xD044, 0xC823, 0xC823, 0xC8A3, 0x90C1, 0x1000, 0x2000, 0x2000, 0x2000, 0x2000, 0x2000, 0x2000, 0x2000, 0x4104, 0xF81F, 0xF81F,
  0xF81F, 0xF81F, 0xD9A8, 0xC023, 0x9822, 0x9822, 0x9822, 0xA822, 0xC023, 0xD043, 0xC823, 0xA822, 0xC843, 0xB023, 0x9822, 0x8822,
  0xD043, 0xC0A2, 0x91E0, 0x9AE0, 0xABA0, 0x61A0, 0x1800, 0x2000, 0x2000, 0x2800, 0x2800, 0x3000, 0x7AEC, 0xF81F, 0xF81F, 0xF81F,
  0xF81F, 0xBA2A, 0xE044, 0xE884, 0xE884, 0xD864, 0xC843, 0xC843, 0xB843, 0xC043, 0x9022, 0xC843, 0xD043, 0xA002, 0xE864, 0x9002,
  0x8081, 0x7A00, 0x5920, 0x8220, 0xBBC1, 0xBBE1, 0x3800, 0x3800, 0x2800, 0x1800, 0x1801, 0x1800, 0xF81F, 0xF81F, 0xF81F, 0xF81F,
  0xF81F, 0x90C4, 0xB022, 0xB022, 0xA822, 0xA822, 0xA822, 0x9002, 0xB843, 0xA022, 0xA022, 0x7021, 0x5001, 0x5001, 0xA042, 0xD083,
  0xB2C1, 0x61C0, 0x2000, 0x2800, 0xA320, 0xC462, 0x2000, 0x4000, 0x5000, 0x4800, 0x3800, 0x2800, 0xF81F, 0xF81F, 0xF81F, 0xF81F,
  0xF81F, 0xF81F, 0x8042, 0x5125, 0xA9E9, 0xA022, 0x8822, 0xA022, 0xD843, 0x9002, 0xC843, 0x4000, 0x2000, 0x2000, 0x0800, 0x71A0,
  0xC3E0, 0x5120, 0x2800, 0x3840, 0xBC01, 0xD4C2, 0x3000, 0x2000, 0x3800, 0x4800, 0x58A3, 0x82CC, 0xF81F, 0xF81F, 0xF81F, 0xF81F,
  0xF81F, 0xF81F, 0xF81F, 0xF81F, 0xF81F, 0x9167, 0xC823, 0x8862, 0xB8C4, 0x8001, 0x9822, 0x4000, 0x2000, 0x48E0, 0x8A80, 0xB380,
  0xBBC0, 0x3880, 0x2800, 0x3820, 0xC421, 0xDD43, 0x4820, 0x3021, 0x2800, 0x61E8, 0xF81F, 0xF81F, 0xF81F, 0xF81F, 0xF81F, 0xF81F,
  0xF81F, 0xF81F, 0xF81F, 0xF81F, 0xF81F, 0xF81F, 0xF81F, 0xF81F, 0xF81F, 0x62AB, 0x1800, 0x1800, 0x69A0, 0xCC21, 0xE4C1, 0xB3A1,
  0x4900, 0x2000, 0x2800, 0x2800, 0xAB61, 0xEE24, 0x4880, 0x4800, 0x30C3, 0xF81F, 0xF81F, 0xF81F, 0xF81F, 0xF81F, 0xF81F, 0xF81F,
  0xF81F, 0xF81F, 0xF81F, 0xF81F, 0xF81F, 0xF81F, 0xF81F, 0xF81F, 0xF81F, 0xF81F, 0x630D, 0x69A0, 0xE4A0, 0xC420, 0x61A0, 0x2000,
  0x2000, 0x2800, 0x2820, 0x2000, 0x8240, 0xFEE5, 0x6A45, 0x5945, 0xF81F, 0xF81F, 0xF81F, 0xF81F, 0xF81F, 0xF81F, 0xF81F, 0xF81F,
  0xF81F, 0xF81F, 0xF81F, 0xF81F, 0xF81F, 0xF81F, 0xF81F, 0xF81F, 0xF81F, 0xF81F, 0xE673, 0xE4E1, 0xDD88, 0xB554, 0x1841, 0x2800,
  0x2841, 0x30C3, 0x2800, 0x2000, 0x8328, 0xFF26, 0xE716, 0xF81F, 0xF81F, 0xF81F, 0xF81F, 0xF81F, 0xF81F, 0xF81F, 0xF81F, 0xF81F,
  0xF81F, 0xF81F, 0xF81F, 0xF81F, 0xF81F, 0xF81F, 0xF81F, 0xF81F, 0xF81F, 0xABF0, 0xCB81, 0xCC64, 0xF81F, 0xF81F, 0xF81F, 0x9452,
  0xF81F, 0xF81F, 0x9431, 0x9C93, 0xF81F, 0xFEE5, 0xF770, 0xF81F, 0xF81F, 0xF81F, 0xF81F, 0xF81F, 0xF81F, 0xF81F, 0xF81F, 0xF81F,
  0xF81F, 0xF81F, 0xF81F, 0xF81F, 0xF81F, 0xF81F, 0xF81F, 0xF81F, 0xF81F, 0x81E9, 0xA1A1, 0xCC02, 0xF81F, 0xF81F, 0xF81F, 0xF81F,
  0xF81F, 0xF81F, 0xF81F, 0xF81F, 0xA38F, 0xCB83, 0xE586, 0xF81F, 0xF81F, 0xF81F, 0xF81F, 0xF81F, 0xF81F, 0xF81F, 0xF81F, 0xF81F,
  0xF81F, 0xF81F, 0xF81F, 0xF81F, 0xF81F, 0xF81F, 0xF81F, 0xF81F, 0xF81F, 0xB472, 0xAC0F, 0xDD03, 0xD50B, 0xF81F, 0xF81F, 0xF81F,
  0xF81F, 0xF81F, 0xF81F, 0xF81F, 0x9B2D, 0x90C1, 0xFF07, 0xEF51, 0xF81F, 0xF81F, 0xF81F, 0xF81F, 0xF81F, 0xF81F, 0xF81F, 0xF81F,
  0xF81F, 0xF81F, 0xF81F, 0xF81F, 0xF81F, 0xF81F, 0xF81F, 0xF81F, 0xF81F, 0xF81F, 0xF81F, 0xF81F, 0xBAC4, 0xB346, 0xF81F, 0xF81F,
  0xF81F, 0xF81F, 0xF81F, 0xF81F, 0xF81F, 0xA3F0, 0xDE70, 0xFEA8, 0xC40B, 0xD614, 0xF81F, 0xF81F, 0xF81F, 0xF81F, 0xF81F, 0xF81F,
  0xF81F, 0xF81F, 0xF81F, 0xF81F, 0xF81F, 0xF81F, 0xF81F, 0xF81F, 0xF81F, 0xF81F, 0xF81F, 0xF81F, 0xF81F, 0xF81F, 0xF81F, 0xF81F,
  0xF81F, 0xF81F, 0xF81F, 0xF81F, 0xF81F, 0xF81F, 0xF81F, 0xCC2C, 0xCB27, 0xCD2F, 0xF81F, 0xF81F, 0xF81F, 0xF81F, 0xF81F, 0xF81F,
};

const uint16_t icon_art[1024] PROGMEM = {
  0xF81F, 0xF81F, 0xF81F, 0xF81F, 0xF81F, 0xF81F, 0xF81F, 0xF81F, 0xF81F, 0xF81F, 0xF81F, 0xF81F, 0xF81F, 0xF81F, 0xF81F, 0xF81F,
  0xF81F, 0xF81F, 0xF81F, 0xF81F, 0xF81F, 0xF81F, 0xF81F, 0xF81F, 0xF81F, 0xF81F, 0xF81F, 0xF81F, 0xF81F, 0xF81F, 0xF81F, 0xF81F,
  0xF81F, 0xF81F, 0xF81F, 0xF81F, 0xF81F, 0xF81F, 0xF81F, 0xF81F, 0xF81F, 0xF81F, 0xF81F, 0xF81F, 0xF81F, 0xF81F, 0xF81F, 0xF81F,
  0xF81F, 0xF81F, 0xF81F, 0xF81F, 0xF81F, 0xF81F, 0xF81F, 0xF81F, 0xF81F, 0xF81F, 0xF81F, 0xF81F, 0xF81F, 0xF81F, 0xF81F, 0xF81F,
  0xF81F, 0xF81F, 0xF81F, 0xF81F, 0xF81F, 0xDE13, 0xD54C, 0xCCC7, 0xC464, 0xBC22, 0xC402, 0xD485, 0xDD09, 0xD54D, 0xDE34, 0xF81F,
  0xF81F, 0xF81F, 0xF81F, 0xF81F, 0xF81F, 0xF81F, 0xF81F, 0xF81F, 0xF81F, 0xF81F, 0xF81F, 0xF81F, 0xF81F, 0xF81F, 0xF81F, 0xF81F,
  0xF81F, 0xF81F, 0xF81F, 0xD58F, 0xCC63, 0xD461, 0xDCC3, 0xD4A3, 0xCC82, 0xCC42, 0xBCA2, 0x7E87, 0x9709, 0xBE29, 0xD505, 0xDCC5,
  0xDD6C, 0xDE75, 0xF81F, 0xF81F, 0xF81F, 0xF81F, 0xF81F, 0xF81F, 0xF81F, 0xF81F, 0xF81F, 0xF81F, 0xF81F, 0xF81F, 0xF81F, 0xF81F,
  0xF81F, 0xF81F, 0xCCE8, 0xDC82, 0xCC00, 0xC3E0, 0xCC62, 0xD4A3, 0xCCA4, 0xD4A3, 0xB442, 0x25E2, 0x4F06, 0x6768, 0x3644, 0x7DE5,
  0xDD44, 0xE4E3, 0xDD27, 0xDE11, 0xF81F, 0xF81F, 0xF81F, 0xF81F, 0xF81F, 0xF81F, 0xF81F, 0xF81F, 0xF81F, 0xF81F, 0xF81F, 0xF81F,
  0xF81F, 0xCD4F, 0xDC81, 0xCC42, 0xBC23, 0xBC23, 0xD400, 0xCC61, 0xCC83, 0xD4A3, 0xC442, 0x2521, 0x2603, 0x6F07, 0x3E24, 0x1DE3,
  0x7666, 0xD4C3, 0xDCE4, 0xE524, 0xDD27, 0xE653, 0xF81F, 0xF81F, 0xF81F, 0xF81F, 0xF81F, 0xF81F, 0xF81F, 0xF81F, 0xF81F, 0xF81F,
  0xF81F, 0xBC04, 0xCC21, 0xAC26, 0x35FB, 0x3DDA, 0x84CE, 0xCC43, 0xDCA2, 0xD4A4, 0xC483, 0x1D41, 0x0DC1, 0x56A5, 0x7707, 0x5E86,
  0x5686, 0xC4E4, 0xDCE4, 0xDCE5, 0xDCE5, 0xE504, 0xDD6B, 0xF81F, 0xF81F, 0xF81F, 0xF81F, 0xF81F, 0xF81F, 0xF81F, 0xF81F, 0xF81F,
  0xC50F, 0xCC21, 0xBBE0, 0xAC05, 0x357B, 0x25FB, 0x1E3E, 0x45BA, 0xACC9, 0xE4C3, 0xD4C5, 0x9463, 0x2501, 0x15C2, 0x4EA5, 0x6767,
  0x8D85, 0xD464, 0xD4C4, 0xD4E5, 0xE628, 0xEE27, 0xE545, 0xDCE6, 0xDE56, 0xF81F, 0xF81F, 0xF81F, 0xF81F, 0xF81F, 0xF81F, 0xF81F,
  0xB409, 0xD461, 0xC421, 0xC3E1, 0x4D57, 0x261D, 0x2D99, 0x2519, 0x359B, 0x954F, 0xE4C3, 0xDCA4, 0xCC64, 0x84A3, 0x84A4, 0xA4E5,
  0xCC84, 0xD4A5, 0xD4C5, 0xCC84, 0xEE25, 0xFF89, 0xF6E8, 0xF667, 0xE545, 0xDE13, 0xF81F, 0xF81F, 0xF81F, 0xF81F, 0xF81F, 0xF81F,
  0xB3A6, 0xCC63, 0xD482, 0xBC24, 0x3D5B, 0x3DFD, 0x2D3A, 0x253A, 0x3DBD, 0x2E9F, 0x8D91, 0xDCC3, 0xD4C4, 0xE4C4, 0xDCA5, 0xDCA5,
  0xD4C5, 0xD4A4, 0xD4A4, 0xD4C5, 0xC464, 0xF6C7, 0xFF49, 0xF709, 0xFEC7, 0xED85, 0xDE13, 0xF81F, 0xF81F, 0xF81F, 0xF81F, 0xF81F,
  0xB3C8, 0xCC44, 0xCC84, 0xD483, 0x8C2B, 0x559D, 0x65FD, 0x3D7C, 0x259D, 0x2DFD, 0x2D1B, 0xBC87, 0xD4C4, 0xCCC5, 0xDD05, 0xD4E5,
  0xD4C5, 0xD4C5, 0xD4A5, 0xD4C6, 0xCCA5, 0xEE04, 0xFF46, 0xFF48, 0xFF07, 0xF626, 0xE507, 0xDE55, 0xF81F, 0xF81F, 0xF81F, 0xF81F,
  0xC4AE, 0xD485, 0xCC65, 0xCC85, 0xD484, 0x942C, 0x5CB8, 0x3CDA, 0x34DA, 0x2CDA, 0x5413, 0xC465, 0xDCE5, 0xD4E6, 0xD4C5, 0xDD06,
  0xDCE6, 0xD4C6, 0xD4C6, 0xDCE6, 0xD4C6, 0xCCA5, 0xD524, 0xE605, 0xEE25, 0xDD48, 0xE529, 0xE549, 0xF81F, 0xF81F, 0xF81F, 0xF81F,
  0xCD93, 0xD487, 0xD4A5, 0xCC86, 0xD4A6, 0xDCC5, 0xC466, 0x7BCB, 0x4391, 0x2BB4, 0xA406, 0xDCA4, 0xCCA5, 0xDCE6, 0xDD06, 0xDD07,
  0xDCE6, 0xD4C6, 0xD4A6, 0xDCE6, 0xE547, 0xE527, 0xD4C7, 0xCCA7, 0xD508, 0xDD29, 0xDD49, 0xED8A, 0xDD6C, 0xF81F, 0xF81F, 0xF81F,
  0xF81F, 0xBBE8, 0xD4C6, 0xD4A6, 0xCCA7, 0xD4C8, 0xDCE7, 0xE507, 0xCCA7, 0xBC67, 0xD4C7, 0xD4C6, 0xD4C6, 0xD4A5, 0xDD06, 0xDD27,
  0xD4E6, 0xD4E6, 0xDCE6, 0xDCE8, 0xABC7, 0xAB85, 0xD4E8, 0xE589, 0xDD49, 0xE569, 0xDD69, 0xDD4A, 0xEDAB, 0xDDD1, 0xF81F, 0xF81F,
  0xF81F, 0xC510, 0xD487, 0xD509, 0xD4C8, 0xD4C8, 0xD4E8, 0xD4E9, 0xDD08, 0xDD27, 0xDD06, 0xDD06, 0xD4E6, 0xD4E7, 0xD4C6, 0xDD07,
  0xD4E6, 0xD4C7, 0xE548, 0xBCAC, 0xA491, 0x72CA, 0x40C0, 0xB406, 0xEDAA, 0xE509, 0xE4E9, 0xDD4A, 0xDD4A, 0xE56A, 0xF81F, 0xF81F,
  0xF81F, 0xF81F, 0xB3A7, 0xDCE8, 0xDD2A, 0xDD09, 0xD509, 0xD509, 0xDD29, 0xCC6B, 0xC42D, 0xC44B, 0xCCA7, 0xDD27, 0xDD09, 0xDD08,
  0xD4E7, 0xD4E7, 0xED68, 0xE696, 0xF81F, 0xF81F, 0xF81F, 0x4102, 0xD548, 0xE348, 0xFAE9, 0xF4AC, 0xE56C, 0xEDAB, 0xD5AF, 0xF81F,
  0xF81F, 0xF81F, 0xCDD6, 0xBBE6, 0xE54A, 0xDD2A, 0xDD2A, 0xDD2A, 0xD529, 0xB2B8, 0x99F8, 0x91F7, 0x9AD4, 0xC448, 0xDD06, 0xD508,
  0xDD08, 0xDD08, 0xE548, 0xE5AC, 0xF81F, 0xF81F, 0xF81F, 0x9C92, 0xCCE7, 0xD4AA, 0xEA68, 0xFB27, 0xFC2C, 0xF632, 0xD54B, 0xF81F,
  0xF81F, 0xF81F, 0xF81F, 0xB48F, 0xC427, 0xE58B, 0xDD2A, 0xE56A, 0xDD4A, 0xAAF6, 0x9196, 0xA257, 0xA239, 0x81B6, 0x9ACE, 0xCCA6,
  0xDCE7, 0xDD28, 0xDD28, 0xE569, 0xDD6A, 0xDE13, 0xD635, 0xD58E, 0xE569, 0xDD8A, 0xE2E9, 0xFB0A, 0xFA66, 0xFBED, 0xF611, 0xDE55,
  0xF81F, 0xF81F, 0xF81F, 0xF81F, 0x9BAA, 0xC406, 0xE58B, 0xE569, 0xD50B, 0x9217, 0xAA78, 0xB2B9, 0xA218, 0x9197, 0x8919, 0xAA93,
  0xD507, 0xDD28, 0xE569, 0xE56A, 0xE569, 0xEDAA, 0xED8A, 0xED8A, 0xE56A, 0xE5AA, 0xD409, 0xF24B, 0xFBCC, 0xFAC7, 0xFCCE, 0xDDF3,
  0xF81F, 0xF81F, 0xF81F, 0xF81F, 0xF81F, 0x92C6, 0xC406, 0xEDCA, 0xCCCA, 0x8997, 0xA9FA, 0xAA18, 0xA9F8, 0xA1B8, 0x9957, 0x9999,
  0xCC0D, 0xDD06, 0xED89, 0xEDAA, 0xED8A, 0xEDEB, 0xE56A, 0xE56A, 0xE58B, 0xE56A, 0xDD8A, 0xD369, 0xF249, 0xF2E9, 0xFB49, 0xD50F,
  0xF81F, 0xF81F, 0xF81F, 0xF81F, 0xF81F, 0xF81F, 0x8AA5, 0xBBE6, 0xEDCA, 0xC48A, 0x7994, 0x78D8, 0x8117, 0x70F6, 0x60B5, 0x6916,
  0x81D7, 0xDD29, 0xD58E, 0xACB0, 0x7AE6, 0xA386, 0xE58A, 0xEDCA, 0xDD6A, 0xDD4A, 0xE58B, 0xD54A, 0xCC69, 0xC3E9, 0xD44A, 0xCD70,
  0xF81F, 0xF81F, 0xF81F, 0xF81F, 0xF81F, 0xF81F, 0xF81F, 0x82A6, 0xAB65, 0xEDE9, 0xD4E8, 0x930B, 0x71F0, 0x82AF, 0x9B6B, 0x934B,
  0xA3CC, 0xED8A, 0xF81F, 0xF81F, 0xF81F, 0x838E, 0x6182, 0xCCA8, 0xEDCB, 0xDD29, 0xD54A, 0xDD6B, 0xD52A, 0xCD2B, 0xDD8B, 0xD615,
  0xF81F, 0xF81F, 0xF81F, 0xF81F, 0xF81F, 0xF81F, 0xF81F, 0xF81F, 0x8309, 0x8AA4, 0xDD29, 0xEDA7, 0xD4C6, 0xD4E5, 0xE547, 0xE547,
  0xE547, 0xED69, 0xDDAE, 0xF81F, 0xF81F, 0xF81F, 0xF81F, 0x61A4, 0xAB86, 0xE58A, 0xE58A, 0xDD4A, 0xDD6B, 0xDD4A, 0xCD0D, 0xF81F,
  0xF81F, 0xF81F, 0xF81F, 0xF81F, 0xF81F, 0xF81F, 0xF81F, 0xF81F, 0xF81F, 0x93EE, 0x5981, 0xABC7, 0xE56A, 0xED89, 0xDD29, 0xDD29,
  0xDD29, 0xDD29, 0xED8A, 0xDDF2, 0xF81F, 0xF81F, 0xF81F, 0xF81F, 0x7ACA, 0x7224, 0xBC69, 0xDD4A, 0xE5AB, 0xCCEB, 0xF81F, 0xF81F,
  0xF81F, 0xF81F, 0xF81F, 0xF81F, 0xF81F, 0xF81F, 0xF81F, 0xF81F, 0xF81F, 0xF81F, 0xF81F, 0x59E5, 0x6203, 0xB448, 0xE569, 0xEDCA,
  0xEDAA, 0xE56A, 0xE589, 0xD52A, 0xF81F, 0xF81F, 0xF81F, 0xF81F, 0xF81F, 0xF81F, 0x7B0A, 0x8B6A, 0xB4D0, 0xF81F, 0xF81F, 0xF81F,
  0xF81F, 0xF81F, 0xF81F, 0xF81F, 0xF81F, 0xF81F, 0xF81F, 0xF81F, 0xF81F, 0xF81F, 0xF81F, 0xF81F, 0x9CB2, 0x5A27, 0x59C3, 0x9325,
  0xB427, 0xBC88, 0xCCEA, 0xB4AE, 0xF81F, 0xF81F, 0xF81F, 0xF81F, 0xF81F, 0xF81F, 0xF81F, 0xF81F, 0xF81F, 0xF81F, 0xF81F, 0xF81F,
  0xF81F, 0xF81F, 0xF81F, 0xF81F, 0xF81F, 0xF81F, 0xF81F, 0xF81F, 0xF81F, 0xF81F, 0xF81F, 0xF81F, 0xF81F, 0xF81F, 0xF81F, 0x9430,
  0x730A, 0x7AE8, 0x9C2E, 0xF81F, 0xF81F, 0xF81F, 0xF81F, 0xF81F, 0xF81F, 0xF81F, 0xF81F, 0xF81F, 0xF81F, 0xF81F, 0xF81F, 0xF81F,
  0xF81F, 0xF81F, 0xF81F, 0xF81F, 0xF81F, 0xF81F, 0xF81F, 0xF81F, 0xF81F, 0xF81F, 0xF81F, 0xF81F, 0xF81F, 0xF81F, 0xF81F, 0xF81F,
  0xF81F, 0xF81F, 0xF81F, 0xF81F, 0xF81F, 0xF81F, 0xF81F, 0xF81F, 0xF81F, 0xF81F, 0xF81F, 0xF81F, 0xF81F, 0xF81F, 0xF81F, 0xF81F,
  0xF81F, 0xF81F, 0xF81F, 0xF81F, 0xF81F, 0xF81F, 0xF81F, 0xF81F, 0xF81F, 0xF81F, 0xF81F, 0xF81F, 0xF81F, 0xF81F, 0xF81F, 0xF81F,
  0xF81F, 0xF81F, 0xF81F, 0xF81F, 0xF81F, 0xF81F, 0xF81F, 0xF81F, 0xF81F, 0xF81F, 0xF81F, 0xF81F, 0xF81F, 0xF81F, 0xF81F, 0xF81F,
  0xF81F, 0xF81F, 0xF81F, 0xF81F, 0xF81F, 0xF81F, 0xF81F, 0xF81F, 0xF81F, 0xF81F, 0xF81F, 0xF81F, 0xF81F, 0xF81F, 0xF81F, 0xF81F,
  0xF81F, 0xF81F, 0xF81F, 0xF81F, 0xF81F, 0xF81F, 0xF81F, 0xF81F, 0xF81F, 0xF81F, 0xF81F, 0xF81F, 0xF81F, 0xF81F, 0xF81F, 0xF81F,
  0xF81F, 0xF81F, 0xF81F, 0xF81F, 0xF81F, 0xF81F, 0xF81F, 0xF81F, 0xF81F, 0xF81F, 0xF81F, 0xF81F, 0xF81F, 0xF81F, 0xF81F, 0xF81F,
  0xF81F, 0xF81F, 0xF81F, 0xF81F, 0xF81F, 0xF81F, 0xF81F, 0xF81F, 0xF81F, 0xF81F, 0xF81F, 0xF81F, 0xF81F, 0xF81F, 0xF81F, 0xF81F,
  0xF81F, 0xF81F, 0xF81F, 0xF81F, 0xF81F, 0xF81F, 0xF81F, 0xF81F, 0xF81F, 0xF81F, 0xF81F, 0xF81F, 0xF81F, 0xF81F, 0xF81F, 0xF81F,
  0xF81F, 0xF81F, 0xF81F, 0xF81F, 0xF81F, 0xF81F, 0xF81F, 0xF81F, 0xF81F, 0xF81F, 0xF81F, 0xF81F, 0xF81F, 0xF81F, 0xF81F, 0xF81F,
};

const uint16_t icon_game[1024] PROGMEM = {
  0xF81F, 0xF81F, 0xF81F, 0xF81F, 0xF81F, 0xF81F, 0xF81F, 0xF81F, 0xF81F, 0xF81F, 0xF81F, 0xF81F, 0xF81F, 0xF81F, 0xF81F, 0xF81F,
  0xF81F, 0xF81F, 0xF81F, 0xF81F, 0xF81F, 0xF81F, 0xF81F, 0xF81F, 0xF81F, 0xF81F, 0xF81F, 0xF81F, 0xF81F, 0xF81F, 0xF81F, 0xF81F,
  0xF81F, 0xF81F, 0xF81F, 0xF81F, 0xF81F, 0xF81F, 0xF81F, 0xF81F, 0xF81F, 0xF81F, 0xF81F, 0xF81F, 0xF81F, 0xF81F, 0xF81F, 0xF81F,
  0xF81F, 0xF81F, 0xF81F, 0xF81F, 0xF81F, 0xF81F, 0xF81F, 0xF81F, 0xF81F, 0xF81F, 0xF81F, 0xF81F, 0xF81F, 0xF81F, 0xF81F, 0xF81F,
  0xF81F, 0xF81F, 0xF81F, 0xF81F, 0xF81F, 0xF81F, 0xC618, 0x9D34, 0x9D13, 0xF81F, 0xD69B, 0xDEFC, 0xDEFC, 0xDEFC, 0xDF1C, 0xDF1C,
  0xDF1C, 0xDEFC, 0xDEFC, 0xDEFC, 0xD6DB, 0xCE7A, 0xF81F, 0xA534, 0x9D33, 0xBE18, 0xF81F, 0xF81F, 0xF81F, 0xF81F, 0xF81F, 0xF81F,
  0xF81F, 0xF81F, 0xF81F, 0xF81F, 0xBDF7, 0x7C2F, 0x7C0F, 0x7C0F, 0x8C70, 0xA554, 0xADD6, 0xADB6, 0xB5F6, 0xBE17, 0xBE37, 0xBE37,
  0xBE37, 0xBE37, 0xBE17, 0xB5F6, 0xAD95, 0xAD95, 0x9D33, 0x73EF, 0x638D, 0x73CE, 0x7C0F, 0xAD96, 0xF81F, 0xF81F, 0xF81F, 0xF81F,
  0xF81F, 0xF81F, 0xF81F, 0x9CF3, 0x634C, 0x5B0B, 0x5268, 0x41E6, 0x41C6, 0x41E6, 0x62EA, 0x7C0F, 0x6B8E, 0x6B8D, 0x6BAE, 0x6BAE,
  0x6BAE, 0x6BAE, 0x6B8D, 0x636D, 0x7C0F, 0x632B, 0x2965, 0x5A06, 0x49A4, 0x2145, 0x4228, 0x634C, 0x94B2, 0xF81F, 0xF81F, 0xF81F,
  0xF81F, 0xF81F, 0xBDD7, 0x52AA, 0x4A69, 0x49C5, 0x2944, 0x4248, 0x73CE, 0x4A89, 0x2944, 0x5206, 0x632C, 0x4AAA, 0x52CA, 0x52CA,
  0x52CA, 0x52CA, 0x4A8A, 0x5B0C, 0x4A89, 0x10C3, 0x7225, 0xEBC6, 0xDAC1, 0x4963, 0x1924, 0x31A6, 0x52CA, 0xAD55, 0xF81F, 0xF81F,
  0xF81F, 0xF81F, 0x5AEB, 0x3A08, 0x41A4, 0x3165, 0x2144, 0x4A69, 0x73AD, 0x52A9, 0x2986, 0x3185, 0x5206, 0x4A89, 0x4A49, 0x4A69,
  0x4A69, 0x4A69, 0x4A49, 0x4A69, 0x2103, 0x2986, 0x8222, 0xEAE0, 0xE2A0, 0x5183, 0x2166, 0x2144, 0x31A6, 0x52CA, 0xF81F, 0xF81F,
  0xF81F, 0xF81F, 0x4228, 0x3185, 0x3964, 0x4A69, 0x52A9, 0x5289, 0x632B, 0x52AA, 0x5B0B, 0x52CA, 0x4184, 0x4227, 0x4228, 0x4228,
  0x4228, 0x4228, 0x4228, 0x2985, 0x52CA, 0x9CD3, 0x62CA, 0x81A1, 0x6982, 0x7246, 0xBAE4, 0x5183, 0x2145, 0x4248, 0xF81F, 0xF81F,
  0xF81F, 0xF81F, 0x31A6, 0x3144, 0x3984, 0x5B2B, 0x6B6C, 0x5B0B, 0x39E7, 0x632B, 0x73AD, 0x636C, 0x41A4, 0x41C6, 0x39E7, 0x3A07,
  0x3A07, 0x39E7, 0x39E7, 0x2965, 0x7BEF, 0x94B2, 0x7BCE, 0x1104, 0x2923, 0xDB02, 0xEAC0, 0xAA00, 0x2145, 0x39C6, 0xB5B7, 0xF81F,
  0xF81F, 0x8410, 0x2965, 0x3144, 0x3943, 0x4268, 0x4A89, 0x4A48, 0x5AEA, 0x4A48, 0x52A9, 0x4A89, 0x4184, 0x39A5, 0x31C6, 0x39E7,
  0x39E7, 0x39C6, 0x31A6, 0x2944, 0x4208, 0x73AE, 0x4A69, 0x4A48, 0x4A48, 0x99C0, 0xDA60, 0x7181, 0x2145, 0x2944, 0x6B8D, 0xF81F,
  0xF81F, 0x52AA, 0x2985, 0x2124, 0x3943, 0x2104, 0x18E3, 0x4248, 0x6B6C, 0x4227, 0x18E3, 0x2124, 0x4983, 0x2965, 0x31A6, 0x31C6,
  0x31A6, 0x31A6, 0x2965, 0x2965, 0x2124, 0x1903, 0x4208, 0x9492, 0x7BEF, 0x39C6, 0x3902, 0x2124, 0x2944, 0x2124, 0x4248, 0xF81F,
  0xF81F, 0x3A07, 0x4207, 0x1904, 0x3143, 0x3964, 0x1924, 0x4228, 0x632B, 0x4228, 0x1924, 0x51A4, 0x4184, 0x2144, 0x3185, 0x2986,
  0x2986, 0x3185, 0x2965, 0x2144, 0x2965, 0x2124, 0x4208, 0x7BEF, 0x7BCE, 0x39C7, 0x1904, 0x2985, 0x2103, 0x31A6, 0x4228, 0xF81F,
  0xF81F, 0x39E7, 0x52A9, 0x3185, 0x2103, 0x3963, 0x4143, 0x3144, 0x3185, 0x3964, 0x51C4, 0x49A4, 0x2124, 0x2944, 0x2965, 0x41C6,
  0x5206, 0x2965, 0x2965, 0x2124, 0x2144, 0x2965, 0x2124, 0x39E7, 0x39E7, 0x2124, 0x3185, 0x2944, 0x2124, 0x4A89, 0x4248, 0x9CD3,
  0x9CF4, 0x4227, 0x5AEA, 0x5289, 0x2944, 0x1903, 0x2944, 0x3943, 0x3943, 0x4184, 0x2923, 0x10C3, 0x18E3, 0x2965, 0x2144, 0x59C4,
  0x7224, 0x2944, 0x2965, 0x2103, 0x10A2, 0x18E3, 0x2965, 0x2124, 0x2104, 0x2944, 0x2124, 0x2124, 0x4228, 0x5AEA, 0x4248, 0x7C10,
  0x8C51, 0x4248, 0x5AEA, 0x5AEA, 0x5289, 0x31A6, 0x2124, 0x1924, 0x2124, 0x18E3, 0x3A28, 0x630C, 0x5ACB, 0x2965, 0x2124, 0x2924,
  0x3144, 0x2124, 0x2144, 0x4A69, 0x632C, 0x4A69, 0x2103, 0x2124, 0x2124, 0x2103, 0x3185, 0x4A69, 0x5ACA, 0x5ACA, 0x4A48, 0x6B4D,
  0x7BCF, 0x4A48, 0x5AEA, 0x5ACA, 0x5ACA, 0x5AEB, 0x4228, 0x2103, 0x18E3, 0x4207, 0x6B6D, 0x52AA, 0x634C, 0x632C, 0x2124, 0x2124,
  0x2124, 0x2103, 0x4A69, 0x73CE, 0x52CA, 0x634C, 0x52AA, 0x18E3, 0x2103, 0x31A6, 0x5AEA, 0x5ACA, 0x5ACA, 0x5ACA, 0x4A48, 0x5ACB,
  0x6B6D, 0x4A48, 0x5AEA, 0x5ACA, 0x5ACA, 0x5ACA, 0x5AEB, 0x31A6, 0x18E3, 0x52CA, 0x4A89, 0x4A48, 0x4A69, 0x634D, 0x2965, 0x2124,
  0x2944, 0x2104, 0x632C, 0x4A89, 0x4248, 0x4A49, 0x632C, 0x2945, 0x2124, 0x52CA, 0x5AEA, 0x5ACA, 0x5ACA, 0x5ACA, 0x4248, 0x5289,
  0x632C, 0x4A48, 0x5AEA, 0x5ACA, 0x5AEA, 0x5AEA, 0x5AEB, 0x52AA, 0x2103, 0x4A89, 0x5B0C, 0x52EB, 0x73EF, 0x6B6D, 0x2124, 0x2124,
  0x2944, 0x2103, 0x52CA, 0x632C, 0x52CB, 0x73CE, 0x6BAE, 0x2124, 0x4228, 0x630B, 0x5AEA, 0x5AEA, 0x5ACA, 0x5ACA, 0x4228, 0x4A48,
  0x630C, 0x4A48, 0x5AEB, 0x5AEA, 0x5AEB, 0x5AEB, 0x5AEB, 0x5B0B, 0x31A6, 0x2965, 0x634C, 0x7C0F, 0x8430, 0x4207, 0x18C3, 0x2124,
  0x2124, 0x18E3, 0x31C6, 0x6B6D, 0x73EF, 0x8470, 0x4248, 0x2124, 0x5ACA, 0x5AEB, 0x5AEB, 0x5AEB, 0x5AEA, 0x5AEA, 0x4227, 0x4248,
  0x5AEB, 0x4A48, 0x5AEB, 0x5AEB, 0x5AEB, 0x5AEB, 0x5B0B, 0x5B0B, 0x4A68, 0x2124, 0x2944, 0x39E7, 0x2965, 0x2104, 0x4228, 0x5289,
  0x5289, 0x4A69, 0x2944, 0x2965, 0x4228, 0x31A6, 0x18E3, 0x39C6, 0x5AEB, 0x5B0B, 0x5B0B, 0x5B0B, 0x5AEB, 0x5AEA, 0x4207, 0x4A48,
  0x5ACB, 0x4A48, 0x630B, 0x5B0B, 0x5B0B, 0x630B, 0x630B, 0x5AEB, 0x52CA, 0x4227, 0x2965, 0x2124, 0x2965, 0x4227, 0x4A69, 0x4A68,
  0x4A68, 0x4A68, 0x3A07, 0x2965, 0x2124, 0x2944, 0x31A6, 0x5289, 0x5AEB, 0x5B0B, 0x630B, 0x630B, 0x5B0B, 0x5AEA, 0x4207, 0x4A69,
  0x5289, 0x4228, 0x630B, 0x630B, 0x630B, 0x630B, 0x630B, 0x5AEB, 0x5289, 0x39C6, 0x31C6, 0x4A69, 0x5289, 0x4A69, 0x4228, 0x4228,
  0x4207, 0x3A07, 0x4228, 0x4A69, 0x4A48, 0x4228, 0x4207, 0x5289, 0x5AEA, 0x5B0B, 0x630B, 0x630B, 0x630B, 0x5AEA, 0x4207, 0x4A69,
  0x4A48, 0x4227, 0x630B, 0x630B, 0x630B, 0x630B, 0x630B, 0x52AA, 0x39C6, 0x3185, 0x528A, 0xF81F, 0xF81F, 0xF81F, 0xF81F, 0xF81F,
  0xF81F, 0xF81F, 0xF81F, 0xF81F, 0xF81F, 0x6B4D, 0x4A48, 0x4228, 0x52CA, 0x5B0B, 0x630B, 0x630B, 0x5B0B, 0x5AEA, 0x4207, 0x4A69,
  0x4A48, 0x4207, 0x5AEB, 0x630B, 0x630B, 0x630B, 0x5AEA, 0x3A07, 0x2985, 0x52A9, 0xF81F, 0xF81F, 0xF81F, 0xF81F, 0xF81F, 0xF81F,
  0xF81F, 0xF81F, 0xF81F, 0xF81F, 0xF81F, 0xF81F, 0x632C, 0x4A48, 0x4A48, 0x5AEA, 0x630B, 0x630B, 0x5B0B, 0x5AEA, 0x3A07, 0x4A69,
  0x4A48, 0x39E7, 0x5AEA, 0x5B0B, 0x5B0B, 0x5AEB, 0x4248, 0x3185, 0x4A69, 0xB596, 0xF81F, 0xF81F, 0xF81F, 0xF81F, 0xF81F, 0xF81F,
  0xF81F, 0xF81F, 0xF81F, 0xF81F, 0xF81F, 0xF81F, 0xF81F, 0x5AEA, 0x4228, 0x4A68, 0x5AEA, 0x5B0B, 0x5B0B, 0x5AEA, 0x39E7, 0x4A69,
  0x528A, 0x39C6, 0x5AEA, 0x5B0B, 0x5AEB, 0x4A68, 0x3185, 0x4228, 0x9492, 0xF81F, 0xF81F, 0xF81F, 0xF81F, 0xF81F, 0xF81F, 0xF81F,
  0xF81F, 0xF81F, 0xF81F, 0xF81F, 0xF81F, 0xF81F, 0xF81F, 0xBDD7, 0x52A9, 0x4228, 0x5289, 0x5AEB, 0x5B0B, 0x5AEA, 0x39C6, 0x528A,
  0x632C, 0x31A5, 0x52CA, 0x5B0B, 0x4A89, 0x3185, 0x39C6, 0x738E, 0xF81F, 0xF81F, 0xF81F, 0xF81F, 0xF81F, 0xF81F, 0xF81F, 0xF81F,
  0xF81F, 0xF81F, 0xF81F, 0xF81F, 0xF81F, 0xF81F, 0xF81F, 0xF81F, 0x9D14, 0x5289, 0x4228, 0x52AA, 0x5B0B, 0x52CA, 0x31A5, 0x630C,
  0x9492, 0x2985, 0x4207, 0x4248, 0x31A6, 0x3185, 0x52AA, 0xF81F, 0xF81F, 0xF81F, 0xF81F, 0xF81F, 0xF81F, 0xF81F, 0xF81F, 0xF81F,
  0xF81F, 0xF81F, 0xF81F, 0xF81F, 0xF81F, 0xF81F, 0xF81F, 0xF81F, 0xF81F, 0x8C51, 0x4A48, 0x4228, 0x4A69, 0x4207, 0x2985, 0x8431,
  0xF81F, 0x4228, 0x3185, 0x2965, 0x3185, 0x5289, 0xF81F, 0xF81F, 0xF81F, 0xF81F, 0xF81F, 0xF81F, 0xF81F, 0xF81F, 0xF81F, 0xF81F,
  0xF81F, 0xF81F, 0xF81F, 0xF81F, 0xF81F, 0xF81F, 0xF81F, 0xF81F, 0xF81F, 0xF81F, 0x8430, 0x4228, 0x2985, 0x2985, 0x4207, 0xF81F,
  0xF81F, 0xF81F, 0x738E, 0x4A69, 0x73AE, 0xF81F, 0xF81F, 0xF81F, 0xF81F, 0xF81F, 0xF81F, 0xF81F, 0xF81F, 0xF81F, 0xF81F, 0xF81F,
  0xF81F, 0xF81F, 0xF81F, 0xF81F, 0xF81F, 0xF81F, 0xF81F, 0xF81F, 0xF81F, 0xF81F, 0xF81F, 0xA514, 0x5B0B, 0x6B4C, 0xF81F, 0xF81F,
  0xF81F, 0xF81F, 0xF81F, 0xF81F, 0xF81F, 0xF81F, 0xF81F, 0xF81F, 0xF81F, 0xF81F, 0xF81F, 0xF81F, 0xF81F, 0xF81F, 0xF81F, 0xF81F,
  0xF81F, 0xF81F, 0xF81F, 0xF81F, 0xF81F, 0xF81F, 0xF81F, 0xF81F, 0xF81F, 0xF81F, 0xF81F, 0xF81F, 0xF81F, 0xF81F, 0xF81F, 0xF81F,
  0xF81F, 0xF81F, 0xF81F, 0xF81F, 0xF81F, 0xF81F, 0xF81F, 0xF81F, 0xF81F, 0xF81F, 0xF81F, 0xF81F, 0xF81F, 0xF81F, 0xF81F, 0xF81F,
  0xF81F, 0xF81F, 0xF81F, 0xF81F, 0xF81F, 0xF81F, 0xF81F, 0xF81F, 0xF81F, 0xF81F, 0xF81F, 0xF81F, 0xF81F, 0xF81F, 0xF81F, 0xF81F,
};

const uint16_t icon_tv[1024] PROGMEM = {
  0xF81F, 0xF81F, 0xF81F, 0xF81F, 0xDE59, 0xD5F7, 0xCD95, 0xCD95, 0xCD74, 0xC534, 0xC533, 0xCD33, 0xBD13, 0xBD13, 0xBD13, 0xBD13,
  0xC513, 0xC513, 0xC513, 0xC513, 0xCD33, 0xCD33, 0xC534, 0xCD74, 0xCD95, 0xCD95, 0xD5F7, 0xDE59, 0xF81F, 0xF81F, 0xF81F, 0xF81F,
  0xF81F, 0xF81F, 0xB44F, 0x934A, 0x8AE9, 0x8AE9, 0x82C9, 0x7AA8, 0x7AA8, 0x72A8, 0x7AA9, 0x82C9, 0x7AC9, 0x72A9, 0x72A9, 0x72C9,
  0x7AC9, 0x7AC9, 0x7AC9, 0x7AC9, 0x82C9, 0x7AC9, 0x7AA9, 0x7AA8, 0x7AA8, 0x7AC9, 0x8AE9, 0x8AE9, 0x934B, 0xBC6F, 0xF81F, 0xF81F,
  0xF81F, 0xABED, 0x7A67, 0x49E6, 0x5A88, 0x62EA, 0x6B2B, 0x738C, 0x736C, 0x6B2B, 0x62EA, 0x52A9, 0x5289, 0x5289, 0x4A89, 0x4A89,
  0x4A89, 0x4A89, 0x4A89, 0x5289, 0x52A9, 0x5AEA, 0x6B2B, 0x738C, 0x738C, 0x6B2B, 0x62EA, 0x5A88, 0x4A06, 0x7267, 0x9BAC, 0xF81F,
  0xF81F, 0x8288, 0x730A, 0x9470, 0xAD32, 0xC5D4, 0xC5B4, 0x9490, 0x7BEE, 0x73EF, 0x7C71, 0x8CD3, 0x9534, 0x9D95, 0xA5B6, 0xA5B6,
  0xA5B6, 0xA5B6, 0x9D95, 0x9534, 0x8CD3, 0x7C71, 0x73EF, 0x7BEE, 0x9490, 0xBDB4, 0xC5D4, 0xAD32, 0x9490, 0x6B0A, 0x8AA8, 0xF81F,
  0xCDD7, 0x8AC8, 0x9C6F, 0xBDB4, 0xD656, 0xAD53, 0x634C, 0x7410, 0x9DB6, 0xBEBA, 0xD75C, 0xDF9D, 0xDFBE, 0xE7DE, 0xE7DE, 0xE7DE,
  0xE7DE, 0xE7DE, 0xDFDE, 0xDFBE, 0xDF9D, 0xD75C, 0xBEBA, 0x9DB6, 0x7430, 0x634C, 0xAD32, 0xD656, 0xBDB4, 0x9C8F, 0x92E8, 0xCDB6,
  0xCDB6, 0x8AE9, 0x9CB0, 0xD656, 0xAD32, 0x4249, 0x7C71, 0xB658, 0xC6FB, 0xCF3C, 0xD73C, 0xD75C, 0xD75D, 0xD77D, 0xD77D, 0xD77D,
  0xD77D, 0xD77D, 0xD77D, 0xD75D, 0xD75C, 0xCF3C, 0xCF1B, 0xC6DB, 0xB658, 0x7C51, 0x4249, 0xAD12, 0xD656, 0x9CB0, 0x92E9, 0xC575,
  0xC575, 0x8AE9, 0xA4F1, 0xCE15, 0x4208, 0x636D, 0xA596, 0xB638, 0xBE79, 0xBEBA, 0xC6DA, 0xC6FB, 0xCEFB, 0xCF1B, 0xCF1B, 0xCF1C,
  0xCF1B, 0xCF1B, 0xCEFB, 0xC6FB, 0xC6DA, 0xBEBA, 0xBE79, 0xB638, 0xA5D7, 0x9534, 0x5B2C, 0x3A07, 0xCDF5, 0xA512, 0x8AE9, 0xBD34,
  0xC555, 0x82E9, 0xB573, 0x83CD, 0x31C7, 0x8C92, 0xA595, 0xADF7, 0xB618, 0xB638, 0xB659, 0xBE79, 0xBE99, 0xBE9A, 0xBEBA, 0xBEBA,
  0xBEBA, 0xBE9A, 0xBE99, 0xBE79, 0xB658, 0xAE38, 0xADF7, 0xA5B6, 0x9555, 0x84D2, 0x6BCF, 0x2986, 0x7BAD, 0xB573, 0x82E9, 0xB513,
  0xBD34, 0x82E9, 0xAD32, 0x4A28, 0x52AA, 0x94D2, 0xA555, 0xA595, 0xADB6, 0xADD7, 0xADF7, 0xAE17, 0xB638, 0xB638, 0xB638, 0xB658,
  0xB638, 0xB638, 0xAE18, 0xADF7, 0xA5D7, 0xA5B6, 0x9D75, 0x9534, 0x8CF3, 0x7C71, 0x638E, 0x3A08, 0x4207, 0xAD32, 0x8309, 0xB4F3,
  0xB4F3, 0x8B2A, 0x946F, 0x3186, 0x632C, 0x8C91, 0x94F3, 0x9D34, 0x9D55, 0x9D75, 0xA595, 0xA5B6, 0xA5B6, 0xA5D6, 0xA5D7, 0xA5D7,
  0xA5D7, 0xA5D6, 0xA5B6, 0x9D95, 0x9D75, 0x9534, 0x8D13, 0x84D2, 0x7C71, 0x73EF, 0x5B4D, 0x4249, 0x2965, 0x946F, 0x8B2A, 0xB4D2,
  0xB4D2, 0x934A, 0x7BCD, 0x2965, 0x632C, 0x8430, 0x8C91, 0x8CD2, 0x94F3, 0x9513, 0x9534, 0x9534, 0x9D55, 0x9D55, 0x9D75, 0x9D75,
  0x9D55, 0x9555, 0x9534, 0x9514, 0x8CF3, 0x8CD3, 0x8492, 0x7C51, 0x7410, 0x63AE, 0x530C, 0x4249, 0x2124, 0x7BAD, 0x934A, 0xB4B2,
  0xACB2, 0x9B6B, 0x6B4B, 0x2945, 0x5AEB, 0x73CE, 0x7C30, 0x8471, 0x8491, 0x8492, 0x8CB2, 0x8CD2, 0x8CD3, 0x8CF3, 0x8CF3, 0x8CF3,
  0x8CF3, 0x8CD3, 0x84D2, 0x84B2, 0x7C91, 0x7C51, 0x7430, 0x6BEF, 0x6BAE, 0x5B4D, 0x52CB, 0x4228, 0x2124, 0x6B4B, 0x8B6B, 0xB4B2,
  0xACB2, 0x936B, 0x630B, 0x2944, 0x52AA, 0x6B6D, 0x73CE, 0x73EF, 0x7410, 0x7C30, 0x7C30, 0x7C50, 0x7C51, 0x7C51, 0x7C51, 0x7C51,
  0x7C51, 0x7C51, 0x7430, 0x7430, 0x740F, 0x6BEF, 0x6BCE, 0x638E, 0x5B4D, 0x530C, 0x4A8A, 0x3A08, 0x2104, 0x630B, 0x936B, 0xB4B2,
  0xB4D2, 0x936B, 0x630B, 0x2124, 0x4A69, 0x5B0B, 0x636D, 0x6B8D, 0x6B8E, 0x6BAE, 0x6BAE, 0x6BAE, 0x6BAE, 0x6BCE, 0x6BCE, 0x6BCE,
  0x6BAE, 0x6BAE, 0x6BAE, 0x638E, 0x638E, 0x636D, 0x5B4D, 0x5B2C, 0x530C, 0x52CB, 0x4269, 0x39E7, 0x2104, 0x630B, 0x936B, 0xB4B2,
  0xBCD2, 0x936B, 0x6B4B, 0x2104, 0x4208, 0x52AA, 0x5AEB, 0x5B0C, 0x5B2C, 0x5B2C, 0x5B2C, 0x5B2C, 0x5B2C, 0x5B2C, 0x5B2C, 0x5B2C,
  0x5B2C, 0x5B2C, 0x5B2C, 0x5B2C, 0x5B0C, 0x530C, 0x52EB, 0x52EB, 0x4ACB, 0x4A8A, 0x4228, 0x31C7, 0x18E3, 0x6B2B, 0x938B, 0xB4B2,
  0xBCD2, 0x9B8B, 0x73AD, 0x2103, 0x31C7, 0x4248, 0x4A8A, 0x4AAA, 0x52CA, 0x52CA, 0x52CA, 0x52CA, 0x52CA, 0x52CA, 0x52CA, 0x52CA,
  0x52AA, 0x4AAA, 0x4AAA, 0x4AAA, 0x4AAA, 0x4AAA, 0x4AAA, 0x4A8A, 0x4A69, 0x4249, 0x39E7, 0x3186, 0x18E3, 0x73AD, 0x9B8B, 0xB4B2,
  0xB4D2, 0x8B4A, 0x946F, 0x2104, 0x2965, 0x39E7, 0x4228, 0x4249, 0x4269, 0x4269, 0x4269, 0x4269, 0x4269, 0x4269, 0x4249, 0x4249,
  0x4249, 0x4249, 0x4249, 0x4249, 0x4249, 0x4249, 0x4249, 0x4249, 0x4228, 0x3A08, 0x31A6, 0x2945, 0x2103, 0x8C4F, 0x9B8B, 0xB4B2,
  0xACD2, 0x832A, 0xAD32, 0x3185, 0x2124, 0x3186, 0x31C7, 0x39E7, 0x3A08, 0x3A08, 0x3A08, 0x3A08, 0x3A08, 0x3A08, 0x3A07, 0x3A07,
  0x3A07, 0x3A07, 0x3A07, 0x3A07, 0x3A08, 0x3A08, 0x3A08, 0x39E7, 0x39E7, 0x31C7, 0x2965, 0x2104, 0x3165, 0xAD32, 0x934A, 0xB4D2,
  0xBCF3, 0x8309, 0xBDD4, 0x5ACA, 0x18C3, 0x2945, 0x2986, 0x31A6, 0x31C6, 0x31C7, 0x31C7, 0x31C7, 0x31C7, 0x31C6, 0x31A6, 0x31A6,
  0x31A6, 0x31A6, 0x31A6, 0x31A6, 0x31A6, 0x31A6, 0x31A6, 0x31A6, 0x31A6, 0x2965, 0x2945, 0x18A3, 0x5AA9, 0xC5D4, 0x932A, 0xB4D3,
  0xC534, 0x8B09, 0xBDB4, 0xAD12, 0x18C3, 0x2104, 0x2145, 0x2965, 0x2965, 0x2985, 0x2986, 0x2986, 0x2985, 0x2985, 0x2965, 0x2965,
  0x2965, 0x2965, 0x2965, 0x2965, 0x2965, 0x2965, 0x2965, 0x2965, 0x2945, 0x2124, 0x2104, 0x18C2, 0xA4F1, 0xC5D4, 0x932A, 0xB4F3,
  0xC555, 0x8B09, 0xB553, 0xDE97, 0x736C, 0x1082, 0x2104, 0x2124, 0x2124, 0x2145, 0x2945, 0x2945, 0x2945, 0x2945, 0x2945, 0x2945,
  0x2945, 0x2945, 0x2945, 0x2945, 0x2945, 0x2145, 0x2124, 0x2124, 0x2124, 0x2104, 0x1082, 0x6B4B, 0xDE97, 0xB573, 0x9309, 0xBD14,
  0xC575, 0x8AE9, 0xB552, 0xCE36, 0xD656, 0x6B4B, 0x2104, 0x2124, 0x2965, 0x2965, 0x2965, 0x2945, 0x2145, 0x2145, 0x2145, 0x2145,
  0x2145, 0x2145, 0x2145, 0x2145, 0x2145, 0x2965, 0x2965, 0x2945, 0x2124, 0x2104, 0x6B2B, 0xD656, 0xCE36, 0xB553, 0x8AE9, 0xC555,
  0xC596, 0x92E8, 0xB532, 0xC615, 0xC5F5, 0xD636, 0x9CB0, 0x5AA9, 0x39E7, 0x31C7, 0x31C7, 0x31C7, 0x31C7, 0x31E7, 0x31E7, 0x31E7,
  0x31E7, 0x31E7, 0x31E7, 0x31E7, 0x31C7, 0x31C7, 0x31C7, 0x39E7, 0x52A9, 0x9C90, 0xD636, 0xC5F5, 0xC615, 0xB532, 0x8AC8, 0xBD75,
  0xC596, 0x9AE9, 0xB48F, 0xCE36, 0xCE36, 0xCE56, 0xDE97, 0xD656, 0xB573, 0x94B0, 0x7BEE, 0x6B8D, 0x634C, 0x5B0B, 0x5B0B, 0x5AEB,
  0x52EB, 0x5B0B, 0x5B0B, 0x634C, 0x6B8D, 0x7BEE, 0x9490, 0xB573, 0xD656, 0xDE97, 0xCE56, 0xCE36, 0xCE36, 0xBCB0, 0x8AC8, 0xBD75,
  0xCDB6, 0x9B29, 0xA34A, 0x9B6B, 0xA3AC, 0xA3ED, 0xAC4E, 0xB48F, 0xBCB0, 0xBCD0, 0xBCD0, 0xB4B0, 0xAC8F, 0xAC6F, 0xA46F, 0xA46F,
  0xA44F, 0xA46F, 0xA46F, 0xAC8F, 0xBCD0, 0xBCD0, 0xBCD0, 0xBCB0, 0xB48F, 0xAC4E, 0xA3ED, 0x9BAC, 0x9B6B, 0xA36B, 0x9309, 0xBD75,
  0xCDB6, 0x8AA8, 0x4123, 0x51C5, 0x8BCD, 0x83AD, 0x51C5, 0x5143, 0x5984, 0x5984, 0x59A4, 0x5984, 0x5984, 0x61A4, 0x61A4, 0x61A4,
  0x59A4, 0x5984, 0x5184, 0x5984, 0x61A4, 0x5984, 0x5984, 0x5184, 0x5143, 0x51C5, 0x83AC, 0x8BED, 0x51E6, 0x4123, 0x82A8, 0xC596,
  0xCDB6, 0x7206, 0x51C5, 0xBDB4, 0xEF5B, 0xE71A, 0xAD32, 0x6A47, 0x6A27, 0x7A88, 0x7267, 0x6A47, 0x7288, 0x72A8, 0x72A8, 0x7288,
  0x6A88, 0x6A88, 0x6A88, 0x7288, 0x6247, 0x7A68, 0x7A68, 0x7A47, 0x6A47, 0xAD32, 0xE71A, 0xEF5B, 0xBDB4, 0x51C6, 0x7206, 0xCD96,
  0xC5B6, 0x69E5, 0x730A, 0xCE35, 0xCE57, 0xCE36, 0xC5D4, 0x834B, 0x7A88, 0x82C9, 0x6ACA, 0x5AA9, 0x62EA, 0x62EA, 0x62EA, 0x62EA,
  0x62EA, 0x62CA, 0x62EA, 0x62C9, 0x5A88, 0x5A68, 0x7AC9, 0x8AC8, 0x832A, 0xC5D4, 0xCE36, 0xCE57, 0xCE35, 0x832B, 0x7206, 0xCDB6,
  0xCDD7, 0x7226, 0x5A27, 0xB572, 0xCE35, 0xCE35, 0xA4F1, 0x82C9, 0x7A88, 0x6AC9, 0x5AA9, 0x5248, 0x5247, 0x5247, 0x5227, 0x5247,
  0x5227, 0x5247, 0x5227, 0x5227, 0x5247, 0x4A27, 0x5207, 0x8AA8, 0x72A8, 0xA4F0, 0xCE35, 0xCE35, 0xB593, 0x6A47, 0x7A46, 0xC5B6,
  0xF81F, 0x7A67, 0x6A27, 0x6A88, 0x944F, 0x8C2E, 0x6288, 0x7A68, 0x6AA9, 0x630B, 0x5268, 0x5247, 0x5247, 0x5247, 0x5247, 0x5247,
  0x5247, 0x5227, 0x5247, 0x5247, 0x5247, 0x5248, 0x5248, 0x6268, 0x7A88, 0x6288, 0x8C2E, 0x946F, 0x62A8, 0x6A27, 0x8AA8, 0xF81F,
  0xF81F, 0xB514, 0x93AD, 0x7AEA, 0x6206, 0x6A06, 0x6A47, 0x72C9, 0x830A, 0x832A, 0x730A, 0x72EA, 0x7AC9, 0x72C9, 0x72C9, 0x72C9,
  0x6AA9, 0x72C9, 0x72C9, 0x7AC9, 0x72EA, 0x830A, 0x7B0A, 0x7B0A, 0x7AC9, 0x6A47, 0x6A26, 0x6206, 0x7AEA, 0x9BAD, 0xACF3, 0xF81F,
  0xF81F, 0xF81F, 0xF81F, 0xF81F, 0x8B8D, 0x7AEA, 0xB556, 0xF81F, 0xF81F, 0xF81F, 0xF81F, 0xF81F, 0xF81F, 0xF81F, 0xF81F, 0xF81F,
  0xF81F, 0xF81F, 0xF81F, 0xF81F, 0xF81F, 0xF81F, 0xF81F, 0xF81F, 0xF81F, 0xB576, 0x830B, 0x8B8D, 0xF81F, 0xF81F, 0xF81F, 0xF81F,
};

const uint16_t icon_tablet[1024] PROGMEM = {
  0xF81F, 0xF81F, 0xF81F, 0xF81F, 0xF81F, 0xF81F, 0xF81F, 0xF81F, 0x8431, 0x6B4D, 0x6B4D, 0x6B4D, 0x6B4D, 0x6B4D, 0x6B4D, 0x6B4D,
  0x6B4D, 0x6B4D, 0x6B4D, 0x6B4D, 0x6B4D, 0x6B4D, 0x94B2, 0xF81F, 0xF81F, 0xF81F, 0xF81F, 0xF81F, 0xF81F, 0xF81F, 0xF81F, 0xF81F,
  0xF81F, 0xF81F, 0xF81F, 0xF81F, 0xF81F, 0xF81F, 0xF81F, 0x6B6D, 0x1082, 0x0020, 0x0040, 0x0020, 0x0020, 0x0841, 0x0841, 0x0841,
  0x0841, 0x0841, 0x0020, 0x0020, 0x0020, 0x0020, 0x2104, 0x9492, 0xF81F, 0xF81F, 0xF81F, 0xF81F, 0xF81F, 0xF81F, 0xF81F, 0xF81F,
  0xF81F, 0xF81F, 0xF81F, 0xF81F, 0xF81F, 0xF81F, 0xF81F, 0x4228, 0x0000, 0x1062, 0x0841, 0x0861, 0x0861, 0x0841, 0x18C3, 0x18E3,
  0x10A2, 0x1082, 0x10A2, 0x0861, 0x0841, 0x0861, 0x0020, 0x5AEB, 0xF81F, 0xF81F, 0xF81F, 0xF81F, 0xF81F, 0xF81F, 0xF81F, 0xF81F,
  0xF81F, 0xF81F, 0xF81F, 0xF81F, 0xF81F, 0xF81F, 0xF81F, 0x4228, 0x0020, 0x0882, 0x10C2, 0x0861, 0x0841, 0x18E3, 0x1082, 0x0841,
  0x1082, 0x10A3, 0x0841, 0x0861, 0x10A2, 0x0861, 0x0020, 0x630C, 0xF81F, 0xF81F, 0xF81F, 0xF81F, 0xF81F, 0xF81F, 0xF81F, 0xF81F,
  0xF81F, 0xF81F, 0xF81F, 0xF81F, 0xF81F, 0xF81F, 0xF81F, 0x4228, 0x0000, 0x3C88, 0x572D, 0x1203, 0x4A08, 0xEF7D, 0xB596, 0x1062,
  0xC478, 0xD4FB, 0x18A3, 0x4A69, 0xA4F4, 0x4A69, 0x0000, 0x632C, 0xF81F, 0xF81F, 0xF81F, 0xF81F, 0xF81F, 0xF81F, 0xF81F, 0xF81F,
  0xF81F, 0xF81F, 0xF81F, 0xF81F, 0xF81F, 0xF81F, 0xF81F, 0x4228, 0x0000, 0x3D4A, 0x5FEF, 0x1263, 0x524A, 0xFFFF, 0xCE59, 0x1062,
  0xDD1C, 0xED9F, 0x20C4, 0x52CA, 0xB5B6, 0x5ACB, 0x0000, 0x632C, 0xF81F, 0xF81F, 0xF81F, 0xF81F, 0xF81F, 0xF81F, 0xF81F, 0xF81F,
  0xF81F, 0xF81F, 0xF81F, 0xF81F, 0xF81F, 0xF81F, 0xF81F, 0x4228, 0x0000, 0x10E1, 0x1962, 0x0881, 0x1082, 0x39C7, 0x2124, 0x0841,
  0x20E5, 0x28E5, 0x0841, 0x1082, 0x20E3, 0x1082, 0x0020, 0x630C, 0xF81F, 0xF81F, 0xF81F, 0xF81F, 0xF81F, 0xF81F, 0xF81F, 0xF81F,
  0xF81F, 0xF81F, 0xF81F, 0xF81F, 0xF81F, 0xF81F, 0xF81F, 0x4228, 0x0000, 0x0926, 0x09A9, 0x08A3, 0x0861, 0x18E3, 0x10A2, 0x0841,
  0x3185, 0x39A5, 0x0841, 0x1104, 0x1A29, 0x1104, 0x0020, 0x630C, 0xF81F, 0xF81F, 0xF81F, 0xF81F, 0xF81F, 0xF81F, 0xF81F, 0xF81F,
  0xF81F, 0xF81F, 0xF81F, 0xF81F, 0xF81F, 0xF81F, 0xF81F, 0x4228, 0x0000, 0x1C98, 0x26DF, 0x0A4C, 0x28E3, 0x7BF0, 0x52AA, 0x10A2,
  0xDE14, 0xEEB6, 0x20C2, 0x3412, 0x6FFF, 0x3C11, 0x0000, 0x632C, 0xF81F, 0xF81F, 0xF81F, 0xF81F, 0xF81F, 0xF81F, 0xF81F, 0xF81F,
  0xF81F, 0xF81F, 0xF81F, 0xF81F, 0xF81F, 0xF81F, 0xF81F, 0x4228, 0x0000, 0x1B93, 0x257B, 0x09A9, 0x20C2, 0x632C, 0x4228, 0x0861,
  0xACD0, 0xBD51, 0x1881, 0x2B0D, 0x5E9B, 0x2B0D, 0x0000, 0x630C, 0xF81F, 0xF81F, 0xF81F, 0xF81F, 0xF81F, 0xF81F, 0xF81F, 0xF81F,
  0xF81F, 0xF81F, 0xF81F, 0xF81F, 0xF81F, 0xF81F, 0xF81F, 0x4208, 0x0000, 0x0000, 0x0000, 0x0000, 0x0020, 0x0000, 0x0000, 0x0041,
  0x0000, 0x0000, 0x0020, 0x0020, 0x0020, 0x0020, 0x0020, 0x5AEB, 0xF81F, 0xF81F, 0xF81F, 0xF81F, 0xF81F, 0xF81F, 0xF81F, 0xF81F,
  0xF81F, 0xF81F, 0xF81F, 0xF81F, 0xF81F, 0xF81F, 0xF81F, 0x4208, 0x0000, 0x62E5, 0x9C88, 0x2942, 0x2125, 0x9CD3, 0x6B6D, 0x0820,
  0x81C6, 0x89E7, 0x1041, 0x2104, 0x4228, 0x2104, 0x0000, 0x630C, 0xF81F, 0xF81F, 0xF81F, 0xF81F, 0xF81F, 0xF81F, 0xF81F, 0xF81F,
  0xF81F, 0xF81F, 0xF81F, 0xF81F, 0xF81F, 0xF81F, 0xF81F, 0x4208, 0x0000, 0xD5EA, 0xFFEF, 0x62A3, 0x4A8B, 0xFFFF, 0xDF1C, 0x1041,
  0xFB6C, 0xFBAD, 0x2882, 0x3A08, 0x8430, 0x4208, 0x0000, 0x630C, 0xF81F, 0xF81F, 0xF81F, 0xF81F, 0xF81F, 0xF81F, 0xF81F, 0xF81F,
  0xF81F, 0xF81F, 0xF81F, 0xF81F, 0xF81F, 0xF81F, 0xF81F, 0x4208, 0x0000, 0x62E5, 0x9C88, 0x2922, 0x2105, 0x9CD3, 0x6B6D, 0x0820,
  0x81C6, 0x89E7, 0x1041, 0x1904, 0x4228, 0x2104, 0x0000, 0x5AEB, 0xF81F, 0xF81F, 0xF81F, 0xF81F, 0xF81F, 0xF81F, 0xF81F, 0xF81F,
  0xF81F, 0xF81F, 0xF81F, 0xF81F, 0xF81F, 0xF81F, 0xF81F, 0x4208, 0x0000, 0x0000, 0x0000, 0x0000, 0x0000, 0x0000, 0x0000, 0x0020,
  0x0000, 0x0000, 0x0020, 0x0000, 0x0000, 0x0000, 0x0000, 0x5AEB, 0xF81F, 0xF81F, 0xF81F, 0xF81F, 0xF81F, 0xF81F, 0xF81F, 0xF81F,
  0xF81F, 0xF81F, 0xF81F, 0xF81F, 0xF81F, 0xF81F, 0xF81F, 0x4208, 0x0000, 0x3410, 0x4E7A, 0x1207, 0x3065, 0xCA79, 0x89B0, 0x0061,
  0x1C78, 0x24DA, 0x0084, 0x7200, 0xDC60, 0x7200, 0x0000, 0x630B, 0xF81F, 0xF81F, 0xF81F, 0xF81F, 0xF81F, 0xF81F, 0xF81F, 0xF81F,
  0xF81F, 0xF81F, 0xF81F, 0xF81F, 0xF81F, 0xF81F, 0xF81F, 0x4208, 0x0000, 0x4556, 0x67FF, 0x12AA, 0x4867, 0xFB1F, 0xB215, 0x0082,
  0x1DBF, 0x263F, 0x00C5, 0x9A80, 0xFD80, 0x92A0, 0x0000, 0x630B, 0xF81F, 0xF81F, 0xF81F, 0xF81F, 0xF81F, 0xF81F, 0xF81F, 0xF81F,
  0xF81F, 0xF81F, 0xF81F, 0xF81F, 0xF81F, 0xF81F, 0xF81F, 0x4208, 0x0000, 0x0924, 0x11E8, 0x0082, 0x0821, 0x3888, 0x2865, 0x0020,
  0x0968, 0x0988, 0x0021, 0x2080, 0x4960, 0x20A0, 0x0000, 0x5AEB, 0xF81F, 0xF81F, 0xF81F, 0xF81F, 0xF81F, 0xF81F, 0xF81F, 0xF81F,
  0xF81F, 0xF81F, 0xF81F, 0xF81F, 0xF81F, 0xF81F, 0xF81F, 0x4208, 0x0000, 0x20E3, 0x3165, 0x0841, 0x0840, 0x2981, 0x18E1, 0x0000,
  0x1061, 0x1061, 0x0020, 0x0862, 0x18E5, 0x0862, 0x0000, 0x5AEB, 0xF81F, 0xF81F, 0xF81F, 0xF81F, 0xF81F, 0xF81F, 0xF81F, 0xF81F,
  0xF81F, 0xF81F, 0xF81F, 0xF81F, 0xF81F, 0xF81F, 0xF81F, 0x4208, 0x0000, 0xC618, 0xFFFF, 0x52AB, 0x41C2, 0xFFEE, 0xCDA9, 0x0021,
  0x632C, 0x6B8E, 0x0841, 0x5ACA, 0xB5B6, 0x5ACA, 0x0000, 0x5AEB, 0xF81F, 0xF81F, 0xF81F, 0xF81F, 0xF81F, 0xF81F, 0xF81F, 0xF81F,
  0xF81F, 0xF81F, 0xF81F, 0xF81F, 0xF81F, 0xF81F, 0xF81F, 0x4208, 0x0000, 0xA555, 0xEF9E, 0x4A4A, 0x3981, 0xF74C, 0xB4E8, 0x0020,
  0x5AEB, 0x632C, 0x0841, 0x4A69, 0xA514, 0x4A49, 0x0000, 0x5AEB, 0xF81F, 0xF81F, 0xF81F, 0xF81F, 0xF81F, 0xF81F, 0xF81F, 0xF81F,
  0xF81F, 0xF81F, 0xF81F, 0xF81F, 0xF81F, 0xF81F, 0xF81F, 0x39E7, 0x0000, 0x0800, 0x1040, 0x0000, 0x0000, 0x0040, 0x0020, 0x0000,
  0x0000, 0x0000, 0x0000, 0x0020, 0x0861, 0x0020, 0x0000, 0x5AEB, 0xF81F, 0xF81F, 0xF81F, 0xF81F, 0xF81F, 0xF81F, 0xF81F, 0xF81F,
  0xF81F, 0xF81F, 0xF81F, 0xF81F, 0xF81F, 0xF81F, 0xF81F, 0x39E7, 0x0000, 0x09CA, 0x0AEF, 0x00C4, 0x1840, 0x71A6, 0x5104, 0x0020,
  0x6B6D, 0x73AE, 0x0861, 0x0000, 0x0000, 0x0020, 0x0000, 0x5ACB, 0xF81F, 0xF81F, 0xF81F, 0xF81F, 0xF81F, 0xF81F, 0xF81F, 0xF81F,
  0xF81F, 0xF81F, 0xF81F, 0xF81F, 0xF81F, 0xF81F, 0xF81F, 0x39E7, 0x0000, 0x1CBA, 0x2F1F, 0x024D, 0x58C2, 0xFC0F, 0xCAA9, 0x10A2,
  0xFFFF, 0xFFFF, 0x3186, 0x0000, 0x0020, 0x0020, 0x0000, 0x5ACB, 0xF81F, 0xF81F, 0xF81F, 0xF81F, 0xF81F, 0xF81F, 0xF81F, 0xF81F,
  0xF81F, 0xF81F, 0xF81F, 0xF81F, 0xF81F, 0xF81F, 0xF81F, 0x39E7, 0x0000, 0x12AE, 0x1C55, 0x0126, 0x2861, 0xAA69, 0x7185, 0x0041,
  0x9CF3, 0xAD55, 0x10A2, 0x0000, 0x0020, 0x0020, 0x0000, 0x5ACB, 0xF81F, 0xF81F, 0xF81F, 0xF81F, 0xF81F, 0xF81F, 0xF81F, 0xF81F,
  0xF81F, 0xF81F, 0xF81F, 0xF81F, 0xF81F, 0xF81F, 0xF81F, 0x39E7, 0x0000, 0x0000, 0x0000, 0x0000, 0x0000, 0x0000, 0x0000, 0x0000,
  0x0000, 0x0000, 0x0000, 0x0000, 0x0000, 0x0000, 0x0000, 0x5ACB, 0xF81F, 0xF81F, 0xF81F, 0xF81F, 0xF81F, 0xF81F, 0xF81F, 0xF81F,
  0xF81F, 0xF81F, 0xF81F, 0xF81F, 0xF81F, 0xF81F, 0xF81F, 0x39C7, 0x0000, 0x1042, 0x0821, 0x0861, 0x1061, 0x1020, 0x1040, 0x0861,
  0x1041, 0x1021, 0x1061, 0x0841, 0x0000, 0x0841, 0x0000, 0x5ACB, 0xF81F, 0xF81F, 0xF81F, 0xF81F, 0xF81F, 0xF81F, 0xF81F, 0xF81F,
  0xF81F, 0xF81F, 0xF81F, 0xF81F, 0xF81F, 0xF81F, 0xF81F, 0x31C6, 0x2104, 0x53AB, 0x4C4B, 0x52C9, 0x4AAB, 0x3C12, 0x436F, 0x5269,
  0x4BEA, 0x4C2B, 0x4A69, 0x6B6D, 0x94B2, 0x738E, 0x10A2, 0x52AA, 0xF81F, 0xF81F, 0xF81F, 0xF81F, 0xF81F, 0xF81F, 0xF81F, 0xF81F,
  0xF81F, 0xF81F, 0xF81F, 0xF81F, 0xF81F, 0xF81F, 0xF81F, 0x39C7, 0x3166, 0x562C, 0x4FED, 0x5409, 0x3B70, 0x0F1F, 0x1D9B, 0x4AA9,
  0x4EEC, 0x4F6D, 0x3AA8, 0xBDB7, 0xFFFF, 0xBDF7, 0x2104, 0x5ACB, 0xF81F, 0xF81F, 0xF81F, 0xF81F, 0xF81F, 0xF81F, 0xF81F, 0xF81F,
  0xF81F, 0xF81F, 0xF81F, 0xF81F, 0xF81F, 0xF81F, 0xF81F, 0x31A6, 0x2945, 0x5D2D, 0x566D, 0x5BAA, 0x4B4F, 0x2DFB, 0x3CD6, 0x5AAA,
  0x55CC, 0x560D, 0x4AC9, 0x9CD3, 0xE71C, 0x9CF3, 0x18E3, 0x528A, 0xF81F, 0xF81F, 0xF81F, 0xF81F, 0xF81F, 0xF81F, 0xF81F, 0xF81F,
  0xF81F, 0xF81F, 0xF81F, 0xF81F, 0xF81F, 0xF81F, 0xF81F, 0x632C, 0x1082, 0x20E4, 0x20E4, 0x20E4, 0x2103, 0x20E3, 0x20E3, 0x2104,
  0x20E4, 0x20E4, 0x2104, 0x18E3, 0x18E3, 0x18C3, 0x18C3, 0x8C51, 0xF81F, 0xF81F, 0xF81F, 0xF81F, 0xF81F, 0xF81F, 0xF81F, 0xF81F,
  0xF81F, 0xF81F, 0xF81F, 0xF81F, 0xF81F, 0xF81F, 0xF81F, 0xF81F, 0x7BEF, 0x5ACB, 0x5AEB, 0x5ACB, 0x5ACB, 0x5ACB, 0x5ACB, 0x5ACB,
  0x5ACB, 0x5ACB, 0x5ACB, 0x5ACB, 0x5ACB, 0x5AEB, 0x8C72, 0xF81F, 0xF81F, 0xF81F, 0xF81F, 0xF81F, 0xF81F, 0xF81F, 0xF81F, 0xF81F,
};

const uint16_t icon_school[1024] PROGMEM = {
  0xF81F, 0xF81F, 0xF81F, 0xF81F, 0xF81F, 0xF81F, 0xF81F, 0xF81F, 0xF81F, 0xF81F, 0xF81F, 0xF81F, 0xF81F, 0xF81F, 0xF81F, 0xF81F,
  0xF81F, 0xF81F, 0xF81F, 0xF81F, 0xF81F, 0xF81F, 0xF81F, 0xF81F, 0xF81F, 0xF81F, 0xF81F, 0xF81F, 0xF81F, 0xF81F, 0xF81F, 0xF81F,
  0xF81F, 0xF81F, 0xF81F, 0xF81F, 0xF81F, 0xF81F, 0xF81F, 0xF81F, 0xF81F, 0xF81F, 0xF81F, 0xF81F, 0xF81F, 0xF81F, 0xF81F, 0xF81F,
  0xF81F, 0xF81F, 0xF81F, 0xF81F, 0xF81F, 0xF81F, 0xF81F, 0xF81F, 0xF81F, 0xF81F, 0xF81F, 0xF81F, 0xF81F, 0xF81F, 0xF81F, 0xF81F,
  0xF81F, 0xF81F, 0xF81F, 0xF81F, 0xF81F, 0xF81F, 0xF81F, 0xF81F, 0xF81F, 0xF81F, 0xF81F, 0xF81F, 0xF81F, 0xF81F, 0xF81F, 0xF81F,
  0xF81F, 0xF81F, 0xF81F, 0xF81F, 0xF81F, 0xF81F, 0xF81F, 0xF81F, 0xF81F, 0xF81F, 0xF81F, 0xF81F, 0xF81F, 0xF81F, 0xF81F, 0xF81F,
  0xF81F, 0xF81F, 0xF81F, 0xF81F, 0xF81F, 0xF81F, 0xF81F, 0xF81F, 0xF81F, 0xF81F, 0xF81F, 0xF81F, 0xF81F, 0xF81F, 0xF81F, 0xED32,
  0xF4D0, 0xF81F, 0xF81F, 0xF81F, 0xF81F, 0xF81F, 0xF81F, 0xF81F, 0xF81F, 0xF81F, 0xF81F, 0xF81F, 0xF81F, 0xF81F, 0xF81F, 0xF81F,
  0xF81F, 0xF81F, 0xF81F, 0xF81F, 0xF81F, 0xF81F, 0xF81F, 0xF81F, 0xF81F, 0xF81F, 0xF81F, 0xF81F, 0xF81F, 0xF81F, 0xF4D0, 0xF389,
  0xEB68, 0xF46E, 0xF81F, 0xF81F, 0xF81F, 0xF81F, 0xF81F, 0xF81F, 0xF81F, 0xF81F, 0xF81F, 0xF81F, 0xF81F, 0xF81F, 0xF81F, 0xF81F,
  0xF81F, 0xF81F, 0xF81F, 0xF81F, 0xF81F, 0xF81F, 0xF81F, 0xF81F, 0xF81F, 0xF81F, 0xF81F, 0xF81F, 0xF81F, 0xFC0B, 0xE369, 0x838C,
  0x8BED, 0xE389, 0xF3AA, 0xE5F7, 0xF81F, 0xF81F, 0xF81F, 0xF81F, 0xF81F, 0xF81F, 0xF81F, 0xF81F, 0xF81F, 0xF81F, 0xF81F, 0xF81F,
  0xF81F, 0xEE16, 0xED31, 0xECF0, 0xECF0, 0xECF0, 0xECF0, 0xECCF, 0xECCF, 0xECAF, 0xE4AF, 0xECAF, 0xFB88, 0xC349, 0x944F, 0xD697,
  0xDEF8, 0xAD52, 0xC3AA, 0xF368, 0xE46E, 0xDC8F, 0xDC8F, 0xDC8F, 0xDC8F, 0xDC8F, 0xDC8F, 0xDC8F, 0xDCAF, 0xE4B0, 0xDDD6, 0xF81F,
  0xF81F, 0xEC4B, 0xFC6C, 0xFC4C, 0xFC4B, 0xFC4B, 0xFC2B, 0xFC2B, 0xF40A, 0xEBEA, 0xFC0A, 0xFB88, 0xA349, 0x9D13, 0xE73A, 0xFFBB,
  0xFFBB, 0xEF7B, 0xBDF6, 0xB3EC, 0xF347, 0xF388, 0xD369, 0xDB89, 0xE3A9, 0xE3A9, 0xDBA9, 0xDBA9, 0xDBA9, 0xE3AA, 0xC349, 0xF81F,
  0xE48E, 0xFC4B, 0xF3EA, 0xF3EA, 0xEBC9, 0xEBC9, 0xEBC9, 0xEBA9, 0xE3AA, 0xF3C9, 0xDB28, 0x93AC, 0xB5D5, 0xF755, 0xE6CF, 0xD64E,
  0xDE6E, 0xEEEF, 0xEF33, 0xC657, 0xA46F, 0xD348, 0xEB68, 0xCB28, 0xCB28, 0xD348, 0xD348, 0xD348, 0xD348, 0xD349, 0xDB69, 0xBBED,
  0xD511, 0xBC0C, 0xB42C, 0xABCA, 0xABCA, 0xA3AA, 0xA3AA, 0x9B8A, 0x9BAA, 0x9B6A, 0xACF0, 0xCEB8, 0xF751, 0xC58A, 0xBD93, 0xD699,
  0xDEB9, 0xD656, 0xDE4C, 0xEECE, 0xD698, 0xAD31, 0x7AA8, 0x7AA7, 0x7A86, 0x7AA6, 0x82A6, 0x82C7, 0x8AC7, 0x8B07, 0x9349, 0xBCB1,
  0xF81F, 0xDEFA, 0xE716, 0xD694, 0xD674, 0xC633, 0xC633, 0xC613, 0xAD71, 0x94AE, 0xE73A, 0xFFD6, 0xCDCB, 0xCE7B, 0xFFFF, 0xFFFF,
  0xFFFF, 0xFFFF, 0xE73E, 0xE68D, 0xEEF2, 0xE6F9, 0x738B, 0x7BCB, 0x9CAE, 0x9CCE, 0x9CCE, 0xA4EE, 0xA50F, 0xB570, 0xBE16, 0xF81F,
  0xF81F, 0xEF3A, 0xFFF9, 0x8C91, 0x94D2, 0xF738, 0x94B1, 0x8492, 0xCE34, 0xB550, 0xF77B, 0xEF0F, 0xCE36, 0xFFFF, 0xFFDF, 0xFFFF,
  0xFFFF, 0xFFFF, 0xFFFF, 0xEF3A, 0xEECD, 0xE6F8, 0x942D, 0x944D, 0x6BCE, 0x94B1, 0xCDF3, 0x73EE, 0x94B1, 0xDE94, 0xCE56, 0xF81F,
  0xF81F, 0xEF3A, 0xFFF9, 0x6C53, 0x74B5, 0xF758, 0x7493, 0x6C95, 0xCE35, 0xB571, 0xF779, 0xE6CF, 0xE73C, 0xEF7D, 0xAD75, 0xA534,
  0xCE79, 0xFFFF, 0xFFFF, 0xF79E, 0xEEEF, 0xE6B5, 0x944E, 0x946E, 0x6454, 0x8CF5, 0xCDF3, 0x6453, 0x84F5, 0xE6B4, 0xCE56, 0xF81F,
  0xF81F, 0xEF3A, 0xFFF9, 0x7494, 0x7CD6, 0xF758, 0x7CB4, 0x74B6, 0xD675, 0xBD91, 0xEF79, 0xEEEF, 0xEF5D, 0xF79E, 0x94B2, 0x738D,
  0xCE38, 0xFFFF, 0xFFFF, 0xF7BE, 0xEEEF, 0xDE95, 0x9C8F, 0x9CAF, 0x6474, 0x8D15, 0xCDF3, 0x6454, 0x8D16, 0xE6B5, 0xCE56, 0xF81F,
  0xF81F, 0xEF3A, 0xFFF9, 0xD6B7, 0xD6D8, 0xEF17, 0xCE76, 0xCE77, 0xD674, 0xBDB1, 0xEF5B, 0xFF6F, 0xD675, 0x8C72, 0xC617, 0xFFFF,
  0xFFFF, 0xFFFF, 0xFFDF, 0xF79B, 0xE66C, 0xDEB8, 0x9CAE, 0xA4CF, 0xAD52, 0xB593, 0xC5B1, 0xB593, 0xBDD4, 0xDE73, 0xD657, 0xF81F,
  0xF81F, 0xEF3A, 0xFFF9, 0x94F1, 0x9D13, 0xEF58, 0x9CF1, 0x8CB2, 0xD675, 0xBDB1, 0xF77B, 0xF776, 0xE68B, 0xE71C, 0xFFFF, 0xFFFF,
  0xFFDF, 0xFFDF, 0xF7BF, 0xEEEE, 0xCDF1, 0xE73A, 0x9CAE, 0xA4CF, 0x73CE, 0x94B0, 0xCDD2, 0x7C0E, 0x94B1, 0xE694, 0xCE56, 0xF81F,
  0xF81F, 0xEF3A, 0xFFF9, 0x6C53, 0x74B5, 0xF758, 0x7473, 0x6C75, 0xD696, 0xBDB1, 0xF77A, 0xF7BC, 0xEEF2, 0xF6EC, 0xEF57, 0xF7BC,
  0xF7BD, 0xF799, 0xE6CD, 0xC5AD, 0xE6F9, 0xEF39, 0x9CAE, 0xA4F0, 0x5C33, 0x84D4, 0xCDD2, 0x5C13, 0x84F5, 0xE6B4, 0xCE56, 0xF81F,
  0xF81F, 0xEF3A, 0xFFF9, 0x6C74, 0x7CD6, 0xF758, 0x7493, 0x74B6, 0xD696, 0xBDB1, 0xF77A, 0xFFDB, 0xF77B, 0xE6D4, 0xE66E, 0xDE6E,
  0xDE4D, 0xCE0D, 0xC5F2, 0xE6F9, 0xEF59, 0xE719, 0x9CAE, 0xA4F0, 0x6474, 0x8D15, 0xC5D2, 0x6454, 0x8516, 0xE694, 0xCE56, 0xF81F,
  0xF81F, 0xEF3A, 0xFFF9, 0xD697, 0xD6B8, 0xEF17, 0xCE76, 0xC657, 0xD675, 0xBDD2, 0xEF5A, 0xEF5A, 0xE719, 0xE719, 0xDEB8, 0xD656,
  0xCE36, 0xD677, 0xDED8, 0xDED7, 0xE6F8, 0xE718, 0x9CAE, 0xA4EF, 0xA552, 0xB593, 0xBD91, 0xAD72, 0xBDB3, 0xDE53, 0xCE56, 0xF81F,
  0xF81F, 0xEF3A, 0xFFF9, 0x9D12, 0xA533, 0xEF38, 0x9D11, 0x94F2, 0xD675, 0xBDD2, 0xE6F8, 0xDEB6, 0xCE55, 0xCE55, 0xCE54, 0xCE55,
  0xCE35, 0xCE34, 0xC614, 0xC614, 0xCE14, 0xD656, 0x9CAE, 0xA4CF, 0x73EE, 0x94B0, 0xC5B2, 0x7C0E, 0x94B0, 0xDE73, 0xCE36, 0xF81F,
  0xF81F, 0xEF3A, 0xFFF9, 0x6C32, 0x7495, 0xF738, 0x7472, 0x6C74, 0xD676, 0xBDD1, 0xD676, 0xD674, 0xD674, 0xD674, 0xD674, 0xD654,
  0xCE53, 0xCE33, 0xCE33, 0xCE33, 0xBDD2, 0xB573, 0x9CAE, 0xA4CF, 0x5BF2, 0x84B3, 0xC5B2, 0x5BD2, 0x7C94, 0xDE74, 0xCE36, 0xF81F,
  0xF81F, 0xEF3A, 0xFFF9, 0x6C53, 0x74B5, 0xEF38, 0x7472, 0x6C75, 0xD676, 0xBDD1, 0xD696, 0xC5F2, 0xAD30, 0xA510, 0x9CF0, 0xA510,
  0xA510, 0x9CD0, 0x9CD0, 0xA4EF, 0xAD10, 0xB593, 0x9C8E, 0x9CCF, 0x5BF2, 0x84B3, 0xC5B2, 0x5BD1, 0x7C93, 0xDE73, 0xCE36, 0xF81F,
  0xF81F, 0xE73A, 0xFFD8, 0xCE77, 0xCE77, 0xE6F6, 0xC636, 0xC636, 0xD654, 0xBDB1, 0xDED8, 0xD5EF, 0x7BC9, 0x430F, 0x430F, 0x7BAA,
  0x738A, 0x430F, 0x430F, 0x7389, 0xA48C, 0xBDF5, 0x9C8E, 0xA4CF, 0xA512, 0xAD52, 0xBD91, 0xA532, 0xB573, 0xD632, 0xCE36, 0xF81F,
  0xF81F, 0xE71A, 0xFFD8, 0x9D12, 0xA533, 0xEF17, 0x9D11, 0x94D1, 0xD655, 0xBDB1, 0xDEF9, 0xEED1, 0x9CEC, 0x5BF3, 0x5BF3, 0x9CCC,
  0x94AD, 0x5BF3, 0x5BF3, 0x9CAC, 0xC56D, 0xC616, 0x9C8E, 0xA4CF, 0x73CD, 0x948F, 0xBD91, 0x7BED, 0x948F, 0xD653, 0xCE36, 0xF81F,
  0xF81F, 0xE71A, 0xFFD8, 0x5BB0, 0x6412, 0xEF18, 0x63D0, 0x5BD1, 0xCE55, 0xBD91, 0xE6F9, 0xEEF2, 0x9CCB, 0x5391, 0x5391, 0x9CCC,
  0x94AC, 0x5391, 0x5391, 0x9CAB, 0xCDAE, 0xCE37, 0x9C8E, 0x9CAF, 0x432E, 0x7411, 0xBDB2, 0x430E, 0x6BF1, 0xDE53, 0xCE16, 0xF81F,
  0xF81F, 0xE719, 0xFFB8, 0x5BB0, 0x6C12, 0xEF17, 0x63D0, 0x5BD1, 0xCE55, 0xBD90, 0xE6F9, 0xEEF2, 0x9CCB, 0x4B70, 0x4B50, 0x9CCB,
  0x948C, 0x4B50, 0x4B50, 0x9C8B, 0xCDCE, 0xCE37, 0x9C8E, 0x9CAF, 0x4B2E, 0x7411, 0xBD92, 0x4B0E, 0x6BF1, 0xD653, 0xC616, 0xF81F,
  0xF81F, 0xE719, 0xFF77, 0xB5B4, 0xB5D5, 0xDEB6, 0xAD94, 0xAD74, 0xCE34, 0xB591, 0xDEF9, 0xEEF2, 0x94AB, 0x4B2F, 0x432F, 0x9CAB,
  0x946B, 0x430F, 0x430F, 0x948A, 0xCDCF, 0xCE37, 0x9C8E, 0x9CAF, 0x8C70, 0x9CF1, 0xB551, 0x9490, 0xA512, 0xCE12, 0xCE16, 0xF81F,
  0xF81F, 0xE6F9, 0xFFD8, 0xF736, 0xF736, 0xE6F5, 0xEEF5, 0xE6D4, 0xD653, 0xBDD2, 0xE719, 0xF712, 0x9CAA, 0x430F, 0x42EE, 0x9CAB,
  0x946B, 0x42EE, 0x42EE, 0x948A, 0xD60F, 0xCE77, 0x9CAF, 0xA4EF, 0xBD70, 0xBD90, 0xBD90, 0xC5B1, 0xC5B0, 0xCE32, 0xC616, 0xF81F,
  0xF81F, 0xF81F, 0xD698, 0xCE77, 0xCE57, 0xCE57, 0xCE37, 0xCE36, 0xC616, 0xBDF5, 0xD698, 0xE692, 0x948B, 0x4B0E, 0x4B0E, 0x948B,
  0x8C4B, 0x4B0E, 0x4B0E, 0x946A, 0xC5AF, 0xBDF6, 0xAD54, 0xB574, 0xB5B5, 0xBDB5, 0xBDB5, 0xBDB5, 0xBDD5, 0xC5F6, 0xF81F, 0xF81F,
  0xF81F, 0xF81F, 0xF81F, 0xF81F, 0xF81F, 0xF81F, 0xF81F, 0xF81F, 0xF81F, 0xF81F, 0xF81F, 0xF81F, 0xF81F, 0xF81F, 0xF81F, 0xF81F,
  0xF81F, 0xF81F, 0xF81F, 0xF81F, 0xF81F, 0xF81F, 0xF81F, 0xF81F, 0xF81F, 0xF81F, 0xF81F, 0xF81F, 0xF81F, 0xF81F, 0xF81F, 0xF81F,
  0xF81F, 0xF81F, 0xF81F, 0xF81F, 0xF81F, 0xF81F, 0xF81F, 0xF81F, 0xF81F, 0xF81F, 0xF81F, 0xF81F, 0xF81F, 0xF81F, 0xF81F, 0xF81F,
  0xF81F, 0xF81F, 0xF81F, 0xF81F, 0xF81F, 0xF81F, 0xF81F, 0xF81F, 0xF81F, 0xF81F, 0xF81F, 0xF81F, 0xF81F, 0xF81F, 0xF81F, 0xF81F,
  0xF81F, 0xF81F, 0xF81F, 0xF81F, 0xF81F, 0xF81F, 0xF81F, 0xF81F, 0xF81F, 0xF81F, 0xF81F, 0xF81F, 0xF81F, 0xF81F, 0xF81F, 0xF81F,
  0xF81F, 0xF81F, 0xF81F, 0xF81F, 0xF81F, 0xF81F, 0xF81F, 0xF81F, 0xF81F, 0xF81F, 0xF81F, 0xF81F, 0xF81F, 0xF81F, 0xF81F, 0xF81F,
};

const uint16_t icon_bus[1024] PROGMEM = {
  0xF81F, 0xF81F, 0xF81F, 0xF81F, 0xF81F, 0xF81F, 0xF81F, 0xF81F, 0xF81F, 0xF81F, 0xF81F, 0xF81F, 0xF81F, 0xF81F, 0xF81F, 0xF81F,
  0xF81F, 0xF81F, 0xF81F, 0xF81F, 0xF81F, 0xF81F, 0xF81F, 0xF81F, 0xF81F, 0xF81F, 0xF81F, 0xF81F, 0xF81F, 0xF81F, 0xF81F, 0xF81F,
  0xF81F, 0xF81F, 0xF81F, 0xF81F, 0xF81F, 0xF81F, 0xF81F, 0xF81F, 0xE6F8, 0xEF79, 0xEF58, 0xEF58, 0xEF58, 0xEF58, 0xEF58, 0xEF58,
  0xEF58, 0xEF58, 0xEF58, 0xEF58, 0xEF58, 0xEF58, 0xF779, 0xE719, 0xF81F, 0xF81F, 0xF81F, 0xF81F, 0xF81F, 0xF81F, 0xF81F, 0xF81F,
  0xF81F, 0xF81F, 0xE71B, 0xE73B, 0xE73C, 0xE73C, 0xE73B, 0xE6FA, 0xF79A, 0xFFDB, 0xFFDB, 0xFFDB, 0xFFDB, 0xFFDB, 0xFFDB, 0xFFDB,
  0xFFDB, 0xFFDB, 0xFFDB, 0xFFDB, 0xFFDB, 0xFFDB, 0xFFDB, 0xF79A, 0xE6FA, 0xE73B, 0xE73C, 0xE73D, 0xE73C, 0xF81F, 0xF81F, 0xF81F,
  0xF81F, 0xF81F, 0xFFB9, 0xFFFB, 0xFFD1, 0xFFD1, 0xFFFA, 0xFFFC, 0xFFB9, 0xFFB9, 0xFFB9, 0xFFB9, 0xFFB9, 0xFFB9, 0xFFB9, 0xFFB9,
  0xFFB9, 0xFFB9, 0xFFB9, 0xFFB9, 0xFFB9, 0xFFB9, 0xFFB9, 0xFFB9, 0xFFFB, 0xFFFB, 0xFFF2, 0xFFD0, 0xFFF9, 0xF77A, 0xF81F, 0xF81F,
  0xF81F, 0xF81F, 0xFF99, 0xF735, 0xE3E0, 0xE3C0, 0xF6F4, 0xFFFA, 0xFFB9, 0xFFD9, 0xFFD9, 0xFFB9, 0xFFD9, 0xFFD9, 0xFFD9, 0xFFD9,
  0xFFD9, 0xFFB9, 0xFFD9, 0xFFD9, 0xFFD9, 0xFFD9, 0xFFD9, 0xFFB9, 0xFFB9, 0xFF98, 0xEC82, 0xE3E0, 0xEE50, 0xFFFC, 0xE6F8, 0xF81F,
  0xF81F, 0xF81F, 0xDE73, 0xE6F6, 0xCDF2, 0xCDD1, 0xDE73, 0xE695, 0xDE95, 0xDE95, 0xDE95, 0xE6D5, 0xE694, 0xDE94, 0xDE95, 0xDE95,
  0xDE94, 0xE6D5, 0xE6B5, 0xDE94, 0xDE95, 0xDE95, 0xDE95, 0xE6D5, 0xE6B5, 0xDE74, 0xBD50, 0xB4EF, 0xDEB5, 0xFFFA, 0xE6D7, 0xF81F,
  0xF81F, 0xF81F, 0x7514, 0x9D52, 0xFF97, 0x94D0, 0x5C30, 0x6451, 0x6450, 0x6451, 0x6430, 0x5B2C, 0x6430, 0x6451, 0x6451, 0x6450,
  0x6471, 0x5B4C, 0x5BAE, 0x6471, 0x6450, 0x6450, 0x6471, 0x5B4C, 0x5BEF, 0x6451, 0x6471, 0x6451, 0x740E, 0xFF98, 0xE6D6, 0xF81F,
  0xF81F, 0xF81F, 0x767B, 0xADD4, 0xE674, 0x5C72, 0x871D, 0x86BC, 0x86DC, 0x86FD, 0x7E9B, 0x434D, 0x7EBC, 0x86DC, 0x86DC, 0x86BC,
  0x8F3E, 0x5411, 0x6515, 0x8F3E, 0x86BC, 0x86BC, 0x871E, 0x4BAF, 0x6DB7, 0x871D, 0x86BC, 0x871D, 0x5C72, 0xDE94, 0xEF17, 0xF81F,
  0xF81F, 0xBEFC, 0x7619, 0xC614, 0xC5D2, 0x5CF5, 0x86BC, 0x7E5A, 0x7E5A, 0x7E7B, 0x7DF9, 0x434D, 0x7E7B, 0x7E5A, 0x7E5A, 0x7E5A,
  0x86BC, 0x5410, 0x64F4, 0x86BC, 0x7E5A, 0x7E5A, 0x86BC, 0x4BAF, 0x6D56, 0x869B, 0x7E5A, 0x86BC, 0x5C92, 0xD634, 0xEF16, 0xF81F,
  0xF81F, 0x9E9B, 0x6D97, 0xDE94, 0xA531, 0x5D57, 0x7E5B, 0x763A, 0x763A, 0x7E5A, 0x6DB8, 0x434D, 0x765A, 0x763A, 0x763A, 0x761A,
  0x7E9B, 0x53F0, 0x5CB4, 0x7E7B, 0x761A, 0x761A, 0x7E9B, 0x4BAF, 0x6515, 0x7E7B, 0x7619, 0x7E7B, 0x5452, 0xCE13, 0xEF16, 0xF81F,
  0xF81F, 0x7E3A, 0x64F4, 0xEED5, 0x8CB0, 0x5D78, 0x6E1A, 0x6DF9, 0x6DF9, 0x6E1A, 0x6536, 0x3B4D, 0x6E3A, 0x6DF9, 0x6DF9, 0x6DD9,
  0x765B, 0x4BD0, 0x5473, 0x763B, 0x6DF9, 0x6DD9, 0x765B, 0x438F, 0x5CD4, 0x763A, 0x6DD9, 0x763B, 0x4C32, 0xC5D2, 0xEF16, 0xF81F,
  0xF81F, 0x65D9, 0x6CB2, 0xF6F5, 0x744F, 0x5D98, 0x6DD9, 0x65B8, 0x65B8, 0x6DF9, 0x5CD4, 0x3B2D, 0x65F9, 0x65B8, 0x65B8, 0x65B8,
  0x6E1A, 0x4B8F, 0x4C52, 0x6DFA, 0x65B8, 0x65B8, 0x6E1A, 0x436E, 0x5473, 0x6DF9, 0x6598, 0x6DFA, 0x4412, 0xC5B2, 0xEF36, 0xF81F,
  0xF81F, 0x5558, 0x7491, 0xF715, 0x5BEF, 0x5578, 0x6578, 0x5D78, 0x6578, 0x65B9, 0x5473, 0x332E, 0x5DDA, 0x5D98, 0x5D98, 0x5D98,
  0x65FA, 0x3B4E, 0x4432, 0x65D9, 0x5D98, 0x5D98, 0x65FA, 0x3B4E, 0x4432, 0x65DA, 0x5D78, 0x65FA, 0x33F1, 0xB570, 0xF756, 0xF81F,
  0xF81F, 0x4CF6, 0x84B1, 0xF6F5, 0x53AF, 0x5558, 0x5D37, 0x5D57, 0x5D37, 0x5D99, 0x3B90, 0x42AB, 0x6494, 0x5C53, 0x6453, 0x5C53,
  0x6474, 0x4B0D, 0x5390, 0x6474, 0x5C53, 0x5C53, 0x6474, 0x4B0E, 0x536F, 0x6474, 0x5C33, 0x5C74, 0x4B6F, 0xCE35, 0xEF37, 0xF81F,
  0xF81F, 0x4495, 0x8CD1, 0xF6F5, 0x4BAF, 0x5517, 0x5516, 0x54F6, 0x5D37, 0x4474, 0x8470, 0xEEF4, 0xEE91, 0xEEB1, 0xEEB1, 0xEEB1,
  0xEEB1, 0xEED2, 0xEED1, 0xEEB1, 0xEEB1, 0xEEB1, 0xEEB1, 0xEED2, 0xEED1, 0xEEB1, 0xEEB1, 0xEEB1, 0xEED1, 0xF732, 0xEED0, 0xF81F,
  0xF81F, 0x3434, 0x9D10, 0xF715, 0x434E, 0x44F7, 0x4CD6, 0x4CF6, 0x3C95, 0x5BAF, 0xF713, 0xFEC2, 0xFE80, 0xFE80, 0xFEA0, 0xFEA0,
  0xFEA0, 0xFE80, 0xFE80, 0xFEA0, 0xFEA0, 0xFEA0, 0xFEA0, 0xFE80, 0xFE80, 0xFEA0, 0xFEA0, 0xFEA0, 0xFE80, 0xFE80, 0xF620, 0xF81F,
  0xF81F, 0x53F2, 0xBDF5, 0xF779, 0x7431, 0x43D2, 0x5413, 0x5413, 0x53D1, 0xCE33, 0xFEC5, 0xFE40, 0xFE60, 0xFE60, 0xFE60, 0xFE60,
  0xFE60, 0xFE60, 0xFE60, 0xFE60, 0xFE60, 0xFE60, 0xFE60, 0xFE60, 0xFE60, 0xFE60, 0xFE60, 0xFE60, 0xFE60, 0xFE80, 0xF620, 0xF81F,
  0xDE97, 0xF6CC, 0xF6ED, 0xEEAD, 0xF6EE, 0xEE8D, 0xEE8D, 0xEE8C, 0xF6AC, 0xFE84, 0xFE20, 0xFE40, 0xFE40, 0xFE40, 0xFE40, 0xFE40,
  0xFE40, 0xFE40, 0xFE40, 0xFE40, 0xFE40, 0xFE40, 0xFE40, 0xFE40, 0xFE40, 0xFE40, 0xFE40, 0xFE40, 0xFE40, 0xFE60, 0xF5E0, 0xD2E7,
  0xDE96, 0xFDE0, 0xFDE0, 0xF600, 0xFDE0, 0xFDE0, 0xF5C0, 0xF5C0, 0xFDE0, 0xF600, 0xF600, 0xF620, 0xF620, 0xF620, 0xF620, 0xF620,
  0xF620, 0xF620, 0xF620, 0xF620, 0xF600, 0xF600, 0xF600, 0xF5C0, 0xF5C0, 0xF5C0, 0xFDE0, 0xF600, 0xF600, 0xF620, 0xEDC0, 0xD204,
  0xCE15, 0xFB22, 0xFBA0, 0xFC00, 0xD404, 0xC50C, 0xCDB0, 0xCD2D, 0xDC24, 0xFBE0, 0xFC00, 0xFC00, 0xFC00, 0xFC00, 0xFC00, 0xFC00,
  0xFC00, 0xFC00, 0xFC00, 0xFC00, 0xFC00, 0xFBE0, 0xE402, 0xD50B, 0xD5B0, 0xCD2D, 0xD425, 0xFBE0, 0xFC00, 0xFC20, 0xFB80, 0xD1E6,
  0xCDB4, 0xF321, 0xEA60, 0xA2E6, 0x8C93, 0xA556, 0xAD97, 0xB5D8, 0xA515, 0xB348, 0xFAE0, 0xFAE0, 0xFAE0, 0xFB00, 0xFB00, 0xFB00,
  0xFB00, 0xFB00, 0xFB00, 0xFB00, 0xFAE0, 0xC305, 0x9CB3, 0xB5B8, 0xAD97, 0xA576, 0x94D4, 0x9329, 0xEAC0, 0xFB20, 0xFAA0, 0xD207,
  0xD574, 0xD9C0, 0x91E2, 0x4AAB, 0x52AA, 0x39E7, 0x39A6, 0x4208, 0x632C, 0x636E, 0xA223, 0xF240, 0xEA40, 0xF240, 0xF240, 0xF240,
  0xF240, 0xF240, 0xF240, 0xF240, 0xB201, 0x632C, 0x6B6D, 0x4A28, 0x39A6, 0x39C7, 0x5269, 0x530D, 0x7A25, 0xEA20, 0xC9E0, 0xF81F,
  0xAD14, 0x7288, 0x4208, 0x2965, 0x2945, 0x2125, 0x2125, 0x2125, 0x2945, 0x39C7, 0x5269, 0x8B8D, 0x8B8C, 0x938C, 0x938C, 0x938C,
  0x938C, 0x938C, 0x938C, 0x93AD, 0x62A9, 0x39C7, 0x2965, 0x2925, 0x2125, 0x2125, 0x2945, 0x3166, 0x39C6, 0x7B2B, 0x7B0B, 0xA555,
  0x6B6E, 0x31E8, 0x2945, 0x2945, 0x2945, 0x3A08, 0x4AAA, 0x39E8, 0x2965, 0x3186, 0x2986, 0x3A28, 0x3A08, 0x3A28, 0x3A28, 0x3A28,
  0x3A28, 0x3A08, 0x3A08, 0x3A29, 0x31A6, 0x2945, 0x2945, 0x31C7, 0x4A8A, 0x4249, 0x2966, 0x3186, 0x2945, 0x3A08, 0x4229, 0x528A,
  0x6B4D, 0x2965, 0x2124, 0x2945, 0x4A8A, 0x9492, 0xC638, 0x8C92, 0x4249, 0x2945, 0x2945, 0x31A6, 0x39C7, 0x39C7, 0x39C7, 0x39C7,
  0x39C7, 0x39C7, 0x39C7, 0x39C7, 0x2945, 0x2925, 0x39E8, 0x8431, 0xC618, 0x9CF4, 0x52EB, 0x2965, 0x2925, 0x2965, 0x31A7, 0x528A,
  0x7BF0, 0x2124, 0x18C3, 0x31A7, 0x6B6E, 0x7BEF, 0x8451, 0x7BF0, 0x632D, 0x2965, 0x18E3, 0x3186, 0x31C7, 0x31A7, 0x31A7, 0x31A7,
  0x31A7, 0x31A7, 0x31C7, 0x31A6, 0x2104, 0x2124, 0x5B0C, 0x7BCF, 0x8451, 0x7BF0, 0x6B8E, 0x3A08, 0x18C3, 0x2124, 0x3186, 0x632D,
  0xF81F, 0x7BCF, 0x2945, 0x3186, 0x73CF, 0x4249, 0x3A08, 0x4A8A, 0x6B8E, 0x2124, 0x3186, 0x6B8E, 0x738E, 0x738E, 0x738E, 0x738E,
  0x738E, 0x738E, 0x738E, 0x738E, 0x4228, 0x18E3, 0x6B4D, 0x5AEC, 0x3A08, 0x3A29, 0x73AF, 0x3A08, 0x18C3, 0x630C, 0x738F, 0xF81F,
  0xF81F, 0xF81F, 0xA515, 0x18A3, 0x632C, 0x8C71, 0x6B8E, 0x8451, 0x528A, 0x1082, 0xF81F, 0xF81F, 0xF81F, 0xF81F, 0xF81F, 0xF81F,
  0xF81F, 0xF81F, 0xF81F, 0xF81F, 0xF81F, 0x10A2, 0x4208, 0x8451, 0x73AF, 0x8451, 0x73AE, 0x18E3, 0x738F, 0xF81F, 0xF81F, 0xF81F,
  0xF81F, 0xF81F, 0xF81F, 0x632D, 0x18C3, 0x4A49, 0x632C, 0x39E7, 0x1082, 0x7BCF, 0xF81F, 0xF81F, 0xF81F, 0xF81F, 0xF81F, 0xF81F,
  0xF81F, 0xF81F, 0xF81F, 0xF81F, 0xF81F, 0x9CF4, 0x10A2, 0x31C7, 0x630C, 0x528A, 0x18E3, 0x4229, 0xF81F, 0xF81F, 0xF81F, 0xF81F,
  0xF81F, 0xF81F, 0xF81F, 0xF81F, 0x94B3, 0x39E8, 0x2104, 0x4208, 0xA515, 0xF81F, 0xF81F, 0xF81F, 0xF81F, 0xF81F, 0xF81F, 0xF81F,
  0xF81F, 0xF81F, 0xF81F, 0xF81F, 0xF81F, 0xF81F, 0xF81F, 0x528A, 0x2104, 0x3186, 0x8410, 0xF81F, 0xF81F, 0xF81F, 0xF81F, 0xF81F,
  0xF81F, 0xF81F, 0xF81F, 0xF81F, 0xF81F, 0xF81F, 0xF81F, 0xF81F, 0xF81F, 0xF81F, 0xF81F, 0xF81F, 0xF81F, 0xF81F, 0xF81F, 0xF81F,
  0xF81F, 0xF81F, 0xF81F, 0xF81F, 0xF81F, 0xF81F, 0xF81F, 0xF81F, 0xF81F, 0xF81F, 0xF81F, 0xF81F, 0xF81F, 0xF81F, 0xF81F, 0xF81F,
  0xF81F, 0xF81F, 0xF81F, 0xF81F, 0xF81F, 0xF81F, 0xF81F, 0xF81F, 0xF81F, 0xF81F, 0xF81F, 0xF81F, 0xF81F, 0xF81F, 0xF81F, 0xF81F,
  0xF81F, 0xF81F, 0xF81F, 0xF81F, 0xF81F, 0xF81F, 0xF81F, 0xF81F, 0xF81F, 0xF81F, 0xF81F, 0xF81F, 0xF81F, 0xF81F, 0xF81F, 0xF81F,
};

const uint16_t icon_car[1024] PROGMEM = {
  0xF81F, 0xF81F, 0xF81F, 0xF81F, 0xF81F, 0xF81F, 0xF81F, 0xF81F, 0xF81F, 0xF81F, 0xF81F, 0xF81F, 0xF81F, 0xF81F, 0xF81F, 0xF81F,
  0xF81F, 0xF81F, 0xF81F, 0xF81F, 0xF81F, 0xF81F, 0xF81F, 0xF81F, 0xF81F, 0xF81F, 0xF81F, 0xF81F, 0xF81F, 0xF81F, 0xF81F, 0xF81F,
  0xF81F, 0xF81F, 0xF81F, 0xF81F, 0xF81F, 0xF81F, 0xF81F, 0xF81F, 0xF81F, 0xF81F, 0xF81F, 0xF81F, 0xF81F, 0xF81F, 0xF81F, 0xF81F,
  0xF81F, 0xF81F, 0xF81F, 0xF81F, 0xF81F, 0xF81F, 0xF81F, 0xF81F, 0xF81F, 0xF81F, 0xF81F, 0xF81F, 0xF81F, 0xF81F, 0xF81F, 0xF81F,
  0xF81F, 0xF81F, 0xF81F, 0xF81F, 0xF81F, 0xF81F, 0xF81F, 0xF81F, 0xF81F, 0xF81F, 0xF81F, 0xF81F, 0xF81F, 0xF81F, 0xF81F, 0xF81F,
  0xF81F, 0xF81F, 0xF81F, 0xF81F, 0xF81F, 0xF81F, 0xF81F, 0xF81F, 0xF81F, 0xF81F, 0xF81F, 0xF81F, 0xF81F, 0xF81F, 0xF81F, 0xF81F,
  0xF81F, 0xF81F, 0xF81F, 0xF81F, 0xF81F, 0xF81F, 0xF81F, 0xF81F, 0xF81F, 0xF81F, 0xF81F, 0xF81F, 0xF81F, 0xF81F, 0xF81F, 0xF81F,
  0xF81F, 0xF81F, 0xF81F, 0xF81F, 0xF81F, 0xF81F, 0xF81F, 0xF81F, 0xF81F, 0xF81F, 0x94B3, 0xF81F, 0xF81F, 0xF81F, 0xF81F, 0xF81F,
  0xF81F, 0xF81F, 0xF81F, 0xF81F, 0xF81F, 0xF81F, 0xF81F, 0xF81F, 0xF81F, 0xF81F, 0xF81F, 0xF81F, 0xF81F, 0xF81F, 0xF81F, 0xE4D2,
  0xC450, 0xB450, 0xB450, 0xB450, 0xBC50, 0xCC2F, 0xDC0E, 0xFCB1, 0xED13, 0xCCF4, 0x8410, 0xF81F, 0xF81F, 0xF81F, 0xF81F, 0xF81F,
  0xF81F, 0xF81F, 0xF81F, 0xF81F, 0xF81F, 0xF81F, 0xF81F, 0xF81F, 0xF81F, 0xF81F, 0xF81F, 0xF81F, 0xF81F, 0xED55, 0xCB4B, 0x84D3,
  0x7E39, 0x7E7A, 0x7E9A, 0x7E9A, 0x7E7A, 0x865A, 0x7D34, 0xC2E9, 0xFB8B, 0xFBCD, 0xE3EF, 0xF81F, 0xF81F, 0xF81F, 0xF81F, 0xF81F,
  0xF81F, 0xF81F, 0xF81F, 0xF81F, 0xF81F, 0xF81F, 0xF81F, 0xF81F, 0xF81F, 0xF81F, 0xF81F, 0xF81F, 0xDC93, 0xD2A9, 0x6D35, 0x8F3E,
  0x971D, 0x8EFC, 0x8EFC, 0x8EFC, 0x8EFC, 0x96FD, 0x8F9F, 0x7451, 0xE922, 0xFA46, 0xFA06, 0xE269, 0xF81F, 0xF81F, 0xF81F, 0xF81F,
  0xF81F, 0xF81F, 0xF81F, 0xF81F, 0xF81F, 0xF81F, 0xF81F, 0xF81F, 0xF81F, 0xF81F, 0xF81F, 0xBD36, 0xE227, 0x64B3, 0x7EBC, 0x7E5A,
  0x7E5A, 0x7E5A, 0x7E5A, 0x7E5A, 0x7E5A, 0x7E5A, 0x867B, 0x6DB7, 0xC8E3, 0xF8A2, 0xF8C2, 0xF8A2, 0xA493, 0xF81F, 0xF81F, 0xF81F,
  0xF81F, 0xF81F, 0xF81F, 0xF81F, 0xF81F, 0xF81F, 0xF81F, 0xF81F, 0xF81F, 0xF81F, 0xAE7B, 0xDA07, 0x734D, 0x661A, 0x6DD9, 0x6DD9,
  0x6DD9, 0x6DD9, 0x6DD9, 0x6DD9, 0x6DD9, 0x6DD9, 0x6DD9, 0x5DF9, 0xA1C7, 0xF881, 0xF8C2, 0xF861, 0xAA08, 0xF81F, 0xF81F, 0xF81F,
  0xF81F, 0xF81F, 0xF81F, 0xF81F, 0xF81F, 0xF81F, 0xF81F, 0xF81F, 0xF81F, 0xF81F, 0xBA8B, 0xA985, 0x4D37, 0x6578, 0x5D57, 0x5D57,
  0x5D57, 0x5D57, 0x5D57, 0x5D57, 0x5D57, 0x5D57, 0x5D57, 0x5599, 0x7A8A, 0xF840, 0xF8A2, 0xF8A1, 0xF0C3, 0x8516, 0xF81F, 0xF81F,
  0xF81F, 0xF81F, 0xF81F, 0xF81F, 0xF81F, 0xF81F, 0xF81F, 0xF81F, 0xF81F, 0x9CB4, 0xE8C2, 0x4390, 0x4D18, 0x4CD6, 0x54D6, 0x54D6,
  0x54F6, 0x54F6, 0x54F6, 0x54F6, 0x54F6, 0x54F6, 0x54F6, 0x4D38, 0x5B0D, 0xF860, 0xF8A2, 0xF8C2, 0xF840, 0x82AC, 0xF81F, 0xF81F,
  0xF81F, 0xF81F, 0xF81F, 0xF81F, 0xF81F, 0xF81F, 0xF81F, 0xF81F, 0xF81F, 0xD1A7, 0x9924, 0x7412, 0x9C93, 0x6C95, 0x3C96, 0x3C96,
  0x3C75, 0x3C75, 0x3C55, 0x3C55, 0x3454, 0x3434, 0x3C34, 0x3455, 0x4A2A, 0xF000, 0xF800, 0xF820, 0xF800, 0xD104, 0x963A, 0xF81F,
  0xF81F, 0xF81F, 0xF81F, 0xF81F, 0xF81F, 0xF81F, 0xF81F, 0xF81F, 0x9C32, 0xF881, 0x98C2, 0xE081, 0xF8E2, 0xA9E7, 0x52ED, 0x6B0D,
  0x732D, 0x736E, 0x7BAF, 0x83EF, 0x8431, 0x8C31, 0x8C31, 0x8C50, 0xBBAD, 0xFB6C, 0xFBAD, 0xFB6C, 0xFACA, 0xF9A5, 0xC2EC, 0xF81F,
  0xF81F, 0xF81F, 0xF81F, 0xF81F, 0xF81F, 0xF81F, 0xF81F, 0xE514, 0xF38C, 0xFD12, 0xF40E, 0xA820, 0x9000, 0xC1C5, 0xFDB4, 0xFD94,
  0xFDB4, 0xFDB4, 0xFDB4, 0xFDB4, 0xFD94, 0xFDB4, 0xFD94, 0xFD73, 0xFD73, 0xFD73, 0xFD53, 0xFD73, 0xFD94, 0xFD53, 0xF30A, 0xD576,
  0xF81F, 0xF81F, 0xF81F, 0xF81F, 0xE575, 0xED54, 0xFDD5, 0xFDD5, 0xFD73, 0xFCF1, 0xFBED, 0xC144, 0x9082, 0xD944, 0xFA68, 0xFA27,
  0xF9E6, 0xF9A5, 0xF984, 0xF944, 0xF923, 0xF923, 0xF903, 0xF8E2, 0xF8C2, 0xF8C1, 0xF8A1, 0xF8A1, 0xF8C2, 0xF923, 0xDA07, 0xB2AB,
  0xF81F, 0xF81F, 0xF81F, 0xEE99, 0xFE57, 0xFCB0, 0xFB4B, 0xF9E6, 0xF923, 0xF8A1, 0xF881, 0xE8A2, 0xD8A1, 0xF081, 0xF840, 0xF860,
  0xF860, 0xF861, 0xF861, 0xF861, 0xF861, 0xF861, 0xF861, 0xF861, 0xF881, 0xF881, 0xF881, 0xF881, 0xF881, 0xF860, 0xD8A2, 0x9A8A,
  0xF81F, 0xF81F, 0xEE18, 0xFFFF, 0xFAA9, 0xF820, 0xF800, 0xF800, 0xF861, 0xF881, 0xF061, 0xF060, 0xE860, 0xF060, 0xF060, 0xF860,
  0xF860, 0xF860, 0xF860, 0xF860, 0xF860, 0xF860, 0xF860, 0xF840, 0xF800, 0xF800, 0xF800, 0xF820, 0xF861, 0xF861, 0xF840, 0xCA69,
  0xF81F, 0xB3EF, 0xF71C, 0xE2CB, 0xF8C1, 0xFAEA, 0xFBCE, 0xFB6C, 0xF923, 0xF820, 0xE840, 0xE840, 0xE840, 0xE840, 0xE840, 0xE840,
  0xE840, 0xF040, 0xE840, 0xE840, 0xE840, 0xE840, 0xE820, 0xF860, 0xFA88, 0xFC2F, 0xFC0E, 0xFA47, 0xF860, 0xF840, 0xF840, 0xD2AA,
  0xF81F, 0xC1C6, 0xF0E3, 0xF922, 0xFBED, 0xFCB1, 0xFC90, 0xFD53, 0xFD73, 0xF9A4, 0xE800, 0xE000, 0xD800, 0xD800, 0xD800, 0xD800,
  0xD800, 0xD800, 0xD800, 0xD800, 0xD800, 0xE000, 0xF081, 0xFBAC, 0xFCD1, 0xFBAD, 0xFB8C, 0xFC4F, 0xFAA8, 0xF060, 0xF840, 0xD34D,
  0xB5D8, 0xD9A6, 0xF860, 0xF923, 0xB144, 0x68C3, 0x60C3, 0x70C2, 0xB9E6, 0xF9C5, 0xF0E2, 0xF1A5, 0xE985, 0xE9A5, 0xE9A5, 0xE9A5,
  0xE9A5, 0xE9A5, 0xE9A5, 0xE9A5, 0xF1A5, 0xF144, 0xF8E2, 0xE9C5, 0x90A2, 0x60A2, 0x60A2, 0x8882, 0xD923, 0xF8A1, 0xF081, 0xD472,
  0xC30C, 0xF9A5, 0xE081, 0x68A2, 0x2186, 0x2166, 0x2165, 0x2186, 0x2986, 0x8082, 0xE8A1, 0xF9A5, 0xF964, 0xF964, 0xF964, 0xF964,
  0xF964, 0xF964, 0xF964, 0xF964, 0xF985, 0xF103, 0xC020, 0x4124, 0x21A6, 0x2166, 0x2166, 0x21A6, 0x3965, 0xB040, 0xF0C2, 0xD269,
  0xA041, 0xE000, 0x8061, 0x21A6, 0x3166, 0x52AA, 0x6B6E, 0x526A, 0x3186, 0x29C7, 0xA040, 0xE000, 0xD800, 0xD800, 0xD800, 0xD800,
  0xD800, 0xD800, 0xD800, 0xD800, 0xD800, 0xD800, 0x5104, 0x2186, 0x39C7, 0x632C, 0x6B4D, 0x41E7, 0x29A6, 0x4145, 0xC800, 0xC020,
  0x9840, 0xC020, 0x40E3, 0x2966, 0x5AEC, 0x9CD3, 0xC638, 0x9CD3, 0x528A, 0x2186, 0x58E3, 0xC820, 0xC060, 0xC040, 0xC040, 0xC040,
  0xC040, 0xC040, 0xC040, 0xC040, 0xC840, 0x9840, 0x2945, 0x39C7, 0x73AF, 0xB596, 0xBDF7, 0x7BF0, 0x39E7, 0x2166, 0x9061, 0xB040,
  0xA144, 0xB820, 0x30A2, 0x31E7, 0x738E, 0x738E, 0x7BEF, 0x73AF, 0x6B6D, 0x2986, 0x40A2, 0xB820, 0xB820, 0xB820, 0xB820, 0xB820,
  0xB820, 0xB820, 0xB820, 0xB820, 0xC820, 0x8840, 0x1904, 0x5ACB, 0x738E, 0x73AF, 0x7BCF, 0x73AE, 0x5ACB, 0x1924, 0x8041, 0xA840,
  0xF81F, 0xCC31, 0x3966, 0x3186, 0x7C10, 0x52AA, 0x3A08, 0x5AEC, 0x73AF, 0x2124, 0x49C7, 0xCC31, 0xC410, 0xCC10, 0xCC10, 0xCC10,
  0xCC10, 0xCC10, 0xCC10, 0xCC10, 0xD431, 0xABAE, 0x10A2, 0x52AA, 0x73CF, 0x4228, 0x4228, 0x73AE, 0x5ACB, 0x0882, 0x9B2D, 0xF81F,
  0xF81F, 0xF81F, 0xF81F, 0x10A2, 0x5ACB, 0x94B2, 0x8431, 0x8C71, 0x4228, 0x0861, 0xF81F, 0xF81F, 0xF81F, 0xF81F, 0xF81F, 0xF81F,
  0xF81F, 0xF81F, 0xF81F, 0xF81F, 0xF81F, 0xF81F, 0x4A6A, 0x2945, 0x7BEF, 0x8C92, 0x8C71, 0x7BCF, 0x2925, 0x3186, 0xF81F, 0xF81F,
  0xF81F, 0xF81F, 0xF81F, 0x7BF0, 0x10A2, 0x39C7, 0x4A69, 0x2965, 0x1082, 0x8C51, 0xF81F, 0xF81F, 0xF81F, 0xF81F, 0xF81F, 0xF81F,
  0xF81F, 0xF81F, 0xF81F, 0xF81F, 0xF81F, 0xF81F, 0xF81F, 0x4208, 0x18E3, 0x4228, 0x4228, 0x18E3, 0x2966, 0xF81F, 0xF81F, 0xF81F,
  0xF81F, 0xF81F, 0xF81F, 0xF81F, 0xF81F, 0x632D, 0x528A, 0x6B4D, 0xF81F, 0xF81F, 0xF81F, 0xF81F, 0xF81F, 0xF81F, 0xF81F, 0xF81F,
  0xF81F, 0xF81F, 0xF81F, 0xF81F, 0xF81F, 0xF81F, 0xF81F, 0xF81F, 0x94B3, 0x5ACB, 0x528A, 0x8411, 0xF81F, 0xF81F, 0xF81F, 0xF81F,
  0xF81F, 0xF81F, 0xF81F, 0xF81F, 0xF81F, 0xF81F, 0xF81F, 0xF81F, 0xF81F, 0xF81F, 0xF81F, 0xF81F, 0xF81F, 0xF81F, 0xF81F, 0xF81F,
  0xF81F, 0xF81F, 0xF81F, 0xF81F, 0xF81F, 0xF81F, 0xF81F, 0xF81F, 0xF81F, 0xF81F, 0xF81F, 0xF81F, 0xF81F, 0xF81F, 0xF81F, 0xF81F,
  0xF81F, 0xF81F, 0xF81F, 0xF81F, 0xF81F, 0xF81F, 0xF81F, 0xF81F, 0xF81F, 0xF81F, 0xF81F, 0xF81F, 0xF81F, 0xF81F, 0xF81F, 0xF81F,
  0xF81F, 0xF81F, 0xF81F, 0xF81F, 0xF81F, 0xF81F, 0xF81F, 0xF81F, 0xF81F, 0xF81F, 0xF81F, 0xF81F, 0xF81F, 0xF81F, 0xF81F, 0xF81F,
  0xF81F, 0xF81F, 0xF81F, 0xF81F, 0xF81F, 0xF81F, 0xF81F, 0xF81F, 0xF81F, 0xF81F, 0xF81F, 0xF81F, 0xF81F, 0xF81F, 0xF81F, 0xF81F,
  0xF81F, 0xF81F, 0xF81F, 0xF81F, 0xF81F, 0xF81F, 0xF81F, 0xF81F, 0xF81F, 0xF81F, 0xF81F, 0xF81F, 0xF81F, 0xF81F, 0xF81F, 0xF81F,
  0xF81F, 0xF81F, 0xF81F, 0xF81F, 0xF81F, 0xF81F, 0xF81F, 0xF81F, 0xF81F, 0xF81F, 0xF81F, 0xF81F, 0xF81F, 0xF81F, 0xF81F, 0xF81F,
  0xF81F, 0xF81F, 0xF81F, 0xF81F, 0xF81F, 0xF81F, 0xF81F, 0xF81F, 0xF81F, 0xF81F, 0xF81F, 0xF81F, 0xF81F, 0xF81F, 0xF81F, 0xF81F,
};

const uint16_t icon_doctor[1024] PROGMEM = {
  0xF81F, 0xF81F, 0xF81F, 0x9CD3, 0x73AE, 0xA515, 0xF81F, 0xF81F, 0xF81F, 0xF81F, 0xA514, 0x73AE, 0x9CD3, 0xF81F, 0xF81F, 0xF81F,
  0xF81F, 0xF81F, 0xF81F, 0xF81F, 0xF81F, 0xF81F, 0xF81F, 0xF81F, 0xF81F, 0xF81F, 0xF81F, 0xF81F, 0xF81F, 0xF81F, 0xF81F, 0xF81F,
  0xF81F, 0xC63A, 0xB5D8, 0x9CF4, 0x8C72, 0xF81F, 0xF81F, 0xF81F, 0xF81F, 0xF81F, 0xF81F, 0x8C72, 0x9CF4, 0xB5D8, 0xBE19, 0xF81F,
  0xF81F, 0xF81F, 0xF81F, 0xF81F, 0xF81F, 0xF81F, 0xF81F, 0xF81F, 0xF81F, 0xF81F, 0xF81F, 0xF81F, 0xF81F, 0xF81F, 0xF81F, 0xF81F,
  0xCE7B, 0xB5B7, 0xF81F, 0xF81F, 0xF81F, 0xF81F, 0xF81F, 0xF81F, 0xF81F, 0xF81F, 0xF81F, 0xF81F, 0xF81F, 0xF81F, 0xB5D8, 0xC65A,
  0xF81F, 0xF81F, 0xF81F, 0xF81F, 0xF81F, 0xF81F, 0xF81F, 0xF81F, 0xF81F, 0xF81F, 0xF81F, 0xF81F, 0xF81F, 0xF81F, 0xF81F, 0xF81F,
  0xAD56, 0xF81F, 0xF81F, 0xF81F, 0xF81F, 0xF81F, 0xF81F, 0xF81F, 0xF81F, 0xF81F, 0xF81F, 0xF81F, 0xF81F, 0xF81F, 0xF81F, 0xAD76,
  0xF81F, 0xF81F, 0xF81F, 0xF81F, 0xF81F, 0xF81F, 0xF81F, 0xF81F, 0xF81F, 0xF81F, 0xF81F, 0xF81F, 0xF81F, 0xF81F, 0xF81F, 0xF81F,
  0xA515, 0xF81F, 0xF81F, 0xF81F, 0xF81F, 0xF81F, 0xF81F, 0xF81F, 0xF81F, 0xF81F, 0xF81F, 0xF81F, 0xF81F, 0xF81F, 0xF81F, 0xAD55,
  0xF81F, 0xF81F, 0xF81F, 0xF81F, 0xF81F, 0xF81F, 0xF81F, 0xF81F, 0xF81F, 0xF81F, 0xF81F, 0xF81F, 0xF81F, 0xF81F, 0xF81F, 0xF81F,
  0xA535, 0xF81F, 0xF81F, 0xF81F, 0xF81F, 0xF81F, 0xF81F, 0xF81F, 0xF81F, 0xF81F, 0xF81F, 0xF81F, 0xF81F, 0xF81F, 0xF81F, 0xAD76,
  0xF81F, 0xF81F, 0xF81F, 0xF81F, 0xF81F, 0x8431, 0x6B6D, 0x6B4D, 0x6B4D, 0x7BCF, 0xBDF8, 0xF81F, 0xF81F, 0xF81F, 0xF81F, 0xF81F,
  0xA535, 0xF81F, 0xF81F, 0xF81F, 0xF81F, 0xF81F, 0xF81F, 0xF81F, 0xF81F, 0xF81F, 0xF81F, 0xF81F, 0xF81F, 0xF81F, 0xF81F, 0xAD76,
  0xF81F, 0xF81F, 0xF81F, 0xA535, 0x5ACB, 0x9CF4, 0xF81F, 0xF81F, 0xF81F, 0xAD76, 0x630C, 0x9492, 0xF81F, 0xF81F, 0xF81F, 0xF81F,
  0xA535, 0xF81F, 0xF81F, 0xF81F, 0xF81F, 0xF81F, 0xF81F, 0xF81F, 0xF81F, 0xF81F, 0xF81F, 0xF81F, 0xF81F, 0xF81F, 0xF81F, 0xAD56,
  0xF81F, 0xF81F, 0xB597, 0x528A, 0xF81F, 0xF81F, 0xF81F, 0xF81F, 0xF81F, 0xF81F, 0xF81F, 0x52AB, 0xAD76, 0xF81F, 0xF81F, 0xF81F,
  0xAD76, 0xF81F, 0xF81F, 0xF81F, 0xF81F, 0xF81F, 0xF81F, 0xF81F, 0xF81F, 0xF81F, 0xF81F, 0xF81F, 0xF81F, 0xF81F, 0xF81F, 0xAD76,
  0xF81F, 0xF81F, 0x528A, 0xF81F, 0xF81F, 0xF81F, 0xF81F, 0xF81F, 0xF81F, 0xF81F, 0xF81F, 0xF81F, 0x5ACB, 0xF81F, 0xF81F, 0xF81F,
  0xF81F, 0xBE19, 0xF81F, 0xF81F, 0xF81F, 0xF81F, 0xF81F, 0xF81F, 0xF81F, 0xF81F, 0xF81F, 0xF81F, 0xF81F, 0xF81F, 0xC639, 0xBDF8,
  0xF81F, 0xA515, 0x6B6E, 0xF81F, 0xF81F, 0xF81F, 0xF81F, 0xF81F, 0xF81F, 0xF81F, 0xF81F, 0xF81F, 0x5AEC, 0xF81F, 0xF81F, 0xF81F,
  0xF81F, 0xAD96, 0xF81F, 0xF81F, 0xF81F, 0xF81F, 0xF81F, 0xF81F, 0xF81F, 0xF81F, 0xF81F, 0xF81F, 0xF81F, 0xF81F, 0xB597, 0xF81F,
  0xF81F, 0x738E, 0xA535, 0xF81F, 0xF81F, 0xF81F, 0xF81F, 0xF81F, 0xF81F, 0xF81F, 0xF81F, 0xF81F, 0x738E, 0xAD76, 0xF81F, 0xF81F,
  0xF81F, 0xB5B7, 0xD6DC, 0xF81F, 0xF81F, 0xF81F, 0xF81F, 0xF81F, 0xF81F, 0xF81F, 0xF81F, 0xF81F, 0xF81F, 0xF81F, 0xAD96, 0xF81F,
  0xF81F, 0x630C, 0xF81F, 0xF81F, 0xF81F, 0xF81F, 0xF81F, 0xF81F, 0xF81F, 0xF81F, 0xF81F, 0xF81F, 0x738E, 0xAD76, 0xF81F, 0xF81F,
  0xF81F, 0xF81F, 0xBDF8, 0xF81F, 0xF81F, 0xF81F, 0xF81F, 0xF81F, 0xF81F, 0xF81F, 0xF81F, 0xF81F, 0xF81F, 0xCE5A, 0xBDF8, 0xF81F,
  0xF81F, 0x5ACB, 0xF81F, 0xF81F, 0xF81F, 0xF81F, 0xF81F, 0xF81F, 0xF81F, 0xF81F, 0xF81F, 0xF81F, 0x630C, 0xF81F, 0xF81F, 0xF81F,
  0xF81F, 0xF81F, 0xAD76, 0xF81F, 0xF81F, 0xF81F, 0xF81F, 0xF81F, 0xF81F, 0xF81F, 0xF81F, 0xF81F, 0xF81F, 0xB5B7, 0xF81F, 0xF81F,
  0xF81F, 0x5AEB, 0xF81F, 0xF81F, 0xF81F, 0xF81F, 0xF81F, 0xF81F, 0xF81F, 0xF81F, 0xF81F, 0xF81F, 0x52AB, 0xF81F, 0xF81F, 0xF81F,
  0xF81F, 0xF81F, 0x94B3, 0xF81F, 0xF81F, 0xF81F, 0xF81F, 0xF81F, 0xF81F, 0xF81F, 0xF81F, 0xF81F, 0xF81F, 0x9CD4, 0xF81F, 0xF81F,
  0xF81F, 0x5ACB, 0xF81F, 0xF81F, 0xF81F, 0xF81F, 0xF81F, 0xF81F, 0xF81F, 0xF81F, 0xF81F, 0x8C72, 0x7BCF, 0xF81F, 0xF81F, 0xF81F,
  0xF81F, 0xF81F, 0x5AEB, 0xF81F, 0xF81F, 0xF81F, 0xF81F, 0xF81F, 0xF81F, 0xF81F, 0xF81F, 0xF81F, 0xF81F, 0x5AEC, 0xF81F, 0xF81F,
  0xF81F, 0x630C, 0xF81F, 0xF81F, 0xF81F, 0xF81F, 0xF81F, 0xF81F, 0xF81F, 0xF81F, 0xF81F, 0x4A69, 0xF81F, 0xF81F, 0xF81F, 0xF81F,
  0xF81F, 0xF81F, 0x5ACB, 0xF81F, 0xF81F, 0xF81F, 0xF81F, 0xF81F, 0xF81F, 0xF81F, 0xF81F, 0xF81F, 0xF81F, 0x5ACB, 0xF81F, 0xF81F,
  0xF81F, 0x6B4D, 0xF81F, 0xF81F, 0xF81F, 0xF81F, 0xF81F, 0xF81F, 0xF81F, 0xF81F, 0x5AEB, 0x9CF4, 0xF81F, 0xF81F, 0xF81F, 0xF81F,
  0xF81F, 0xF81F, 0x5AEC, 0xF81F, 0xF81F, 0xF81F, 0xF81F, 0xF81F, 0xF81F, 0xF81F, 0xF81F, 0xF81F, 0xF81F, 0x5AEC, 0xF81F, 0xF81F,
  0xF81F, 0x7BCF, 0xA514, 0xF81F, 0xF81F, 0xF81F, 0xF81F, 0xF81F, 0xF81F, 0x6B4D, 0x8410, 0xF81F, 0xF81F, 0xF81F, 0xF81F, 0xF81F,
  0xF81F, 0xF81F, 0x73AF, 0x9CD3, 0xF81F, 0xF81F, 0xF81F, 0xF81F, 0xF81F, 0xF81F, 0xF81F, 0xF81F, 0x9CD3, 0x7BCF, 0xF81F, 0xF81F,
  0xF81F, 0x9492, 0x8C51, 0xF81F, 0xF81F, 0xF81F, 0xF81F, 0xF81F, 0x6B4D, 0x7BF0, 0xF81F, 0xF81F, 0xF81F, 0xF81F, 0xF81F, 0xF81F,
  0xF81F, 0xF81F, 0xF81F, 0x52AB, 0xF81F, 0xF81F, 0xF81F, 0xF81F, 0xF81F, 0xF81F, 0xF81F, 0xF81F, 0x52AB, 0xF81F, 0xF81F, 0xF81F,
  0xF81F, 0xA535, 0x7BCF, 0xF81F, 0xF81F, 0xF81F, 0xF81F, 0x738E, 0x7BF0, 0xF81F, 0xF81F, 0xF81F, 0xF81F, 0xF81F, 0xF81F, 0xF81F,
  0xF81F, 0xF81F, 0xF81F, 0x738E, 0x8410, 0xF81F, 0xF81F, 0xF81F, 0xF81F, 0xF81F, 0xF81F, 0x7BF0, 0x73AF, 0xF81F, 0xF81F, 0xF81F,
  0xF81F, 0xF81F, 0x6B6E, 0xF81F, 0xF81F, 0xF81F, 0x8431, 0x6B6E, 0xF81F, 0xF81F, 0xF81F, 0xF81F, 0xF81F, 0xF81F, 0xF81F, 0xF81F,
  0xF81F, 0xF81F, 0xF81F, 0xF81F, 0x6B4D, 0x738E, 0xBDD8, 0xF81F, 0xF81F, 0xBDD8, 0x738E, 0x6B4D, 0xF81F, 0xF81F, 0xF81F, 0xF81F,
  0xF81F, 0xF81F, 0x6B4D, 0xF81F, 0xF81F, 0xB5B7, 0x52AA, 0xF81F, 0xF81F, 0xA535, 0x738E, 0x73AF, 0xF81F, 0xF81F, 0xF81F, 0xF81F,
  0xF81F, 0xF81F, 0xF81F, 0xF81F, 0xF81F, 0xA535, 0x738E, 0x52AA, 0x52AA, 0x738E, 0xA535, 0xF81F, 0xF81F, 0xF81F, 0xF81F, 0xF81F,
  0xF81F, 0xF81F, 0x632D, 0xF81F, 0xF81F, 0x52AB, 0xF81F, 0xF81F, 0xA514, 0x8410, 0x9451, 0xC618, 0x7BCF, 0xCE7A, 0x8C31, 0xF81F,
  0xF81F, 0xF81F, 0xF81F, 0xF81F, 0xF81F, 0xF81F, 0xF81F, 0x73AF, 0x7BCF, 0xF81F, 0xF81F, 0xF81F, 0xF81F, 0xF81F, 0xF81F, 0xF81F,
  0xF81F, 0xF81F, 0x632C, 0xF81F, 0xA535, 0x6B4D, 0xF81F, 0xF81F, 0x5AEB, 0x83EF, 0x9492, 0xD71D, 0x73AF, 0xD65A, 0xC5B7, 0x738E,
  0xF81F, 0xF81F, 0xF81F, 0xF81F, 0xF81F, 0xF81F, 0xF81F, 0x94B3, 0x8C72, 0xF81F, 0xF81F, 0xF81F, 0xF81F, 0xF81F, 0xF81F, 0xF81F,
  0xF81F, 0xF81F, 0x6B4D, 0xF81F, 0x632D, 0xB596, 0xF81F, 0xF81F, 0x5AEC, 0xAD55, 0xDEFC, 0x94D4, 0x4229, 0xB5B7, 0xEF1C, 0x6B2D,
  0xF81F, 0xF81F, 0xF81F, 0xF81F, 0xF81F, 0xF81F, 0xF81F, 0xA535, 0x73AF, 0xF81F, 0xF81F, 0xF81F, 0xF81F, 0xF81F, 0xF81F, 0xF81F,
  0xF81F, 0xA535, 0x7BCF, 0xF81F, 0x5ACB, 0xF81F, 0xF81F, 0xF81F, 0xA515, 0x7BCF, 0x738E, 0x3186, 0x4A28, 0x630C, 0x83EF, 0x528A,
  0xF81F, 0xF81F, 0xF81F, 0xF81F, 0xF81F, 0xF81F, 0xF81F, 0xF81F, 0x630C, 0xF81F, 0xF81F, 0xF81F, 0xF81F, 0xF81F, 0xF81F, 0xF81F,
  0xF81F, 0x8C51, 0x9492, 0xF81F, 0x5AEB, 0xF81F, 0xF81F, 0xF81F, 0xF81F, 0x8410, 0x5B0C, 0x528A, 0x4A69, 0x39E7, 0x39C7, 0x8431,
  0xF81F, 0xF81F, 0xF81F, 0xF81F, 0xF81F, 0xF81F, 0xF81F, 0xF81F, 0x5ACB, 0xF81F, 0xF81F, 0xF81F, 0xF81F, 0xF81F, 0xF81F, 0xF81F,
  0xF81F, 0x630C, 0xF81F, 0xF81F, 0x52AA, 0xF81F, 0xF81F, 0xF81F, 0xF81F, 0x39C7, 0x4208, 0x6B4D, 0x738E, 0x3186, 0x5AEB, 0xF81F,
  0xF81F, 0xF81F, 0xF81F, 0xF81F, 0xF81F, 0xF81F, 0xF81F, 0xF81F, 0x7BCF, 0x9492, 0xF81F, 0xF81F, 0xF81F, 0xF81F, 0xF81F, 0xF81F,
  0xF81F, 0x528A, 0xF81F, 0xF81F, 0x9CD3, 0x5AEB, 0xF81F, 0xF81F, 0x6B4D, 0x73CF, 0x632D, 0x4228, 0x528A, 0x8431, 0xF81F, 0xF81F,
  0xF81F, 0xF81F, 0xF81F, 0xF81F, 0xF81F, 0xF81F, 0xF81F, 0xF81F, 0xF81F, 0x4A69, 0xF81F, 0xF81F, 0xF81F, 0xF81F, 0xF81F, 0xF81F,
  0x52AA, 0xAD56, 0xF81F, 0xF81F, 0xF81F, 0x9CF4, 0x6B4D, 0x6B4D, 0x9CF4, 0xF81F, 0xF81F, 0xF81F, 0xF81F, 0xF81F, 0xF81F, 0xF81F,
  0xF81F, 0xF81F, 0xF81F, 0xF81F, 0xF81F, 0xF81F, 0xF81F, 0xF81F, 0xF81F, 0xAD56, 0x5ACB, 0xB596, 0xF81F, 0xF81F, 0xBDD7, 0x630C,
  0x8C72, 0xF81F, 0xF81F, 0xF81F, 0xF81F, 0xF81F, 0xF81F, 0xF81F, 0xF81F, 0xF81F, 0xF81F, 0xF81F, 0xF81F, 0xF81F, 0xF81F, 0xF81F,
  0xF81F, 0xF81F, 0xF81F, 0xF81F, 0xF81F, 0xF81F, 0xF81F, 0xF81F, 0xF81F, 0xF81F, 0xF81F, 0x6B4D, 0x52AA, 0x52AA, 0x632D, 0xAD76,
  0xF81F, 0xF81F, 0xF81F, 0xF81F, 0xF81F, 0xF81F, 0xF81F, 0xF81F, 0xF81F, 0xF81F, 0xF81F, 0xF81F, 0xF81F, 0xF81F, 0xF81F, 0xF81F,
};

const uint16_t icon_dentist[1024] PROGMEM = {
  0xF81F, 0xF81F, 0xF81F, 0xF81F, 0xDEDA, 0xDEB9, 0xDEB9, 0xDEB9, 0xDEDA, 0xDEFB, 0xF81F, 0xF81F, 0xF81F, 0xF81F, 0xF81F, 0xF81F,
  0xF81F, 0xF81F, 0xF81F, 0xF81F, 0xE6FC, 0xE6FB, 0xE6DA, 0xDED9, 0xDED9, 0xDEDA, 0xDEDB, 0xF81F, 0xF81F, 0xF81F, 0xF81F, 0xF81F,
  0xF81F, 0xF81F, 0xF81F, 0xDE98, 0xEF5B, 0xF77C, 0xF77C, 0xF77C, 0xFF9C, 0xFFBC, 0xF75B, 0xE71A, 0xE6FA, 0xE6FB, 0xE6FB, 0xDEFB,
  0xE6FB, 0xE6FA, 0xE6FA, 0xE71A, 0xF77C, 0xFFBD, 0xFFBC, 0xF79C, 0xF79C, 0xFFBD, 0xF77B, 0xDEDA, 0xF81F, 0xF81F, 0xF81F, 0xF81F,
  0xF81F, 0xF81F, 0xDE97, 0xF75B, 0xEF3B, 0xEF5C, 0xF77C, 0xF77C, 0xF77C, 0xF77C, 0xF77C, 0xFFBD, 0xFFDD, 0xFFFE, 0xFFFE, 0xFFFD,
  0xFFFE, 0xFFFE, 0xFFDD, 0xFFBD, 0xF77C, 0xF77C, 0xF79C, 0xF79C, 0xF79D, 0xF79D, 0xF79D, 0xFFDD, 0xDEB8, 0xF81F, 0xF81F, 0xF81F,
  0xF81F, 0xD657, 0xF75B, 0xEF3A, 0xF77C, 0xF79C, 0xF7BD, 0xFFBD, 0xF7BD, 0xF7BD, 0xF79D, 0xF79D, 0xF79C, 0xF79C, 0xF79C, 0xF79C,
  0xF79C, 0xF79C, 0xF79C, 0xF79D, 0xF7BD, 0xFFBD, 0xFFBD, 0xFFBD, 0xFFBD, 0xFFBD, 0xFFBD, 0xF77C, 0xFFBC, 0xD678, 0xF81F, 0xF81F,
  0xDEBA, 0xE6D8, 0xE71A, 0xEF5B, 0xF77C, 0xF79D, 0xF7BD, 0xF7BD, 0xF7BD, 0xFFBD, 0xFFBD, 0xFFBD, 0xFFBD, 0xFFBD, 0xFFBD, 0xFFBD,
  0xFFBD, 0xFFBD, 0xFFBD, 0xFFBD, 0xFFBD, 0xFFBD, 0xFFBD, 0xFFBD, 0xF7BD, 0xFFBD, 0xF7BD, 0xF79C, 0xF77C, 0xDE77, 0xF81F, 0xF81F,
  0xD658, 0xEF19, 0xEF1A, 0xEF5B, 0xF77C, 0xF79D, 0xF79D, 0xF79D, 0xF79D, 0xF79D, 0xF7BD, 0xFFBD, 0xFFBD, 0xFFBD, 0xFFBD, 0xFFBD,
  0xFFBD, 0xFFBD, 0xFFBD, 0xFFBD, 0xFFBD, 0xF7BD, 0xF7BD, 0xF79D, 0xF79D, 0xF79D, 0xF79D, 0xF79D, 0xEF7C, 0xEF1A, 0xD699, 0xF81F,
  0xCE16, 0xE6F9, 0xE71A, 0xEF5B, 0xF77C, 0xF79D, 0xF79D, 0xF79D, 0xF79D, 0xF79D, 0xF79D, 0xF79D, 0xF79D, 0xF79D, 0xF79D, 0xF7BD,
  0xF79D, 0xF79D, 0xF79D, 0xF79D, 0xF79D, 0xF79D, 0xF79D, 0xF79D, 0xF79D, 0xF79D, 0xF79C, 0xF79C, 0xEF5B, 0xEF1A, 0xD657, 0xF81F,
  0xCDD5, 0xDEB8, 0xE71A, 0xEF5B, 0xF77C, 0xF77C, 0xF79C, 0xF79C, 0xF79C, 0xF79C, 0xF79C, 0xF79C, 0xF79C, 0xF79C, 0xF79C, 0xF79C,
  0xF79C, 0xF79C, 0xF79C, 0xF79C, 0xF79C, 0xF79C, 0xF79C, 0xF79C, 0xF79C, 0xF79C, 0xF79C, 0xF77C, 0xEF3B, 0xEF19, 0xCE16, 0xF81F,
  0xCDD4, 0xDE77, 0xE6F9, 0xEF3B, 0xEF5C, 0xF77C, 0xF77C, 0xF77C, 0xF77C, 0xF77C, 0xF77C, 0xF77C, 0xF77C, 0xF77C, 0xF77C, 0xF77C,
  0xF77C, 0xF77C, 0xF77C, 0xF77C, 0xF77C, 0xF77C, 0xF77C, 0xF77C, 0xF77C, 0xF77C, 0xF77C, 0xF75C, 0xEF3B, 0xE6D9, 0xC5F5, 0xF81F,
  0xC593, 0xD636, 0xDEB8, 0xE71A, 0xEF3B, 0xEF5B, 0xEF5C, 0xEF5C, 0xEF5C, 0xEF5C, 0xEF5B, 0xEF5B, 0xEF5B, 0xEF3B, 0xEF3B, 0xEF3B,
  0xEF5B, 0xEF5B, 0xEF5B, 0xEF5C, 0xEF5C, 0xF75C, 0xF77C, 0xF77C, 0xF77C, 0xEF5C, 0xEF5B, 0xEF3B, 0xE6FA, 0xE6B8, 0xC5D5, 0xF81F,
  0xBD72, 0xD615, 0xD677, 0xE6D9, 0xE6FA, 0xEF1A, 0xEF3B, 0xEF3B, 0xEF3B, 0xEF3B, 0xEF3B, 0xEF1A, 0xE71A, 0xE71A, 0xE71A, 0xE71A,
  0xE71A, 0xE71A, 0xEF1A, 0xEF3B, 0xEF3B, 0xEF5B, 0xEF5B, 0xEF5B, 0xEF5B, 0xEF3B, 0xEF3B, 0xE71A, 0xDEB9, 0xDE77, 0xC5F5, 0xF81F,
  0xC5B4, 0xD5F4, 0xD636, 0xDE98, 0xDEB9, 0xE6F9, 0xE6FA, 0xE6FA, 0xE71A, 0xE6FA, 0xE6FA, 0xE6D9, 0xE6D9, 0xDED9, 0xDEB9, 0xDEB9,
  0xDEB9, 0xE6D9, 0xE6D9, 0xE6FA, 0xE71A, 0xE71A, 0xEF1A, 0xEF1A, 0xEF1A, 0xE6FA, 0xE6F9, 0xDEB9, 0xD677, 0xD635, 0xCE37, 0xF81F,
  0xCE17, 0xCDD3, 0xCDF4, 0xD656, 0xDE78, 0xDEB8, 0xDEB9, 0xDED9, 0xE6D9, 0xDED9, 0xDEB9, 0xDE98, 0xDE98, 0xD678, 0xD677, 0xD677,
  0xD677, 0xDE78, 0xDE98, 0xDEB9, 0xE6D9, 0xE6D9, 0xE6F9, 0xE6F9, 0xE6D9, 0xDED9, 0xDE98, 0xD677, 0xD615, 0xCDB3, 0xF81F, 0xF81F,
  0xF81F, 0xBD51, 0xCDB3, 0xCE15, 0xD657, 0xD677, 0xDE98, 0xDE98, 0xDE98, 0xDE98, 0xDE78, 0xD677, 0xD657, 0xD636, 0xCE36, 0xCE36,
  0xCE36, 0xD637, 0xD677, 0xDE78, 0xDE98, 0xDEB8, 0xDEB9, 0xDEB9, 0xDEB8, 0xDE98, 0xD677, 0xD616, 0xD615, 0xC573, 0xF81F, 0xF81F,
  0xF81F, 0xC594, 0xD5D3, 0xCDD4, 0xD615, 0xD657, 0xD677, 0xD677, 0xD677, 0xD677, 0xD657, 0xD637, 0xCE36, 0xCE16, 0xCE16, 0xCE16,
  0xCE16, 0xCE36, 0xD637, 0xD657, 0xD677, 0xDE98, 0xDE98, 0xDE98, 0xDE77, 0xD677, 0xD636, 0xCDF5, 0xD614, 0xCE16, 0xF81F, 0xF81F,
  0xF81F, 0xF81F, 0xCD92, 0xCD93, 0xCDD4, 0xD615, 0xD636, 0xD657, 0xD657, 0xD657, 0xD636, 0xD636, 0xCE16, 0xCDF5, 0xCDF5, 0xCDF5,
  0xCDF5, 0xCE16, 0xCE16, 0xD636, 0xD657, 0xD677, 0xD677, 0xD677, 0xD657, 0xD636, 0xCDF5, 0xCDD4, 0xC592, 0xF81F, 0xF81F, 0xF81F,
  0xF81F, 0xF81F, 0xC594, 0xD5D3, 0xC5B3, 0xCDF4, 0xCE15, 0xD616, 0xD636, 0xD636, 0xCE16, 0xCE15, 0xCDF5, 0xCDD4, 0xC5D4, 0xCDD4,
  0xCDD4, 0xCDF5, 0xCE15, 0xCE16, 0xD636, 0xD657, 0xD657, 0xD656, 0xD636, 0xD615, 0xCDD4, 0xD614, 0xCE37, 0xF81F, 0xF81F, 0xF81F,
  0xF81F, 0xF81F, 0xF81F, 0xC572, 0xCDB3, 0xCDB4, 0xCDD4, 0xCDF5, 0xCDF5, 0xCDF5, 0xCDF5, 0xCDD4, 0xC5B4, 0xC5B3, 0xC593, 0xC593,
  0xC593, 0xCDD4, 0xCDD4, 0xCDF5, 0xCE16, 0xD636, 0xD636, 0xD636, 0xD615, 0xCDF4, 0xD614, 0xC5D5, 0xF81F, 0xF81F, 0xF81F, 0xF81F,
  0xF81F, 0xF81F, 0xF81F, 0xD699, 0xCDB3, 0xCDB4, 0xCDF4, 0xCDF5, 0xCDF5, 0xCDF4, 0xCDD4, 0xC5B4, 0xC593, 0xC572, 0xCD92, 0xCDB2,
  0xC572, 0xC592, 0xCDB4, 0xCDD4, 0xCE15, 0xD636, 0xD636, 0xD616, 0xCE15, 0xD5F5, 0xCDB4, 0xF81F, 0xF81F, 0xF81F, 0xF81F, 0xF81F,
  0xF81F, 0xF81F, 0xF81F, 0xF81F, 0xBD52, 0xCDF4, 0xCE15, 0xD636, 0xD615, 0xCE15, 0xCDF4, 0xC593, 0xC572, 0xCD92, 0xC551, 0xC593,
  0xBD30, 0xCD92, 0xC593, 0xCDD4, 0xCE15, 0xD636, 0xD636, 0xD636, 0xD616, 0xDE36, 0xCDD5, 0xF81F, 0xF81F, 0xF81F, 0xF81F, 0xF81F,
  0xF81F, 0xF81F, 0xF81F, 0xF81F, 0xBD52, 0xD615, 0xD656, 0xDE77, 0xD677, 0xD656, 0xCE15, 0xC592, 0xCD92, 0xC593, 0xF81F, 0xF81F,
  0xF81F, 0xC572, 0xCD92, 0xC593, 0xCE15, 0xD677, 0xDE77, 0xDE77, 0xD656, 0xDE77, 0xCDF5, 0xF81F, 0xF81F, 0xF81F, 0xF81F, 0xF81F,
  0xF81F, 0xF81F, 0xF81F, 0xF81F, 0xBD52, 0xD635, 0xDE77, 0xDEB8, 0xDEB8, 0xDE98, 0xCE15, 0xC593, 0xC552, 0xF81F, 0xF81F, 0xF81F,
  0xF81F, 0xF81F, 0xCD92, 0xC593, 0xCE15, 0xDE97, 0xDE98, 0xDE98, 0xDE77, 0xE697, 0xCE16, 0xF81F, 0xF81F, 0xF81F, 0xF81F, 0xF81F,
  0xF81F, 0xF81F, 0xF81F, 0xF81F, 0xBD52, 0xD635, 0xDE97, 0xDED8, 0xDEB8, 0xDE98, 0xD636, 0xD5D3, 0xCDF6, 0xF81F, 0xF81F, 0xF81F,
  0xF81F, 0xF81F, 0xC593, 0xCDD3, 0xCE15, 0xDE98, 0xDEB8, 0xDEB8, 0xDE97, 0xE6B8, 0xCE37, 0xF81F, 0xF81F, 0xF81F, 0xF81F, 0xF81F,
  0xF81F, 0xF81F, 0xF81F, 0xF81F, 0xBD93, 0xD615, 0xD677, 0xDEB8, 0xDEB8, 0xD677, 0xCE15, 0xC572, 0xF81F, 0xF81F, 0xF81F, 0xF81F,
  0xF81F, 0xF81F, 0xD658, 0xCDB3, 0xCE15, 0xDE97, 0xDEB8, 0xDE98, 0xDE77, 0xE697, 0xD658, 0xF81F, 0xF81F, 0xF81F, 0xF81F, 0xF81F,
  0xF81F, 0xF81F, 0xF81F, 0xF81F, 0xC5D5, 0xD5F4, 0xD636, 0xDE77, 0xDE77, 0xD636, 0xCDF5, 0xBD52, 0xF81F, 0xF81F, 0xF81F, 0xF81F,
  0xF81F, 0xF81F, 0xF81F, 0xC572, 0xCDF4, 0xD677, 0xDE97, 0xDE77, 0xD656, 0xDE56, 0xD679, 0xF81F, 0xF81F, 0xF81F, 0xF81F, 0xF81F,
  0xF81F, 0xF81F, 0xF81F, 0xF81F, 0xD658, 0xCDB3, 0xCDF5, 0xD656, 0xD656, 0xCE15, 0xD5F4, 0xC573, 0xF81F, 0xF81F, 0xF81F, 0xF81F,
  0xF81F, 0xF81F, 0xF81F, 0xBD31, 0xCDF4, 0xD636, 0xD656, 0xD656, 0xCE15, 0xC5B3, 0xF81F, 0xF81F, 0xF81F, 0xF81F, 0xF81F, 0xF81F,
  0xF81F, 0xF81F, 0xF81F, 0xF81F, 0xF81F, 0xBD31, 0xCDD4, 0xCE15, 0xCE15, 0xCDF5, 0xD5F4, 0xC5B5, 0xF81F, 0xF81F, 0xF81F, 0xF81F,
  0xF81F, 0xF81F, 0xF81F, 0xBD72, 0xD5F4, 0xCDF5, 0xCE15, 0xCE15, 0xD614, 0xC593, 0xF81F, 0xF81F, 0xF81F, 0xF81F, 0xF81F, 0xF81F,
  0xF81F, 0xF81F, 0xF81F, 0xF81F, 0xF81F, 0xC593, 0xCDD3, 0xCDD4, 0xCDF5, 0xCDD4, 0xCDD3, 0xCE17, 0xF81F, 0xF81F, 0xF81F, 0xF81F,
  0xF81F, 0xF81F, 0xF81F, 0xC594, 0xD5F4, 0xCDD4, 0xCDF4, 0xCDD4, 0xD5F4, 0xCE37, 0xF81F, 0xF81F, 0xF81F, 0xF81F, 0xF81F, 0xF81F,
  0xF81F, 0xF81F, 0xF81F, 0xF81F, 0xF81F, 0xF81F, 0xBD30, 0xC592, 0xC5B3, 0xC593, 0xC592, 0xD679, 0xF81F, 0xF81F, 0xF81F, 0xF81F,
  0xF81F, 0xF81F, 0xF81F, 0xCDF6, 0xCDB3, 0xC593, 0xC593, 0xCDD3, 0xBD52, 0xF81F, 0xF81F, 0xF81F, 0xF81F, 0xF81F, 0xF81F, 0xF81F,
  0xF81F, 0xF81F, 0xF81F, 0xF81F, 0xF81F, 0xF81F, 0xCDD6, 0xCD91, 0xBD71, 0xBD51, 0xB510, 0xF81F, 0xF81F, 0xF81F, 0xF81F, 0xF81F,
  0xF81F, 0xF81F, 0xF81F, 0xD679, 0xC551, 0xBD52, 0xC572, 0xC571, 0xF81F, 0xF81F, 0xF81F, 0xF81F, 0xF81F, 0xF81F, 0xF81F, 0xF81F,
  0xF81F, 0xF81F, 0xF81F, 0xF81F, 0xF81F, 0xF81F, 0xF81F, 0xC594, 0xC530, 0xC550, 0xBD10, 0xF81F, 0xF81F, 0xF81F, 0xF81F, 0xF81F,
  0xF81F, 0xF81F, 0xF81F, 0xF81F, 0xB4CF, 0xC530, 0xC530, 0xCDF6, 0xF81F, 0xF81F, 0xF81F, 0xF81F, 0xF81F, 0xF81F, 0xF81F, 0xF81F,
  0xF81F, 0xF81F, 0xF81F, 0xF81F, 0xF81F, 0xF81F, 0xF81F, 0xF81F, 0xCDF6, 0xC530, 0xCDF6, 0xF81F, 0xF81F, 0xF81F, 0xF81F, 0xF81F,
  0xF81F, 0xF81F, 0xF81F, 0xF81F, 0xC594, 0xBD10, 0xCE17, 0xF81F, 0xF81F, 0xF81F, 0xF81F, 0xF81F, 0xF81F, 0xF81F, 0xF81F, 0xF81F,
};

const uint16_t icon_gift[1024] PROGMEM = {
  0xF81F, 0xF81F, 0xF81F, 0xF81F, 0xF81F, 0xF81F, 0xF81F, 0xF81F, 0xEB2D, 0xE2CB, 0xDBF0, 0xF81F, 0xF81F, 0xF81F, 0xF81F, 0xF81F,
  0xC50D, 0xC467, 0xCD91, 0xF81F, 0xF81F, 0xE3CF, 0xDB8E, 0xF81F, 0xF81F, 0xF81F, 0xF81F, 0xF81F, 0xF81F, 0xF81F, 0xF81F, 0xF81F,
  0xF81F, 0xF81F, 0xF81F, 0xF81F, 0xF81F, 0xF81F, 0xF81F, 0xEC31, 0xFA6A, 0xE9C8, 0xF1C8, 0xD1E8, 0xD596, 0xCDD0, 0xC487, 0xC403,
  0xCC23, 0xCC23, 0xCC22, 0xDB4A, 0xFA6A, 0xFA49, 0xF9C8, 0xC2CB, 0xF81F, 0xF81F, 0xF81F, 0xF81F, 0xF81F, 0xF81F, 0xF81F, 0xF81F,
  0xF81F, 0xF81F, 0xF81F, 0xF81F, 0xF81F, 0xF81F, 0xF81F, 0xF2CB, 0xF208, 0xE1C7, 0xD9C7, 0xE1A7, 0xD9C6, 0xD303, 0xCC02, 0xC402,
  0xC422, 0xC402, 0xEB08, 0xFAAB, 0xFAAA, 0xF269, 0xE9E8, 0xC1E8, 0xF81F, 0xF81F, 0xF81F, 0xF81F, 0xF81F, 0xF81F, 0xF81F, 0xF81F,
  0xF81F, 0xF81F, 0xF81F, 0xF81F, 0xF81F, 0xF81F, 0xDD96, 0xFAAA, 0xE1C8, 0xD9A7, 0xD9C7, 0xD9C7, 0xD987, 0xD146, 0xE207, 0xDA06,
  0xCA24, 0xE2A7, 0xFA8B, 0xFACA, 0xFACA, 0xFA89, 0xE9E8, 0xC945, 0xD2CB, 0xF81F, 0xF81F, 0xF81F, 0xF81F, 0xF81F, 0xF81F, 0xF81F,
  0xF81F, 0xF81F, 0xF81F, 0xF81F, 0xD5F4, 0xC4EA, 0xD365, 0xFA8A, 0xE1C7, 0xD9A7, 0xD9A7, 0xE1E7, 0xD9C7, 0xEA49, 0xFA69, 0xE9C8,
  0xD147, 0xE1E8, 0xFAEA, 0xFB0B, 0xFAEB, 0xFA8A, 0xEA08, 0xC145, 0xC0E4, 0xB923, 0xB3EC, 0xF81F, 0xF81F, 0xF81F, 0xF81F, 0xF81F,
  0xF81F, 0xD616, 0xCCEC, 0xC445, 0xD443, 0xD462, 0xDB85, 0xFA8B, 0xE1C7, 0xD186, 0xD186, 0xE1A7, 0xE9E8, 0xF2CA, 0xFA89, 0xEA08,
  0xD187, 0xD9C7, 0xF249, 0xF28A, 0xFA8A, 0xFA49, 0xE9E8, 0xB125, 0x5941, 0x6240, 0x7AC0, 0x9364, 0xC571, 0xF81F, 0xF81F, 0xF81F,
  0xDE6E, 0xFEE3, 0xE503, 0xCC03, 0xCC03, 0xC442, 0xD3A5, 0xFAEC, 0xF208, 0xE9C7, 0xE1A7, 0xD186, 0x9904, 0xD289, 0xFB6C, 0xF249,
  0xC986, 0xD1E7, 0xFA29, 0xFA49, 0xFA49, 0xEA08, 0xE187, 0x99A3, 0x5A60, 0x6240, 0x6A60, 0xA382, 0xCC23, 0xBC25, 0xCD91, 0xF81F,
  0xD56E, 0xEDE3, 0xF704, 0xEE03, 0xD482, 0xBBE2, 0xCB05, 0xE2CB, 0xB9A6, 0x90E4, 0x6082, 0x4041, 0x2820, 0x68A2, 0xB9A5, 0xB164,
  0x7082, 0x4061, 0x8103, 0xA986, 0xD9E8, 0xE9E8, 0xD987, 0x79A1, 0x5A40, 0x6240, 0x8AE1, 0xBBC2, 0xCC43, 0xE4E3, 0xF563, 0xC50A,
  0xD5D0, 0xE4E3, 0xDCC3, 0xEE63, 0xF5A5, 0xDA07, 0xC925, 0x80A2, 0x4020, 0x3820, 0x3840, 0x5082, 0x78A2, 0x7862, 0x5841, 0x4060,
  0x5041, 0x6882, 0x88E3, 0x68C2, 0x50A2, 0x8104, 0xA945, 0x68E3, 0x6142, 0x8A81, 0xCC42, 0xE503, 0xE522, 0xD4A2, 0xC442, 0xB468,
  0xD5F2, 0xE523, 0xE4E3, 0xDD02, 0xE345, 0xF22A, 0xEA89, 0xC965, 0xA0A2, 0xA0C2, 0xB0A3, 0xB0A3, 0xA0E2, 0x9982, 0xA262, 0xAAE2,
  0xB202, 0xB8E3, 0xB8A3, 0xC124, 0xA924, 0x88C3, 0x70A2, 0x70E3, 0xA905, 0xC145, 0xD422, 0xCC81, 0xB3E1, 0xB3C1, 0xC401, 0xBC89,
  0xD614, 0xED43, 0xE503, 0xE563, 0xDB63, 0xD925, 0xEA28, 0xF2AA, 0xE9A6, 0xD0A3, 0xB943, 0xB282, 0xBB62, 0xE3E2, 0xF3C3, 0xEB83,
  0xDBA2, 0xCB63, 0xCA03, 0xC8A3, 0xC883, 0xD0C3, 0xC904, 0xB945, 0xB144, 0xA0E4, 0xAAE2, 0xBC01, 0xBBE1, 0xBC02, 0xC421, 0xBCAA,
  0xF81F, 0xD4E6, 0xED23, 0xE563, 0xDBA3, 0xD926, 0xD965, 0xE1A6, 0xE229, 0xDCE4, 0xE563, 0xDC03, 0xDBE3, 0xEC23, 0xFC23, 0xFC03,
  0xEBE3, 0xDBE3, 0xDC43, 0xE403, 0xD1E5, 0xB925, 0xA924, 0xA104, 0xA103, 0xA0E4, 0xB322, 0xBC21, 0xBBE1, 0xBC02, 0xC421, 0xBCA9,
  0xF81F, 0xCDB1, 0xDCC3, 0xDD23, 0xE3E3, 0xD925, 0xD986, 0xD986, 0xD165, 0xDCE3, 0xF6E3, 0xF6C3, 0xE523, 0xDC23, 0xDC23, 0xE443,
  0xE4A3, 0xED43, 0xED42, 0xD521, 0xAA63, 0xA0C4, 0xA103, 0xA104, 0xA104, 0xA0E4, 0xB322, 0xBC21, 0xBBE1, 0xBC01, 0xB402, 0xCDB3,
  0xF81F, 0xDE13, 0xED43, 0xD4C3, 0xD3A3, 0xD945, 0xD985, 0xD986, 0xD966, 0xDC43, 0xE523, 0xEDC3, 0xFF23, 0xF663, 0xED23, 0xED63,
  0xE542, 0xCC82, 0xBC01, 0xBC01, 0xAA22, 0xA0E4, 0xA104, 0xA104, 0xA104, 0xA0E4, 0xB322, 0xBC01, 0xABA1, 0xB3C1, 0xB447, 0xF81F,
  0xF81F, 0xDE35, 0xED43, 0xE563, 0xDC03, 0xD925, 0xD985, 0xD986, 0xD966, 0xDC43, 0xED83, 0xE503, 0xE503, 0xF663, 0xEDA2, 0xC441,
  0xBBE1, 0xBBE1, 0xBC01, 0xBC41, 0xAA42, 0xA0E4, 0xA104, 0xA104, 0xA104, 0xA0E4, 0xAAE2, 0xABC1, 0xB3C2, 0xC421, 0xBCA9, 0xF81F,
  0xF81F, 0xF81F, 0xED23, 0xE543, 0xE483, 0xD944, 0xD945, 0xD985, 0xD946, 0xDC23, 0xED83, 0xED43, 0xED43, 0xED23, 0xCC82, 0xBBE1,
  0xBC21, 0xBC01, 0xBC01, 0xBC21, 0xAA42, 0xA0E4, 0xA124, 0xA104, 0xA104, 0xA0E4, 0xAB22, 0xBC01, 0xBBE2, 0xC421, 0xBCA9, 0xF81F,
  0xF81F, 0xF81F, 0xE503, 0xE543, 0xE4E3, 0xD984, 0xD925, 0xD965, 0xD925, 0xCBA3, 0xED83, 0xED43, 0xED43, 0xED43, 0xD4A2, 0xBC01,
  0xBC01, 0xBC01, 0xBC01, 0xBC41, 0xAA42, 0xA0C4, 0xA104, 0xA104, 0xA104, 0xA104, 0xB362, 0xBC01, 0xBBE2, 0xC421, 0xBCCA, 0xF81F,
  0xF81F, 0xF81F, 0xDCE3, 0xE523, 0xE503, 0xD9C4, 0xD925, 0xD965, 0xD945, 0x8962, 0xCC42, 0xE503, 0xED63, 0xED43, 0xD4A2, 0xBC01,
  0xC421, 0xBC01, 0xBBE1, 0xAB81, 0x91A2, 0xA8E4, 0xA103, 0xA104, 0xA104, 0xA104, 0xB382, 0xBC01, 0xBBE2, 0xC421, 0xBCCB, 0xF81F,
  0xF81F, 0xF81F, 0xD4C3, 0xE523, 0xE543, 0xDA04, 0xD905, 0xD965, 0xD945, 0x9162, 0xD4A2, 0xD4C2, 0xD4A2, 0xED43, 0xD4C2, 0xBBE1,
  0xB3C1, 0xABA1, 0xB3C1, 0xA361, 0x8942, 0xA8E4, 0xA103, 0xA104, 0xA104, 0xA123, 0xB3A2, 0xBC01, 0xBBE2, 0xC441, 0xBCEB, 0xF81F,
  0xF81F, 0xF81F, 0xD4E4, 0xE523, 0xE543, 0xDA64, 0xD905, 0xD965, 0xD945, 0x9962, 0xDCC2, 0xED63, 0xDCE3, 0xD4A2, 0xC422, 0xABA1,
  0xB3C1, 0xBBE1, 0xBC01, 0xABA1, 0x9162, 0xA8E4, 0xA103, 0xA104, 0xA0E4, 0xA143, 0xB3C1, 0xBC01, 0xBBE2, 0xC421, 0xC50C, 0xF81F,
  0xF81F, 0xF81F, 0xD4E6, 0xED23, 0xE563, 0xDAE3, 0xD0E5, 0xD945, 0xD945, 0xA163, 0xDCC2, 0xED43, 0xED43, 0xED43, 0xCC82, 0xBC01,
  0xBC01, 0xBC01, 0xBC01, 0xB3C1, 0x9182, 0xA8E4, 0xA103, 0xA104, 0xA0E4, 0xA963, 0xB3E1, 0xBBE1, 0xBBE2, 0xC421, 0xC50D, 0xF81F,
  0xF81F, 0xF81F, 0xD507, 0xED23, 0xE543, 0xDB43, 0xD0E5, 0xD145, 0xD945, 0xA963, 0xDCC2, 0xED43, 0xE543, 0xED43, 0xDCC2, 0xBC01,
  0xBC01, 0xBC01, 0xBC01, 0xB3C1, 0x9182, 0xA8E4, 0xA103, 0xA104, 0xA0E4, 0xA983, 0xB3E1, 0xBBE1, 0xBBE2, 0xC421, 0xC54E, 0xF81F,
  0xF81F, 0xF81F, 0xD508, 0xF563, 0xE543, 0xDBA3, 0xD8E4, 0xD144, 0xD945, 0xB163, 0xD4C2, 0xED43, 0xE543, 0xED43, 0xD4A2, 0xBC01,
  0xBC01, 0xBC01, 0xBC01, 0xB3E1, 0x99A2, 0xA8E4, 0xA103, 0xA104, 0xA0E4, 0xA9A3, 0xB401, 0xBBE1, 0xB3E2, 0xC422, 0xC54F, 0xF81F,
  0xF81F, 0xF81F, 0xD615, 0xDCC3, 0xED83, 0xDC23, 0xD104, 0xD144, 0xD945, 0xB963, 0xD4C2, 0xED43, 0xE543, 0xED43, 0xD4A2, 0xBC01,
  0xBC01, 0xBC01, 0xBBE1, 0xB3E1, 0x99A2, 0xA8E4, 0xA103, 0xA104, 0xA0E4, 0xA9C3, 0xB401, 0xB3C2, 0xBC02, 0xCC41, 0xC54F, 0xF81F,
  0xF81F, 0xF81F, 0xF81F, 0xF81F, 0xD529, 0xECA3, 0xD944, 0xD144, 0xD945, 0xB964, 0xD4A2, 0xED43, 0xE523, 0xED43, 0xD4A2, 0xBBE1,
  0xBC01, 0xBBE1, 0xBBE1, 0xB3E1, 0x99A2, 0xA8E4, 0xA103, 0xA103, 0xA0E4, 0xAA03, 0xBC21, 0xBC01, 0xBC01, 0xB425, 0xF81F, 0xF81F,
  0xF81F, 0xF81F, 0xF81F, 0xF81F, 0xF81F, 0xD550, 0xE164, 0xD925, 0xD945, 0xC144, 0xD4A2, 0xED43, 0xE523, 0xED23, 0xD482, 0xBBE1,
  0xBBE1, 0xBBE1, 0xBBE1, 0xB401, 0x99C2, 0xA8E4, 0xA103, 0xA104, 0xA0E4, 0xB243, 0xBC21, 0xB426, 0xCDB3, 0xF81F, 0xF81F, 0xF81F,
  0xF81F, 0xF81F, 0xF81F, 0xF81F, 0xF81F, 0xF81F, 0xD451, 0xD924, 0xE145, 0xC164, 0xD482, 0xED23, 0xE503, 0xED23, 0xD482, 0xBBE1,
  0xBBE1, 0xBBE1, 0xBBE1, 0xB401, 0xA1C2, 0xA0E4, 0xA124, 0xA904, 0xB0E4, 0xAAC7, 0xCE14, 0xF81F, 0xF81F, 0xF81F, 0xF81F, 0xF81F,
  0xF81F, 0xF81F, 0xF81F, 0xF81F, 0xF81F, 0xF81F, 0xF81F, 0xF81F, 0xD9E7, 0xD964, 0xDC82, 0xED23, 0xE503, 0xED23, 0xD482, 0xB3E1,
  0xBBE1, 0xBBE1, 0xB3E1, 0xB401, 0xA1E3, 0xA8E4, 0xB124, 0xA945, 0xC3CF, 0xF81F, 0xF81F, 0xF81F, 0xF81F, 0xF81F, 0xF81F, 0xF81F,
  0xF81F, 0xF81F, 0xF81F, 0xF81F, 0xF81F, 0xF81F, 0xF81F, 0xF81F, 0xF81F, 0xCB6E, 0xCC24, 0xF563, 0xE503, 0xED03, 0xD482, 0xB3E1,
  0xB3E1, 0xB3E2, 0xBBE1, 0xC441, 0xAA03, 0xA966, 0xC410, 0xF81F, 0xF81F, 0xF81F, 0xF81F, 0xF81F, 0xF81F, 0xF81F, 0xF81F, 0xF81F,
  0xF81F, 0xF81F, 0xF81F, 0xF81F, 0xF81F, 0xF81F, 0xF81F, 0xF81F, 0xF81F, 0xF81F, 0xF81F, 0xD50B, 0xED23, 0xF523, 0xD482, 0xB3E1,
  0xBC01, 0xC421, 0xB3C2, 0xBCCC, 0xCD54, 0xF81F, 0xF81F, 0xF81F, 0xF81F, 0xF81F, 0xF81F, 0xF81F, 0xF81F, 0xF81F, 0xF81F, 0xF81F,
  0xF81F, 0xF81F, 0xF81F, 0xF81F, 0xF81F, 0xF81F, 0xF81F, 0xF81F, 0xF81F, 0xF81F, 0xF81F, 0xF81F, 0xD5D2, 0xDCC4, 0xE4C2, 0xBC01,
  0xB3E3, 0xBD0D, 0xF81F, 0xF81F, 0xF81F, 0xF81F, 0xF81F, 0xF81F, 0xF81F, 0xF81F, 0xF81F, 0xF81F, 0xF81F, 0xF81F, 0xF81F, 0xF81F,
  0xF81F, 0xF81F, 0xF81F, 0xF81F, 0xF81F, 0xF81F, 0xF81F, 0xF81F, 0xF81F, 0xF81F, 0xF81F, 0xF81F, 0xF81F, 0xF81F, 0xCCA9, 0xC50D,
  0xF81F, 0xF81F, 0xF81F, 0xF81F, 0xF81F, 0xF81F, 0xF81F, 0xF81F, 0xF81F, 0xF81F, 0xF81F, 0xF81F, 0xF81F, 0xF81F, 0xF81F, 0xF81F,
};

const uint16_t icon_cake[1024] PROGMEM = {
  0xF81F, 0xF81F, 0xF81F, 0xF81F, 0xF81F, 0xF81F, 0xF81F, 0xF81F, 0xF81F, 0xF81F, 0xF81F, 0xF81F, 0xF81F, 0xF81F, 0xF81F, 0xF81F,
  0xF81F, 0xF81F, 0xF81F, 0xF81F, 0xF81F, 0xF81F, 0xF81F, 0xF81F, 0xF81F, 0xF81F, 0xF81F, 0xF81F, 0xF81F, 0xF81F, 0xF81F, 0xF81F,
  0xF81F, 0xF81F, 0xF81F, 0xF81F, 0xF81F, 0xF81F, 0xF81F, 0xF81F, 0xBDD7, 0xF81F, 0xF81F, 0xF81F, 0xF81F, 0xF81F, 0xF81F, 0xBDD7,
  0xF81F, 0xF81F, 0xF81F, 0xF81F, 0xF81F, 0xF81F, 0xBDD7, 0xBDD7, 0xF81F, 0xF81F, 0xF81F, 0xF81F, 0xF81F, 0xF81F, 0xF81F, 0xF81F,
  0xF81F, 0xF81F, 0xF81F, 0xF81F, 0xF81F, 0xF81F, 0xBDB7, 0xBDB3, 0xC5B1, 0xBDB5, 0xBDD7, 0xF81F, 0xF81F, 0xB5B6, 0xBDB5, 0xC5D1,
  0xBDB4, 0xBDD7, 0xF81F, 0xF81F, 0xF81F, 0xB5B6, 0xC5D1, 0xC5D1, 0xB5B6, 0xF81F, 0xF81F, 0xF81F, 0xF81F, 0xF81F, 0xF81F, 0xF81F,
  0xF81F, 0xF81F, 0xF81F, 0xF81F, 0xF81F, 0xF81F, 0xB5B6, 0xCDED, 0xE648, 0xCE35, 0xB595, 0xF81F, 0xF81F, 0xB5B5, 0xCE33, 0xE628,
  0xCDF1, 0xB596, 0xF81F, 0xF81F, 0xBDD7, 0xBDD5, 0xDE0A, 0xD60B, 0xBDD5, 0xF81F, 0xF81F, 0xF81F, 0xF81F, 0xF81F, 0xF81F, 0xF81F,
  0xF81F, 0xF81F, 0xF81F, 0xF81F, 0xF81F, 0xF81F, 0xB595, 0xD60C, 0xFF4E, 0xCDF0, 0xB5B6, 0xF81F, 0xF81F, 0xB5B6, 0xCDCD, 0xFF6E,
  0xD60D, 0xB5B6, 0xF81F, 0xF81F, 0xF81F, 0xBD91, 0xEEAC, 0xE6AD, 0xBD93, 0xF81F, 0xF81F, 0xF81F, 0xF81F, 0xF81F, 0xF81F, 0xF81F,
  0xF81F, 0xF81F, 0xF81F, 0xF81F, 0xF81F, 0xF81F, 0xB575, 0xD5CA, 0xFF2C, 0xBD4E, 0xF81F, 0xF81F, 0xF81F, 0xB5B8, 0xC54C, 0xF6EA,
  0xCDAC, 0xB5B7, 0xF81F, 0xF81F, 0xF81F, 0xB531, 0xEE69, 0xE66B, 0xAD52, 0xF81F, 0xF81F, 0xF81F, 0xF81F, 0xF81F, 0xF81F, 0xF81F,
  0xF81F, 0xF81F, 0xF81F, 0xF81F, 0xF81F, 0xF81F, 0xCE59, 0xDE72, 0xD5C9, 0xDEB8, 0xC618, 0xF81F, 0xF81F, 0xC638, 0xE6D7, 0xD5A8,
  0xDE95, 0xBE18, 0xF81F, 0xF81F, 0xCE59, 0xDEFB, 0xD5CA, 0xD5CB, 0xBDD7, 0xF81F, 0xF81F, 0xF81F, 0xF81F, 0xF81F, 0xF81F, 0xF81F,
  0xF81F, 0xF81F, 0xF81F, 0xF81F, 0xF81F, 0xCE59, 0xE71A, 0xF79E, 0xEF7D, 0xF79D, 0xC637, 0xB34F, 0x90A6, 0xC5D6, 0xF7DE, 0xEF7D,
  0xF79D, 0xCE37, 0x9107, 0xAB0E, 0xCE79, 0xFFBE, 0xEF7D, 0xEF5C, 0xE6FA, 0xCE59, 0xF81F, 0xF81F, 0xF81F, 0xF81F, 0xF81F, 0xF81F,
  0xF81F, 0xF81F, 0xF81F, 0xF81F, 0xF81F, 0xF81F, 0xD697, 0xEF5B, 0xEF3A, 0xE6F9, 0xAD13, 0x90A6, 0x9886, 0xBD33, 0xEF7B, 0xEF3B,
  0xE73A, 0xBD94, 0x90C7, 0x8865, 0xB4F3, 0xEF5B, 0xEF5B, 0xEF5B, 0xCE36, 0xF81F, 0xF81F, 0xF81F, 0xF81F, 0xF81F, 0xF81F, 0xF81F,
  0xF81F, 0xF81F, 0xF81F, 0xF81F, 0xF81F, 0xB493, 0xD677, 0xEF3A, 0xE6F9, 0xE719, 0xA491, 0x7804, 0x8004, 0xBD13, 0xEF7B, 0xE71A,
  0xE719, 0xBD74, 0x7865, 0x8003, 0xAC30, 0xEF5B, 0xE71A, 0xE6F9, 0xCE36, 0xB4B3, 0xF81F, 0xF81F, 0xF81F, 0xF81F, 0xF81F, 0xF81F,
  0xF81F, 0xF81F, 0xF81F, 0xF81F, 0xCE79, 0x9A2B, 0xCE16, 0xEF5A, 0xE71A, 0xDED9, 0xB5B5, 0x8B0D, 0x820A, 0xBD74, 0xEF5B, 0xE71A,
  0xE71A, 0xBD94, 0x71A8, 0x8A4B, 0xBDB5, 0xE73A, 0xEF3A, 0xE6F9, 0xC5F6, 0x91E9, 0xCE39, 0xF81F, 0xF81F, 0xF81F, 0xF81F, 0xF81F,
  0xF81F, 0xF81F, 0xD6BB, 0xD6DA, 0xE71C, 0x8167, 0xC636, 0xEF3A, 0xE71A, 0xDEB8, 0xC637, 0xEFBE, 0xE77D, 0xCE57, 0xE71A, 0xEF3A,
  0xE6F9, 0xC5F6, 0xD6FB, 0xEF9E, 0xCE99, 0xE6F9, 0xEF3A, 0xE6F9, 0xC5F5, 0x8106, 0xDE59, 0xD6BA, 0xF81F, 0xF81F, 0xF81F, 0xF81F,
  0xF81F, 0xF81F, 0xCE79, 0xF79E, 0xEF9E, 0xAC52, 0xAB0D, 0xCE36, 0xE71A, 0xDEB8, 0xC617, 0xEF7D, 0xEF5D, 0xCE37, 0xE719, 0xE71A,
  0xDED9, 0xBDF6, 0xE73C, 0xF79E, 0xCE79, 0xDED9, 0xEF3A, 0xDEF9, 0xB553, 0x938F, 0xE77D, 0xF7BE, 0xCE59, 0xF81F, 0xF81F, 0xF81F,
  0xF81F, 0xC638, 0xEF7D, 0xEF7E, 0xEFDF, 0xC390, 0xB005, 0xB2CC, 0xDEF9, 0xDEB8, 0xBDD6, 0xEF9E, 0xEFDE, 0xC637, 0xE6F9, 0xE73A,
  0xDED9, 0xBDD5, 0xE79D, 0xEFBE, 0xCE58, 0xDED9, 0xEF3B, 0xCE56, 0xA9CA, 0xBA2C, 0xEF7D, 0xF79E, 0xEF7D, 0xCE7A, 0xF81F, 0xF81F,
  0xF81F, 0xBDF7, 0xF79E, 0xF7DF, 0xE6FB, 0xA0E7, 0xB0A7, 0xA8C7, 0xB533, 0xC5F6, 0xBE37, 0xDDF8, 0xCC12, 0xBE17, 0xCE36, 0xD678,
  0xC616, 0xB5D5, 0xCD15, 0xDE19, 0xCE79, 0xC616, 0xD6D8, 0xABEF, 0xA866, 0xA825, 0xCCD4, 0xF7FF, 0xF79E, 0xCE58, 0xF81F, 0xF81F,
  0xF81F, 0xBDD7, 0xFFDE, 0xFFFF, 0xDEBA, 0x8824, 0xA005, 0x9004, 0xBD34, 0xDEFB, 0xDF1B, 0xB1CA, 0xA804, 0xC452, 0xDF1B, 0xCE58,
  0xD6DA, 0xCD76, 0xB025, 0xB169, 0xDEDB, 0xD6BA, 0xD6DA, 0xA28C, 0xA025, 0xA025, 0xAACD, 0xFFFF, 0xFFBE, 0xCE59, 0xF81F, 0xF81F,
  0xF81F, 0xB5B6, 0xF7BE, 0xFFFF, 0xFFFF, 0xAC10, 0x8166, 0x9B6E, 0xE73C, 0xF7FF, 0xCD76, 0xA866, 0xB0C7, 0xB1AA, 0xEF7D, 0xEF7D,
  0xF7FE, 0xBACE, 0xA866, 0xA866, 0xCCD4, 0xF7FF, 0xF7BE, 0xB472, 0x8003, 0x8003, 0xC4F4, 0xFFFF, 0xFFDF, 0xC618, 0xF81F, 0xF81F,
  0xF81F, 0xB596, 0xDEFB, 0xFFFF, 0xFFFF, 0xFFFF, 0xEF9D, 0xF7BE, 0xF79D, 0xFFFF, 0xC514, 0x9003, 0xA005, 0x98E6, 0xE73C, 0xF7BE,
  0xEFBE, 0x99A9, 0xA005, 0x9803, 0xBBF1, 0xFFFF, 0xEF7D, 0xE75C, 0xC5D7, 0xCE18, 0xFFFF, 0xFFFF, 0xEF7D, 0xB5B6, 0xF81F, 0xF81F,
  0xF81F, 0xBDD7, 0xC638, 0xE71C, 0xFFDE, 0xFFFF, 0xFFFF, 0xFFFF, 0xFFFF, 0xFFFF, 0xEF5D, 0xA30D, 0x91C8, 0xB4D3, 0xF7DF, 0xF7BE,
  0xF7FF, 0xB4D3, 0x8926, 0x9209, 0xDEDA, 0xFFFF, 0xFFFF, 0xFFFF, 0xFFFF, 0xFFFF, 0xFFFF, 0xEF7D, 0xCE79, 0xB5B7, 0xF81F, 0xF81F,
  0xF81F, 0xC618, 0xBDD6, 0xD69A, 0xE6FB, 0xEF7D, 0xFFDE, 0xFFFF, 0xFFFF, 0xFFFF, 0xFFFF, 0xFFFF, 0xFFFF, 0xFFFF, 0xFFFF, 0xFFFF,
  0xFFFF, 0xFFFF, 0xF7BE, 0xFFFF, 0xFFFF, 0xFFFF, 0xFFFF, 0xFFFF, 0xFFFF, 0xF79E, 0xE73C, 0xD6BA, 0xC617, 0xBDF8, 0xF81F, 0xF81F,
  0xF81F, 0xF81F, 0xAD75, 0xD699, 0xDEDA, 0xDEFB, 0xE71B, 0xEF5C, 0xF79D, 0xFFBE, 0xFFDF, 0xFFFF, 0xFFFF, 0xFFFF, 0xFFFF, 0xFFFF,
  0xFFFF, 0xFFFF, 0xFFFF, 0xFFFF, 0xFFFF, 0xFFDF, 0xF7BE, 0xF77D, 0xE73C, 0xDEFB, 0xD6BA, 0xD699, 0xBDB6, 0xC639, 0xF81F, 0xF81F,
  0xF81F, 0xF81F, 0xA534, 0xD679, 0xD6BA, 0xDEDB, 0xDEFB, 0xE6FB, 0xE71B, 0xE71B, 0xE73C, 0xEF3C, 0xEF5C, 0xEF5C, 0xEF7D, 0xEF7D,
  0xEF7D, 0xEF5D, 0xEF5C, 0xEF5C, 0xEF3C, 0xE71C, 0xE71B, 0xDEFB, 0xDEDB, 0xDEDA, 0xD69A, 0xCE79, 0xAD75, 0xF81F, 0xF81F, 0xF81F,
  0xF81F, 0xF81F, 0xA514, 0xCE79, 0xD6BA, 0xDEDA, 0xDEFB, 0xE71B, 0xE71B, 0xE71B, 0xE71B, 0xE71B, 0xE71B, 0xE71B, 0xE71B, 0xE71B,
  0xE6FB, 0xE6FB, 0xE6FB, 0xE6FB, 0xE6FB, 0xE6FB, 0xDEFB, 0xDEFB, 0xDEDB, 0xDEBA, 0xD699, 0xCE59, 0xA534, 0xF81F, 0xF81F, 0xF81F,
  0xF81F, 0xF81F, 0xA514, 0xCE79, 0xD6BA, 0xDEDA, 0xE6FB, 0xE71B, 0xE71B, 0xE71B, 0xE71B, 0xE71B, 0xE6FB, 0xE71B, 0xE6FB, 0xE6FB,
  0xE6FB, 0xE6FB, 0xE6FB, 0xE6FB, 0xE6FB, 0xE6FB, 0xDEFB, 0xDEDB, 0xDEDA, 0xD6BA, 0xD679, 0xCE58, 0xA534, 0xF81F, 0xF81F, 0xF81F,
  0xF81F, 0xF81F, 0xA534, 0xCE58, 0xD6BA, 0xDEDB, 0xE6FB, 0xE71B, 0xE71B, 0xE71B, 0xE71B, 0xE71B, 0xE6FB, 0xE6FB, 0xE6FB, 0xE6FB,
  0xE6FB, 0xE6FB, 0xE6FB, 0xE6FB, 0xDEFB, 0xDEFB, 0xDEDB, 0xDEDA, 0xDEDA, 0xD6BA, 0xCE79, 0xCE58, 0xA534, 0xF81F, 0xF81F, 0xF81F,
  0xF81F, 0xF81F, 0xAD55, 0xC618, 0xD69A, 0xDEDA, 0xDEFB, 0xE71B, 0xE71B, 0xE71B, 0xE71B, 0xE71B, 0xE6FB, 0xE6FB, 0xE6FB, 0xE6FB,
  0xE6FB, 0xE6FB, 0xE6FB, 0xDEFB, 0xDEFB, 0xDEDB, 0xDEDA, 0xDEDA, 0xD6BA, 0xD69A, 0xCE79, 0xC638, 0xAD35, 0xF81F, 0xF81F, 0xF81F,
  0xF81F, 0xF81F, 0xB5B7, 0xBDD6, 0xD679, 0xDEDA, 0xDEFB, 0xE6FB, 0xE71B, 0xE71B, 0xE71B, 0xE71B, 0xE71B, 0xE6FB, 0xE6FB, 0xE6FB,
  0xE6FB, 0xE6FB, 0xE6FB, 0xDEFB, 0xDEFB, 0xDEFB, 0xDEDA, 0xDEDA, 0xD6BA, 0xD699, 0xCE79, 0xC617, 0xAD76, 0xF81F, 0xF81F, 0xF81F,
  0xF81F, 0xF81F, 0xF81F, 0x9CD2, 0xCE38, 0xD69A, 0xDEDA, 0xDEFB, 0xE71B, 0xE71B, 0xE71B, 0xE71B, 0xE71B, 0xE71B, 0xE71B, 0xE71B,
  0xE6FB, 0xE6FB, 0xE6FB, 0xE6FB, 0xE6FB, 0xDEFB, 0xDEDA, 0xDEDA, 0xDEBA, 0xD699, 0xCE58, 0xAD54, 0xF81F, 0xF81F, 0xF81F, 0xF81F,
  0xF81F, 0xF81F, 0xF81F, 0xC618, 0xA534, 0xCE79, 0xD6BA, 0xDEDA, 0xDEFB, 0xE71B, 0xE71B, 0xE71B, 0xE71B, 0xE71B, 0xE71B, 0xE71B,
  0xE71B, 0xE71B, 0xE71B, 0xE6FB, 0xE6FB, 0xDEFB, 0xDEDB, 0xDEDA, 0xD6BA, 0xCE59, 0xBDD6, 0xAD75, 0xF81F, 0xF81F, 0xF81F, 0xF81F,
  0xF81F, 0xF81F, 0xF81F, 0xF81F, 0xF81F, 0xAD55, 0xBDF7, 0xD699, 0xDEDA, 0xDEDA, 0xDEFB, 0xE6FB, 0xE71B, 0xE6FB, 0xE71B, 0xE71B,
  0xE71B, 0xE6FB, 0xE6FB, 0xE6FB, 0xDEFB, 0xDEDA, 0xDEBA, 0xD6BA, 0xCE58, 0xAD34, 0xBDD7, 0xF81F, 0xF81F, 0xF81F, 0xF81F, 0xF81F,
  0xF81F, 0xF81F, 0xF81F, 0xF81F, 0xF81F, 0xF81F, 0xCE59, 0xB596, 0xB575, 0xBDD6, 0xCE58, 0xD699, 0xDEBA, 0xDEBA, 0xDEBA, 0xDEBA,
  0xDEBA, 0xDEBA, 0xDEBA, 0xD6B9, 0xD679, 0xC637, 0xB595, 0xB575, 0xBDD7, 0xF81F, 0xF81F, 0xF81F, 0xF81F, 0xF81F, 0xF81F, 0xF81F,
  0xF81F, 0xF81F, 0xF81F, 0xF81F, 0xF81F, 0xF81F, 0xF81F, 0xF81F, 0xF81F, 0xCE59, 0xBDD7, 0xB575, 0xAD54, 0xAD34, 0xAD54, 0xAD54,
  0xAD54, 0xAD54, 0xAD54, 0xAD75, 0xB596, 0xC5F8, 0xF81F, 0xF81F, 0xF81F, 0xF81F, 0xF81F, 0xF81F, 0xF81F, 0xF81F, 0xF81F, 0xF81F,
};

const uint16_t icon_party[1024] PROGMEM = {
  0xF81F, 0xF81F, 0x7CFC, 0xF81F, 0xF81F, 0xF81F, 0xF81F, 0xF81F, 0xF81F, 0xF81F, 0xE4F6, 0xEB11, 0xE598, 0xF81F, 0xF81F, 0xF81F,
  0xF81F, 0xF81F, 0xF81F, 0xF81F, 0xF81F, 0xF81F, 0xF81F, 0xF81F, 0xF81F, 0xF81F, 0xF81F, 0xF81F, 0xF81F, 0xF81F, 0xE518, 0xF81F,
  0xF81F, 0x43DD, 0x9DBD, 0xF81F, 0xF81F, 0xF81F, 0xF81F, 0xF81F, 0xF81F, 0xF81F, 0xE474, 0xFA0E, 0xFA2F, 0xED78, 0xF81F, 0x959D,
  0xF81F, 0xF81F, 0xF81F, 0xF81F, 0xF81F, 0xF81F, 0xF81F, 0xF81F, 0xF81F, 0xE4F7, 0xF81F, 0xF81F, 0xF81F, 0xF81F, 0xFD3B, 0xE517,
  0x43BD, 0x8D7D, 0xF81F, 0xF81F, 0xF81F, 0xF81F, 0xF81F, 0xF81F, 0xF81F, 0xF81F, 0xF81F, 0xF81F, 0xEA4E, 0xFA8F, 0x8D3B, 0x559F,
  0x855C, 0xF81F, 0xF81F, 0xF81F, 0xF81F, 0xF81F, 0xF81F, 0xF81F, 0xEB31, 0xFB74, 0xF81F, 0xF81F, 0xF81F, 0xF81F, 0xEC76, 0xF393,
  0x3BBD, 0x549E, 0xA5FD, 0xF81F, 0xF81F, 0xF81F, 0xF81F, 0xF81F, 0xF81F, 0xE5B9, 0xFCFA, 0xE5B9, 0xF81F, 0xFA4F, 0xDCF7, 0x95BD,
  0xF81F, 0xF81F, 0xF81F, 0xF81F, 0xF81F, 0xF81F, 0xF81F, 0xF81F, 0xF81F, 0xE598, 0xF81F, 0xF81F, 0xF81F, 0xF81F, 0xEB72, 0xF270,
  0xF81F, 0x43BD, 0x2B9F, 0x237F, 0x4BFB, 0xF81F, 0xEF4D, 0xEF11, 0xF81F, 0xF81F, 0xE4D7, 0xF81F, 0xF81F, 0xEA4D, 0xF3F3, 0xF81F,
  0xF81F, 0xF81F, 0xF81F, 0xF81F, 0xF81F, 0xF81F, 0xF81F, 0xF81F, 0xF81F, 0xF81F, 0xDC13, 0xDBD3, 0xE434, 0xE372, 0xF98D, 0xE455,
  0xF81F, 0xF81F, 0xF81F, 0x3B5A, 0x955C, 0xF81F, 0xFFA8, 0xEF4B, 0xCD50, 0xABE7, 0xB4AD, 0xF81F, 0xF81F, 0xE371, 0xEAF1, 0xF81F,
  0xF81F, 0xF81F, 0xF81F, 0xF81F, 0xF81F, 0xF81F, 0xF81F, 0xF81F, 0xF81F, 0xD577, 0xD9EC, 0xF81F, 0xF81F, 0xE4F7, 0xF81F, 0xF81F,
  0xF81F, 0xA5BD, 0x6C9C, 0xF81F, 0xF81F, 0xF81F, 0xF81F, 0xF81F, 0xCC65, 0xE402, 0xD3C3, 0xCBA3, 0xB54E, 0xD3B0, 0xEA6F, 0xF81F,
  0xF81F, 0x6D1D, 0xF81F, 0xF81F, 0xF81F, 0xE434, 0xE3B3, 0xF81F, 0xF81F, 0xF81F, 0xC1CB, 0xD4B5, 0xF81F, 0xF81F, 0xF81F, 0xF81F,
  0xF81F, 0x43BB, 0xF81F, 0xF81F, 0xF81F, 0xF81F, 0xF81F, 0xC5B3, 0xDD67, 0xED45, 0xCBE2, 0xABC3, 0xB483, 0xCAC6, 0xEA4F, 0xF81F,
  0x64BD, 0x3CBF, 0xF81F, 0xF81F, 0xF81F, 0xFA70, 0xEB93, 0xD537, 0xDD16, 0xF81F, 0xC4F5, 0xA148, 0xF81F, 0xF81F, 0xF81F, 0xF81F,
  0xF81F, 0x9D7B, 0x851B, 0x851B, 0x8D3C, 0x74BB, 0xF81F, 0xC4CA, 0xD5C9, 0xDDC8, 0xDCA3, 0xABC3, 0xBCA3, 0xDB06, 0xF26E, 0xDDEF,
  0xF81F, 0xF81F, 0xF81F, 0xF81F, 0xF81F, 0xFC57, 0xE5DA, 0xF81F, 0xF81F, 0xD495, 0xDD37, 0xC370, 0xF81F, 0xF81F, 0xF81F, 0xF81F,
  0xF81F, 0xF81F, 0xF81F, 0xF81F, 0xF81F, 0xF81F, 0x4AF4, 0xC4C6, 0xCDC9, 0xBD28, 0xDD67, 0xC443, 0xDD44, 0xEB27, 0xEA4E, 0xFDE8,
  0xE589, 0xF81F, 0xF81F, 0xF81F, 0xF81F, 0xFC98, 0xEDFC, 0xF81F, 0xF81F, 0xF81F, 0xF81F, 0xF81F, 0xF81F, 0xF81F, 0xF81F, 0xF81F,
  0xF81F, 0xF81F, 0xF81F, 0xF81F, 0xF81F, 0x7CDD, 0x6B0F, 0xD566, 0xC569, 0xC507, 0xC507, 0xE566, 0xF5E5, 0xEAA7, 0xEA8E, 0xD567,
  0xFE47, 0xEDE7, 0xF81F, 0xF81F, 0xF81F, 0xFBF5, 0xED7A, 0xF81F, 0xF81F, 0xF81F, 0xF81F, 0xF81F, 0xF81F, 0xF81F, 0xF81F, 0xF81F,
  0xF81F, 0xF81F, 0xF81F, 0xF81F, 0xADFD, 0x4B18, 0x9350, 0xD5EB, 0xBD27, 0xC507, 0xC4E7, 0xD527, 0xEE26, 0xE227, 0xEAAE, 0xE5E7,
  0xF647, 0xFEE8, 0xF626, 0xE675, 0xF81F, 0xE414, 0xE558, 0xF81F, 0xF81F, 0xF81F, 0xF81F, 0xF81F, 0xF81F, 0xF81F, 0xF81F, 0xF81F,
  0xF81F, 0xF81F, 0xF81F, 0xF81F, 0x849A, 0xA4F7, 0x8AD5, 0xB512, 0xC546, 0xC507, 0xCD27, 0xCD06, 0xDD86, 0xECE7, 0xEC0C, 0xFE87,
  0xFEA7, 0xFEA8, 0xFF09, 0xFEC7, 0xE674, 0xF81F, 0xF81F, 0xF81F, 0xF81F, 0xF81F, 0xF81F, 0x9DFD, 0x8DBD, 0x857E, 0x755E, 0x7D3D,
  0xF81F, 0xF81F, 0xF81F, 0xF81F, 0xF81F, 0xBD13, 0x9B59, 0x8B19, 0xBD2B, 0xCD26, 0xCD27, 0xD546, 0xD526, 0xE5A7, 0xEDE6, 0xF627,
  0xFEC8, 0xFEA9, 0xF6A9, 0xFF08, 0xFEE5, 0xDE74, 0xB63E, 0x855D, 0x5C9E, 0x549F, 0x651F, 0x6D5F, 0x755F, 0x753F, 0x753F, 0x6CBE,
  0xF81F, 0xF81F, 0xF81F, 0xF81F, 0xF81F, 0xB4C8, 0xA3D6, 0x7A39, 0x9335, 0xCD69, 0xD526, 0xD547, 0xDD66, 0xDD67, 0xE5A7, 0xF607,
  0xEDC7, 0xEE09, 0xFEE7, 0xDDEB, 0x8D15, 0x545E, 0x3BDF, 0x545F, 0x6C7E, 0x8D3E, 0xADBD, 0xBE3D, 0xF81F, 0xF81F, 0xF81F, 0xF81F,
  0xF81F, 0xF81F, 0xF81F, 0xF81F, 0xF81F, 0xCD67, 0xB4AC, 0x8258, 0x8218, 0xA394, 0xDDA8, 0xDD46, 0xDD67, 0xE587, 0xE5A7, 0xEDE8,
  0xF607, 0xE587, 0x7C97, 0x3BBF, 0x2B3F, 0x53BC, 0x9CF3, 0xBDB6, 0xF81F, 0xF81F, 0xF81F, 0xF81F, 0xF81F, 0xF81F, 0xF81F, 0xF81F,
  0xF81F, 0xF81F, 0xF2AF, 0xC30F, 0xD56F, 0xDDC9, 0xC547, 0xA3AF, 0x8A19, 0x91F8, 0xABB4, 0xE5C8, 0xE586, 0xE5A7, 0xEDC7, 0xEDE8,
  0xFE69, 0xFEC8, 0x94B1, 0x5378, 0xBCCE, 0xF586, 0xFEC5, 0xFE07, 0xF81F, 0xF81F, 0xF81F, 0xF81F, 0xF81F, 0xF81F, 0xF81F, 0xF81F,
  0xF81F, 0xF81F, 0xDBD2, 0xCC94, 0xDD2A, 0xCD89, 0xC4E7, 0xCD46, 0xB331, 0x91F9, 0x9219, 0xB3B6, 0xE609, 0xEDC7, 0xEDE8, 0xF649,
  0xFE89, 0xFF2A, 0xFFCA, 0xEE27, 0xFD63, 0xFDA6, 0xFDE7, 0xFDC6, 0xD529, 0xF81F, 0xF81F, 0xF81F, 0xF81F, 0xF81F, 0xF81F, 0xF81F,
  0xF81F, 0xF81F, 0xF81F, 0xD636, 0xCD88, 0xC528, 0xCD07, 0xD526, 0xDD46, 0xAB33, 0x923A, 0x9A5A, 0xB3B8, 0xEE2C, 0xFE67, 0xFE89,
  0xFF0A, 0xFF8B, 0xFFEC, 0xFFEF, 0xEE8F, 0xDD25, 0xFD64, 0xF524, 0xF524, 0xDDF3, 0xF81F, 0xE711, 0xF81F, 0xF81F, 0xF81F, 0xF81F,
  0xF81F, 0xF81F, 0xF81F, 0xACB4, 0xD5CA, 0xC4E7, 0xDD46, 0xDD46, 0xD546, 0xDD86, 0xB393, 0x9A7B, 0xA29B, 0xBBBB, 0xF690, 0xFF49,
  0xFF8B, 0xFFED, 0xFFED, 0xFFEE, 0xFFEE, 0xEE07, 0xC443, 0xDCC3, 0xFD43, 0xC467, 0xE72D, 0xFFEB, 0xF81F, 0xF81F, 0xF81F, 0xF81F,
  0xF81F, 0xF81F, 0xF81F, 0x82D7, 0xB4F0, 0xCD25, 0xE526, 0xDD46, 0xDD67, 0xE587, 0xEDE6, 0xCC52, 0xAAFC, 0xB35D, 0xC41E, 0xEE77,
  0xFFEE, 0xFFEC, 0xFFCD, 0xFFEC, 0xFF49, 0xE5A7, 0xAC04, 0xA3E3, 0x9BA3, 0xBD72, 0xF81F, 0xE716, 0xF81F, 0xF81F, 0xE5F2, 0xF81F,
  0xF81F, 0xF81F, 0xC5B6, 0x92F9, 0x8AD7, 0xCD6A, 0xED25, 0xE546, 0xDD87, 0xE5A7, 0xEDC8, 0xFE67, 0xE58F, 0xCC3D, 0xDC5F, 0xE4DF,
  0xFE1D, 0xFF93, 0xFFEB, 0xF6E8, 0xC4E8, 0xA407, 0x9363, 0xACAD, 0xF81F, 0xF81F, 0xF81F, 0xF81F, 0xF81F, 0xDE15, 0xFE2B, 0xE5D1,
  0xF81F, 0xF81F, 0xC56C, 0xA395, 0x81D9, 0xA355, 0xEDA8, 0xE566, 0xE5A7, 0xEDE8, 0xF628, 0xFE89, 0xFF49, 0xFF4D, 0xEDD9, 0xF53F,
  0xFD3F, 0xECFE, 0xBC12, 0xA389, 0x8B66, 0xB4CC, 0xF81F, 0xF81F, 0xF81F, 0xF81F, 0xF81F, 0xF81F, 0xF81F, 0xF81F, 0xE656, 0xF81F,
  0xF81F, 0xF81F, 0xBD47, 0xBC8A, 0x8A38, 0x89F9, 0xB395, 0xE609, 0xEDE7, 0xF609, 0xFE89, 0xFF2A, 0xFFAC, 0xFFEC, 0xFFEC, 0xFF52,
  0xDCB6, 0x89F2, 0x60D0, 0x82F4, 0xF81F, 0xF81F, 0xF81F, 0xF81F, 0xF81F, 0xF81F, 0xF81F, 0xE634, 0xF81F, 0xF81F, 0xF81F, 0xF81F,
  0xF81F, 0xCDF3, 0xCD89, 0xCD46, 0xBC2D, 0x921A, 0x923A, 0xB3B8, 0xF64D, 0xFEE8, 0xFF2A, 0xFFAC, 0xFFEC, 0xFFED, 0xFF6B, 0xDD85,
  0xA3C2, 0x9BEC, 0xF81F, 0xF81F, 0xF81F, 0x3BFD, 0x545C, 0xF81F, 0xF81F, 0xF81F, 0xF81F, 0xFD47, 0xED07, 0xF81F, 0xF81F, 0xF81F,
  0xF81F, 0xC56C, 0xCD48, 0xCD07, 0xDDA5, 0xC44E, 0xA29B, 0xA2BC, 0xC41C, 0xEE94, 0xFFCC, 0xFFEB, 0xFFEC, 0xEE48, 0xB403, 0xA409,
  0xF81F, 0xF81F, 0xF81F, 0xF81F, 0xF81F, 0x855D, 0x9DDD, 0xF81F, 0xF81F, 0xF81F, 0xF81F, 0xE677, 0xE634, 0xF81F, 0xF81F, 0xF81F,
  0xF81F, 0xAC8F, 0xCD46, 0xD547, 0xDD87, 0xEE06, 0xE54D, 0xC3FB, 0xC3DF, 0xDC7F, 0xF61D, 0xEE52, 0xC4A7, 0xA408, 0xC5F5, 0xF81F,
  0xF81F, 0xF81F, 0xF81F, 0xF81F, 0xF81F, 0xF81F, 0xF81F, 0xF81F, 0xF81F, 0xF81F, 0xF81F, 0xF81F, 0xF81F, 0xF81F, 0xF81F, 0xF81F,
  0xAC99, 0x9318, 0xD569, 0xDD86, 0xE5A8, 0xF609, 0xFEC8, 0xFF2C, 0xEE57, 0xED3C, 0xAAF7, 0x8253, 0xB538, 0xF81F, 0xF81F, 0xF81F,
  0xF81F, 0xF81F, 0xF81F, 0xF81F, 0xF81F, 0xF81F, 0xF81F, 0xF81F, 0xF81F, 0xF81F, 0xF81F, 0xF81F, 0xED7A, 0xE5FB, 0xF81F, 0xF81F,
  0xA451, 0x8A19, 0xAB56, 0xE5EA, 0xF647, 0xFEA9, 0xFF8C, 0xFFEB, 0xF6C7, 0xB468, 0xB535, 0xF81F, 0xF81F, 0xF81F, 0xF81F, 0xF81F,
  0xF81F, 0xF81F, 0xF81F, 0xF81F, 0xF81F, 0xF81F, 0xF81F, 0xF81F, 0xF81F, 0xF81F, 0xF81F, 0xF81F, 0xFD3B, 0xED59, 0xF81F, 0xF81F,
  0xC54A, 0xB393, 0x91DC, 0xB39A, 0xF692, 0xFFED, 0xFF4A, 0xC529, 0xBD52, 0xF81F, 0xF81F, 0xF81F, 0xF81F, 0xF81F, 0xF81F, 0xF81F,
  0xF81F, 0xF81F, 0xF81F, 0xF81F, 0xF81F, 0xF81F, 0xF81F, 0xF81F, 0xF81F, 0xF81F, 0xF81F, 0xF81F, 0xF81F, 0xF81F, 0xF81F, 0xF81F,
  0xF81F, 0xDD88, 0xD4B3, 0xC3FE, 0xCC5F, 0xBC75, 0xC593, 0xF81F, 0xF81F, 0xF81F, 0xF81F, 0xF81F, 0xF81F, 0xF81F, 0xF81F, 0xF81F,
  0xF81F, 0xF81F, 0xF81F, 0xF81F, 0xF81F, 0xF81F, 0xF81F, 0xF81F, 0xF81F, 0xF81F, 0xF81F, 0xF81F, 0xF81F, 0xF81F, 0xF81F, 0xF81F,
  0xF81F, 0xF81F, 0xEEAC, 0xDDB0, 0xBD17, 0xF81F, 0xF81F, 0xF81F, 0xF81F, 0xF81F, 0xF81F, 0xF81F, 0xF81F, 0xF81F, 0xF81F, 0xF81F,
  0xF81F, 0xF81F, 0xF81F, 0xF81F, 0xF81F, 0xF81F, 0xF81F, 0xF81F, 0xF81F, 0xF81F, 0xF81F, 0xF81F, 0xF81F, 0xF81F, 0xF81F, 0xF81F,
};

const uint16_t icon_umbrella[1024] PROGMEM = {
  0xF81F, 0xF81F, 0xF81F, 0xF81F, 0xF81F, 0xF81F, 0xF81F, 0xF81F, 0xF81F, 0xF81F, 0xF81F, 0xF81F, 0xF81F, 0xF81F, 0xF81F, 0xF81F,
  0xF81F, 0xF81F, 0xF81F, 0xF81F, 0xF81F, 0xF81F, 0xF81F, 0xF81F, 0xF81F, 0xF81F, 0xF81F, 0xF81F, 0xF81F, 0xF81F, 0xF81F, 0xF81F,
  0xF81F, 0xF81F, 0xF81F, 0xF81F, 0xF81F, 0xF81F, 0xF81F, 0xF81F, 0xF81F, 0xF81F, 0xF81F, 0xF81F, 0xF81F, 0xF81F, 0xF81F, 0xF81F,
  0xF81F, 0xF81F, 0xF81F, 0xF81F, 0xF81F, 0xF81F, 0xF81F, 0xF81F, 0xF81F, 0xF81F, 0xF81F, 0xF81F, 0xF81F, 0xF81F, 0xF81F, 0xF81F,
  0xF81F, 0xF81F, 0xF81F, 0xF81F, 0xF81F, 0xF81F, 0xF81F, 0xF81F, 0xF81F, 0xF81F, 0xF81F, 0xF81F, 0xC5BC, 0xBCFC, 0xB49C, 0xABFB,
  0xA3DA, 0xB4BC, 0xB4DC, 0xCDBD, 0xF81F, 0xF81F, 0xF81F, 0xF81F, 0xF81F, 0xF81F, 0xF81F, 0xF81F, 0xF81F, 0xF81F, 0xF81F, 0xF81F,
  0xF81F, 0xF81F, 0xF81F, 0xF81F, 0xF81F, 0xF81F, 0xF81F, 0xF81F, 0xF81F, 0xBDBB, 0x939A, 0x7A3A, 0x8A3C, 0x9A9E, 0xAADF, 0xAADF,
  0xAB1F, 0xB35F, 0x9ADF, 0x8A9D, 0x8ABB, 0x9BBB, 0xC5BC, 0xF81F, 0xF81F, 0xF81F, 0xF81F, 0xF81F, 0xF81F, 0xF81F, 0xF81F, 0xF81F,
  0xF81F, 0xF81F, 0xF81F, 0xF81F, 0xF81F, 0xF81F, 0xF81F, 0xF81F, 0x7AD8, 0x71BB, 0x81DD, 0x79DC, 0x81FC, 0xA25D, 0xA27E, 0x9A9D,
  0xA2BD, 0xAAFE, 0xAAFE, 0x823C, 0x823C, 0x825D, 0x827C, 0x9B9B, 0xF81F, 0xF81F, 0xF81F, 0xF81F, 0xF81F, 0xF81F, 0xF81F, 0xF81F,
  0xF81F, 0xF81F, 0xF81F, 0xF81F, 0xF81F, 0xF81F, 0x9C3A, 0x5158, 0x697B, 0x79BB, 0x79BC, 0x79BC, 0x91FD, 0xAA5E, 0xA25E, 0x9A5E,
  0x9A7E, 0xA29E, 0xAADE, 0x927D, 0x79FB, 0x7A1B, 0x7A1B, 0x825C, 0x8ABC, 0xBD1C, 0xF81F, 0xF81F, 0xF81F, 0xF81F, 0xF81F, 0xF81F,
  0xF81F, 0xF81F, 0xF81F, 0xF81F, 0xF81F, 0x8359, 0x5138, 0x6139, 0x79BB, 0x81BC, 0x81BC, 0x81BC, 0xA23E, 0xAA5E, 0xA23E, 0x9A3E,
  0x9A3E, 0xA25E, 0xA29E, 0xA29E, 0x79DB, 0x79DB, 0x79FB, 0x7A1B, 0x7A1A, 0x92FD, 0xAC7C, 0xF81F, 0xF81F, 0xF81F, 0xF81F, 0xF81F,
  0xF81F, 0xF81F, 0xF81F, 0xF81F, 0x8358, 0x5118, 0x5137, 0x799B, 0x81BC, 0x89DC, 0x89BD, 0x99FE, 0xBA7F, 0xB25F, 0xA23F, 0xA23E,
  0xA25E, 0xA25E, 0xAA7E, 0xB2BF, 0x89FD, 0x79BB, 0x81DB, 0x81FB, 0x7A1B, 0x7219, 0x9AFD, 0xB49C, 0xF81F, 0xF81F, 0xF81F, 0xF81F,
  0xF81F, 0xF81F, 0xF81F, 0x9C59, 0x5938, 0x4916, 0x717A, 0x89DC, 0x91DD, 0x99DD, 0x91BD, 0xB23E, 0xC29F, 0xBA7F, 0xB25F, 0xAA7F,
  0xB27F, 0xB29F, 0xB29F, 0xBABF, 0xA25E, 0x81BC, 0x89DC, 0x89DC, 0x923C, 0x821B, 0x7A19, 0xA33D, 0xC55C, 0xF81F, 0xF81F, 0xF81F,
  0xF81F, 0xF81F, 0xF81F, 0x6177, 0x50F7, 0x6139, 0x91DD, 0x99FE, 0x99DD, 0x99DD, 0x99BD, 0xC27F, 0xC29F, 0xBA7F, 0xBA9F, 0xBABF,
  0xBABF, 0xBABF, 0xBA9F, 0xBABF, 0xB29E, 0x81BC, 0x91DD, 0x91FD, 0x9A3D, 0xA27D, 0x79FA, 0x823A, 0xAB3C, 0xF81F, 0xF81F, 0xF81F,
  0xF81F, 0xF81F, 0x7A97, 0x6118, 0x50F7, 0x89BC, 0xAA1F, 0xA1FE, 0x91BD, 0x919D, 0x99BD, 0xC29F, 0xBA7F, 0xBA7F, 0xBABF, 0xCAFF,
  0xCB1F, 0xC2FF, 0xBABF, 0xB29F, 0xBA9F, 0x81BB, 0x81BC, 0x91FD, 0xA21E, 0xB27F, 0x9A5D, 0x79F9, 0xA2BC, 0xB43B, 0xF81F, 0xF81F,
  0xF81F, 0xBD3B, 0x7179, 0x50F7, 0x6138, 0xAA1F, 0xAA1F, 0x99BD, 0x917C, 0x895C, 0x99DD, 0xC2BF, 0xBA5F, 0xBA7F, 0xC2DF, 0xCB3F,
  0xD35F, 0xCB3F, 0xC2DF, 0xB27F, 0xBABF, 0x89DB, 0x797B, 0x91DC, 0xA21E, 0xB27F, 0xB2BF, 0x81FA, 0x8A3A, 0xC39F, 0xD61D, 0xF81F,
  0xF81F, 0x7A78, 0x6919, 0x48D6, 0x89BB, 0xB23F, 0xA1FE, 0x919D, 0x897C, 0x813C, 0xA1FD, 0xC29F, 0xB25F, 0xB27F, 0xBADF, 0xD35F,
  0xDB9F, 0xD35F, 0xC2FF, 0xAA7F, 0xBA9F, 0x89FC, 0x695A, 0x81BC, 0x99FD, 0xB25F, 0xC2BF, 0x9A5C, 0x71D8, 0xAADD, 0xC47D, 0xF81F,
  0xBD7B, 0x6958, 0x5917, 0x50F6, 0xAA3E, 0xB23F, 0xA1DE, 0x917C, 0x897C, 0x813C, 0xA9FE, 0xBA7F, 0xB25F, 0xB27F, 0xBADF, 0xCB1F,
  0xD35F, 0xD35F, 0xC31F, 0xB29F, 0xB27F, 0x91FC, 0x6139, 0x799B, 0x91DD, 0xAA5E, 0xBA9F, 0xB29E, 0x71B8, 0x923B, 0xC39E, 0xDE5D,
  0x82F8, 0x6919, 0x48B6, 0x6958, 0xBA5F, 0xA9FF, 0x999E, 0x917E, 0x915D, 0x813C, 0xA9FE, 0xBA7F, 0xBA7F, 0xC2BF, 0xCB1F, 0xD35F,
  0xE39F, 0xE3DF, 0xDB7F, 0xC2FF, 0xBA9F, 0x91FC, 0x5919, 0x797C, 0x91DE, 0xAA1F, 0xB25F, 0xBABF, 0x81F9, 0x79DA, 0xBB1F, 0xCCBD,
  0x61D5, 0x6A36, 0x6216, 0x6978, 0x925B, 0x9B5A, 0xAC5B, 0xB47B, 0x9B9A, 0x71F9, 0x91DD, 0xAA7E, 0xB35E, 0xBC3D, 0xD55E, 0x7AD1,
  0x7290, 0xE5DE, 0xDD3D, 0xD45E, 0xBB3E, 0x89FD, 0x59B7, 0x937A, 0xAC9B, 0xAC7B, 0x9B5A, 0x927B, 0x79F8, 0x7AB7, 0x92FA, 0xA35A,
  0xF81F, 0xF81F, 0xF81F, 0xF81F, 0xF81F, 0xF81F, 0xF81F, 0xF81F, 0xF81F, 0xF81F, 0xF81F, 0xF81F, 0xF81F, 0xF81F, 0xF81F, 0x4AA9,
  0x31C6, 0xF81F, 0xF81F, 0xF81F, 0xF81F, 0xF81F, 0xF81F, 0xF81F, 0xF81F, 0xF81F, 0xF81F, 0xF81F, 0xF81F, 0xF81F, 0xF81F, 0xF81F,
  0xF81F, 0xF81F, 0xF81F, 0xF81F, 0xF81F, 0xF81F, 0xF81F, 0xF81F, 0xF81F, 0xF81F, 0xF81F, 0xF81F, 0xF81F, 0xF81F, 0xF81F, 0x62EC,
  0x4A49, 0xF81F, 0xF81F, 0xF81F, 0xF81F, 0xF81F, 0xF81F, 0xF81F, 0xF81F, 0xF81F, 0xF81F, 0xF81F, 0xF81F, 0xF81F, 0xF81F, 0xF81F,
  0xF81F, 0xF81F, 0xF81F, 0xF81F, 0xF81F, 0xF81F, 0xF81F, 0xF81F, 0xF81F, 0xF81F, 0xF81F, 0xF81F, 0xF81F, 0xF81F, 0xF81F, 0x632D,
  0x52AB, 0xF81F, 0xF81F, 0xF81F, 0xF81F, 0xF81F, 0xF81F, 0xF81F, 0xF81F, 0xF81F, 0xF81F, 0xF81F, 0xF81F, 0xF81F, 0xF81F, 0xF81F,
  0xF81F, 0xF81F, 0xF81F, 0xF81F, 0xF81F, 0xF81F, 0xF81F, 0xF81F, 0xF81F, 0xF81F, 0xF81F, 0xF81F, 0xF81F, 0xF81F, 0xF81F, 0x6B6E,
  0x630C, 0xF81F, 0xF81F, 0xF81F, 0xF81F, 0xF81F, 0xF81F, 0xF81F, 0xF81F, 0xF81F, 0xF81F, 0xF81F, 0xF81F, 0xF81F, 0xF81F, 0xF81F,
  0xF81F, 0xF81F, 0xF81F, 0xF81F, 0xF81F, 0xF81F, 0xF81F, 0xF81F, 0xF81F, 0xF81F, 0xF81F, 0xF81F, 0xF81F, 0xF81F, 0xF81F, 0x73AF,
  0x6B4D, 0xF81F, 0xF81F, 0xF81F, 0xF81F, 0xF81F, 0xF81F, 0xF81F, 0xF81F, 0xF81F, 0xF81F, 0xF81F, 0xF81F, 0xF81F, 0xF81F, 0xF81F,
  0xF81F, 0xF81F, 0xF81F, 0xF81F, 0xF81F, 0xF81F, 0xF81F, 0xF81F, 0xF81F, 0xF81F, 0xF81F, 0xF81F, 0xF81F, 0xF81F, 0xF81F, 0x7BCF,
  0x6B6E, 0xF81F, 0xF81F, 0xF81F, 0xF81F, 0xF81F, 0xF81F, 0xF81F, 0xF81F, 0xF81F, 0xF81F, 0xF81F, 0xF81F, 0xF81F, 0xF81F, 0xF81F,
  0xF81F, 0xF81F, 0xF81F, 0xF81F, 0xF81F, 0xF81F, 0xF81F, 0xF81F, 0xF81F, 0xF81F, 0xF81F, 0xF81F, 0xF81F, 0xF81F, 0xF81F, 0x7BD0,
  0x738E, 0xF81F, 0xF81F, 0xF81F, 0xF81F, 0xF81F, 0xF81F, 0xF81F, 0xF81F, 0xF81F, 0xF81F, 0xF81F, 0xF81F, 0xF81F, 0xF81F, 0xF81F,
  0xF81F, 0xF81F, 0xF81F, 0xF81F, 0xF81F, 0xF81F, 0xF81F, 0xF81F, 0xF81F, 0xF81F, 0xF81F, 0xF81F, 0xF81F, 0xF81F, 0xF81F, 0x7BCF,
  0x738E, 0xF81F, 0xF81F, 0xF81F, 0xF81F, 0xF81F, 0xF81F, 0xF81F, 0xF81F, 0xF81F, 0xF81F, 0xF81F, 0xF81F, 0xF81F, 0xF81F, 0xF81F,
  0xF81F, 0xF81F, 0xF81F, 0xF81F, 0xF81F, 0xF81F, 0xF81F, 0xF81F, 0xF81F, 0xF81F, 0xF81F, 0xF81F, 0xF81F, 0xF81F, 0xF81F, 0x7BCF,
  0x738E, 0xF81F, 0xF81F, 0xF81F, 0xF81F, 0xF81F, 0xF81F, 0xF81F, 0xF81F, 0xF81F, 0xF81F, 0xF81F, 0xF81F, 0xF81F, 0xF81F, 0xF81F,
  0xF81F, 0xF81F, 0xF81F, 0xF81F, 0xF81F, 0xF81F, 0xF81F, 0xF81F, 0xF81F, 0xF81F, 0xF81F, 0xF81F, 0xF81F, 0xF81F, 0xF81F, 0x7BCF,
  0x738E, 0xF81F, 0xF81F, 0xF81F, 0xF81F, 0xF81F, 0xF81F, 0xF81F, 0xF81F, 0xF81F, 0xF81F, 0xF81F, 0xF81F, 0xF81F, 0xF81F, 0xF81F,
  0xF81F, 0xF81F, 0xF81F, 0xF81F, 0xF81F, 0xF81F, 0xF81F, 0xF81F, 0xF81F, 0xF81F, 0x7C10, 0xA535, 0xF81F, 0xF81F, 0xF81F, 0x73AF,
  0x73AF, 0xF81F, 0xF81F, 0xF81F, 0xF81F, 0xF81F, 0xF81F, 0xF81F, 0xF81F, 0xF81F, 0xF81F, 0xF81F, 0xF81F, 0xF81F, 0xF81F, 0xF81F,
  0xF81F, 0xF81F, 0xF81F, 0xF81F, 0xF81F, 0xF81F, 0xF81F, 0xF81F, 0xF81F, 0xF81F, 0x6B6E, 0x8410, 0xF81F, 0xF81F, 0xF81F, 0x8431,
  0x8410, 0xF81F, 0xF81F, 0xF81F, 0xF81F, 0xF81F, 0xF81F, 0xF81F, 0xF81F, 0xF81F, 0xF81F, 0xF81F, 0xF81F, 0xF81F, 0xF81F, 0xF81F,
  0xF81F, 0xF81F, 0xF81F, 0xF81F, 0xF81F, 0xF81F, 0xF81F, 0xF81F, 0xF81F, 0xF81F, 0xAD55, 0x7BCF, 0x8410, 0xA514, 0x94B3, 0x73AF,
  0xF81F, 0xF81F, 0xF81F, 0xF81F, 0xF81F, 0xF81F, 0xF81F, 0xF81F, 0xF81F, 0xF81F, 0xF81F, 0xF81F, 0xF81F, 0xF81F, 0xF81F, 0xF81F,
  0xF81F, 0xF81F, 0xF81F, 0xF81F, 0xF81F, 0xF81F, 0xF81F, 0xF81F, 0xF81F, 0xF81F, 0xF81F, 0xA535, 0x738E, 0x73AF, 0x7BD0, 0xF81F,
  0xF81F, 0xF81F, 0xF81F, 0xF81F, 0xF81F, 0xF81F, 0xF81F, 0xF81F, 0xF81F, 0xF81F, 0xF81F, 0xF81F, 0xF81F, 0xF81F, 0xF81F, 0xF81F,
  0xF81F, 0xF81F, 0xF81F, 0xF81F, 0xF81F, 0xF81F, 0xF81F, 0xF81F, 0xF81F, 0xF81F, 0xF81F, 0xF81F, 0xF81F, 0xF81F, 0xF81F, 0xF81F,
  0xF81F, 0xF81F, 0xF81F, 0xF81F, 0xF81F, 0xF81F, 0xF81F, 0xF81F, 0xF81F, 0xF81F, 0xF81F, 0xF81F, 0xF81F, 0xF81F, 0xF81F, 0xF81F,
  0xF81F, 0xF81F, 0xF81F, 0xF81F, 0xF81F, 0xF81F, 0xF81F, 0xF81F, 0xF81F, 0xF81F, 0xF81F, 0xF81F, 0xF81F, 0xF81F, 0xF81F, 0xF81F,
  0xF81F, 0xF81F, 0xF81F, 0xF81F, 0xF81F, 0xF81F, 0xF81F, 0xF81F, 0xF81F, 0xF81F, 0xF81F, 0xF81F, 0xF81F, 0xF81F, 0xF81F, 0xF81F,
};

const uint16_t icon_star[1024] PROGMEM = {
  0xF81F, 0xF81F, 0xF81F, 0xF81F, 0xF81F, 0xF81F, 0xF81F, 0xF81F, 0xF81F, 0xF81F, 0xF81F, 0xF81F, 0xF81F, 0xF81F, 0xF81F, 0xF81F,
  0xF81F, 0xF81F, 0xF81F, 0xF81F, 0xF81F, 0xF81F, 0xF81F, 0xF81F, 0xF81F, 0xF81F, 0xF81F, 0xF81F, 0xF81F, 0xF81F, 0xF81F, 0xF81F,
  0xF81F, 0xF81F, 0xF81F, 0xF81F, 0xF81F, 0xF81F, 0xF81F, 0xF81F, 0xF81F, 0xF81F, 0xF81F, 0xF81F, 0xF81F, 0xF81F, 0xF81F, 0xEDAC,
  0xEDAC, 0xF81F, 0xF81F, 0xF81F, 0xF81F, 0xF81F, 0xF81F, 0xF81F, 0xF81F, 0xF81F, 0xF81F, 0xF81F, 0xF81F, 0xF81F, 0xF81F, 0xF81F,
  0xF81F, 0xF81F, 0xF81F, 0xF81F, 0xF81F, 0xF81F, 0xF81F, 0xF81F, 0xF81F, 0xF81F, 0xF81F, 0xF81F, 0xF81F, 0xF81F, 0xEDAE, 0xFE08,
  0xFE08, 0xEDCF, 0xF81F, 0xF81F, 0xF81F, 0xF81F, 0xF81F, 0xF81F, 0xF81F, 0xF81F, 0xF81F, 0xF81F, 0xF81F, 0xF81F, 0xF81F, 0xF81F,
  0xF81F, 0xF81F, 0xF81F, 0xF81F, 0xF81F, 0xF81F, 0xF81F, 0xF81F, 0xF81F, 0xF81F, 0xF81F, 0xF81F, 0xF81F, 0xF81F, 0xF5CB, 0xFF35,
  0xFF34, 0xF5CB, 0xF81F, 0xF81F, 0xF81F, 0xF81F, 0xF81F, 0xF81F, 0xF81F, 0xF81F, 0xF81F, 0xF81F, 0xF81F, 0xF81F, 0xF81F, 0xF81F,
  0xF81F, 0xF81F, 0xF81F, 0xF81F, 0xF81F, 0xF81F, 0xF81F, 0xF81F, 0xF81F, 0xF81F, 0xF81F, 0xF81F, 0xF81F, 0xE634, 0xFF10, 0xFFDC,
  0xFFDB, 0xFEEF, 0xE654, 0xF81F, 0xF81F, 0xF81F, 0xF81F, 0xF81F, 0xF81F, 0xF81F, 0xF81F, 0xF81F, 0xF81F, 0xF81F, 0xF81F, 0xF81F,
  0xF81F, 0xF81F, 0xF81F, 0xF81F, 0xF81F, 0xF81F, 0xF81F, 0xF81F, 0xF81F, 0xF81F, 0xF81F, 0xF81F, 0xF81F, 0xEDCD, 0xFF95, 0xFFFD,
  0xFFFD, 0xFF75, 0xF5ED, 0xF81F, 0xF81F, 0xF81F, 0xF81F, 0xF81F, 0xF81F, 0xF81F, 0xF81F, 0xF81F, 0xF81F, 0xF81F, 0xF81F, 0xF81F,
  0xF81F, 0xF81F, 0xF81F, 0xF81F, 0xF81F, 0xF81F, 0xF81F, 0xF81F, 0xF81F, 0xF81F, 0xF81F, 0xF81F, 0xF81F, 0xFE8E, 0xFFBA, 0xFFFE,
  0xFFFE, 0xFFBA, 0xFEAE, 0xF81F, 0xF81F, 0xF81F, 0xF81F, 0xF81F, 0xF81F, 0xF81F, 0xF81F, 0xF81F, 0xF81F, 0xF81F, 0xF81F, 0xF81F,
  0xF81F, 0xF81F, 0xF81F, 0xF81F, 0xF81F, 0xF81F, 0xF81F, 0xF81F, 0xF81F, 0xF81F, 0xF81F, 0xF81F, 0xEE31, 0xFF73, 0xFFFD, 0xFFFE,
  0xFFFE, 0xFFFD, 0xFF72, 0xEE31, 0xF81F, 0xF81F, 0xF81F, 0xF81F, 0xF81F, 0xF81F, 0xF81F, 0xF81F, 0xF81F, 0xF81F, 0xF81F, 0xF81F,
  0xF81F, 0xF81F, 0xF81F, 0xF81F, 0xF81F, 0xF81F, 0xF81F, 0xF81F, 0xF81F, 0xF81F, 0xF81F, 0xF81F, 0xF62D, 0xFFB8, 0xFFFD, 0xFFFE,
  0xFFFE, 0xFFFD, 0xFFB7, 0xF62C, 0xF81F, 0xF81F, 0xF81F, 0xF81F, 0xF81F, 0xF81F, 0xF81F, 0xF81F, 0xF81F, 0xF81F, 0xF81F, 0xF81F,
  0xF81F, 0xF81F, 0xF81F, 0xF81F, 0xF81F, 0xF81F, 0xF81F, 0xF81F, 0xF81F, 0xF81F, 0xF81F, 0xE696, 0xFF30, 0xFFDB, 0xFFFD, 0xFFFD,
  0xFFFE, 0xFFFD, 0xFFDB, 0xFF30, 0xE695, 0xF81F, 0xF81F, 0xF81F, 0xF81F, 0xF81F, 0xF81F, 0xF81F, 0xF81F, 0xF81F, 0xF81F, 0xF81F,
  0xF81F, 0xF81F, 0xF81F, 0xF81F, 0xF81F, 0xF81F, 0xF81F, 0xF81F, 0xF81F, 0xF81F, 0xF81F, 0xF64F, 0xFFB6, 0xFFFD, 0xFFFD, 0xFFFD,
  0xFFFD, 0xFFFD, 0xFFFD, 0xFFB5, 0xF64E, 0xF81F, 0xF81F, 0xF81F, 0xF81F, 0xF81F, 0xF81F, 0xF81F, 0xF81F, 0xF81F, 0xF81F, 0xF81F,
  0xF81F, 0xEE0F, 0xF5EE, 0xF60D, 0xF5ED, 0xF5EC, 0xF5EC, 0xF60C, 0xF62C, 0xF64D, 0xFE8E, 0xFF32, 0xFFDA, 0xFFFD, 0xFFFD, 0xFFFD,
  0xFFFD, 0xFFFD, 0xFFFD, 0xFFDA, 0xFF53, 0xFEEF, 0xFE8E, 0xF64D, 0xF62C, 0xF62C, 0xF60C, 0xF60D, 0xF60D, 0xF5ED, 0xEE0F, 0xF81F,
  0xDD4C, 0xFDE9, 0xFE8E, 0xFF11, 0xFF33, 0xFF33, 0xFF34, 0xFF54, 0xFF75, 0xFF97, 0xFFB8, 0xFFDB, 0xFFFC, 0xFFFC, 0xFFFD, 0xFFFD,
  0xFFFD, 0xFFFD, 0xFFFD, 0xFFFC, 0xFFFB, 0xFFDA, 0xFFB8, 0xFFB8, 0xFF96, 0xFF75, 0xFF75, 0xFF54, 0xFF33, 0xFEAF, 0xFDC8, 0xDCE6,
  0xDDCF, 0xF5E9, 0xEED3, 0xF799, 0xFFBA, 0xFFDA, 0xFFDA, 0xFFDA, 0xFFDB, 0xFFFB, 0xFFFB, 0xFFFC, 0xFFFC, 0xFFFC, 0xFFFC, 0xFFFC,
  0xFFFC, 0xFFFC, 0xFFFC, 0xFFFC, 0xFFFC, 0xFFFC, 0xFFFC, 0xFFFC, 0xFFFC, 0xFFFB, 0xFFFB, 0xFFDB, 0xF799, 0xEED3, 0xF5A8, 0xDD4B,
  0xF81F, 0xDDF0, 0xFE6C, 0xEEF3, 0xF778, 0xFFD9, 0xFFD9, 0xFFDA, 0xFFFA, 0xFFFA, 0xFFFB, 0xFFFB, 0xFFFB, 0xFFFB, 0xFFFB, 0xFFFB,
  0xFFFB, 0xFFFB, 0xFFFB, 0xFFFB, 0xFFFB, 0xFFFB, 0xFFFB, 0xFFFB, 0xFFFB, 0xFFFB, 0xFFFA, 0xF798, 0xEED2, 0xF62B, 0xDDAD, 0xF81F,
  0xF81F, 0xF81F, 0xDE53, 0xEE0A, 0xEEB0, 0xF756, 0xFFB8, 0xFFD8, 0xFFD9, 0xFFF9, 0xFFFA, 0xFFFA, 0xFFFA, 0xFFFA, 0xFFFA, 0xFFFA,
  0xFFFA, 0xFFFA, 0xFFFA, 0xFFFA, 0xFFFA, 0xFFFA, 0xFFFA, 0xFFFA, 0xFFF9, 0xFFD9, 0xF756, 0xEE6F, 0xEDE9, 0xDE11, 0xF81F, 0xF81F,
  0xF81F, 0xF81F, 0xF81F, 0xDE96, 0xE5CA, 0xF68D, 0xEF34, 0xFFB7, 0xFFD7, 0xFFD8, 0xFFD8, 0xFFF9, 0xFFF9, 0xFFF9, 0xFFF9, 0xFFF9,
  0xFFF9, 0xFFF9, 0xFFF9, 0xFFF9, 0xFFF9, 0xFFF9, 0xFFF8, 0xFFD8, 0xFFB7, 0xEF13, 0xEE2C, 0xDD88, 0xDE55, 0xF81F, 0xF81F, 0xF81F,
  0xF81F, 0xF81F, 0xF81F, 0xF81F, 0xF81F, 0xDDEB, 0xF66B, 0xEEF1, 0xFF95, 0xFFD6, 0xFFD7, 0xFFD7, 0xFFD7, 0xFFD8, 0xFFD8, 0xFFF8,
  0xFFF8, 0xFFF8, 0xFFD8, 0xFFD8, 0xFFD7, 0xFFD7, 0xFFD7, 0xFFB6, 0xEED0, 0xEE29, 0xDD89, 0xF81F, 0xF81F, 0xF81F, 0xF81F, 0xF81F,
  0xF81F, 0xF81F, 0xF81F, 0xF81F, 0xF81F, 0xF81F, 0xDE0E, 0xFE48, 0xF6AC, 0xFF72, 0xFFB5, 0xFFD6, 0xFFD6, 0xFFD6, 0xFFD6, 0xFFD6,
  0xFFD6, 0xFFD6, 0xFFD6, 0xFFD6, 0xFFD6, 0xFFB5, 0xFF92, 0xF6ED, 0xF669, 0xDDCC, 0xF81F, 0xF81F, 0xF81F, 0xF81F, 0xF81F, 0xF81F,
  0xF81F, 0xF81F, 0xF81F, 0xF81F, 0xF81F, 0xF81F, 0xF81F, 0xE630, 0xFE26, 0xFEEA, 0xFF6F, 0xFF91, 0xFFB3, 0xFFB4, 0xFFB5, 0xFFB5,
  0xFFB5, 0xFFB5, 0xFFB4, 0xFFB3, 0xFF91, 0xFF6E, 0xFF2C, 0xFEA9, 0xE650, 0xF81F, 0xF81F, 0xF81F, 0xF81F, 0xF81F, 0xF81F, 0xF81F,
  0xF81F, 0xF81F, 0xF81F, 0xF81F, 0xF81F, 0xF81F, 0xF81F, 0xF81F, 0xFDE5, 0xFE88, 0xFF2A, 0xFF4B, 0xFF4C, 0xFF6D, 0xFF6E, 0xFF6F,
  0xFF6F, 0xFF6E, 0xFF6D, 0xFF4C, 0xFF4B, 0xFF4B, 0xFEEA, 0xFEA8, 0xF81F, 0xF81F, 0xF81F, 0xF81F, 0xF81F, 0xF81F, 0xF81F, 0xF81F,
  0xF81F, 0xF81F, 0xF81F, 0xF81F, 0xF81F, 0xF81F, 0xF81F, 0xE630, 0xFE04, 0xFE46, 0xFEE9, 0xFF09, 0xFF0A, 0xFF2A, 0xFF2A, 0xFF2A,
  0xFF2A, 0xFF2A, 0xFF2A, 0xFF29, 0xFF09, 0xFF09, 0xFEC7, 0xFEA6, 0xE650, 0xF81F, 0xF81F, 0xF81F, 0xF81F, 0xF81F, 0xF81F, 0xF81F,
  0xF81F, 0xF81F, 0xF81F, 0xF81F, 0xF81F, 0xF81F, 0xF81F, 0xEDAA, 0xFDE4, 0xFE25, 0xFEA6, 0xFEC7, 0xFEE7, 0xFEE8, 0xFEE8, 0xFEE8,
  0xFEE8, 0xFEE8, 0xFEE7, 0xFEE7, 0xFEC7, 0xFEC6, 0xFE86, 0xFE65, 0xEE09, 0xF81F, 0xF81F, 0xF81F, 0xF81F, 0xF81F, 0xF81F, 0xF81F,
  0xF81F, 0xF81F, 0xF81F, 0xF81F, 0xF81F, 0xF81F, 0xF81F, 0xED45, 0xFDA3, 0xFE04, 0xFE45, 0xFE85, 0xFE85, 0xFE85, 0xFE85, 0xF665,
  0xF665, 0xFE85, 0xFEA5, 0xFEA5, 0xFE85, 0xFE85, 0xFE44, 0xFE24, 0xF5E5, 0xF81F, 0xF81F, 0xF81F, 0xF81F, 0xF81F, 0xF81F, 0xF81F,
  0xF81F, 0xF81F, 0xF81F, 0xF81F, 0xF81F, 0xF81F, 0xF81F, 0xFD83, 0xFD83, 0xFDC3, 0xFE03, 0xFE04, 0xFE04, 0xF5E3, 0xE583, 0xE563,
  0xE563, 0xE5A4, 0xF604, 0xFE24, 0xFE44, 0xFE23, 0xFE03, 0xFDE4, 0xFE25, 0xE695, 0xF81F, 0xF81F, 0xF81F, 0xF81F, 0xF81F, 0xF81F,
  0xF81F, 0xF81F, 0xF81F, 0xF81F, 0xF81F, 0xF81F, 0xE60F, 0xFDA3, 0xFD43, 0xFD62, 0xFD82, 0xF583, 0xED43, 0xE502, 0xE543, 0xCCE5,
  0xCD05, 0xE564, 0xDD23, 0xE563, 0xF5A3, 0xFDC3, 0xFDC2, 0xFD83, 0xFE04, 0xE62E, 0xF81F, 0xF81F, 0xF81F, 0xF81F, 0xF81F, 0xF81F,
  0xF81F, 0xF81F, 0xF81F, 0xF81F, 0xF81F, 0xF81F, 0xED69, 0xFD43, 0xF502, 0xF502, 0xECE2, 0xE4C2, 0xE4E3, 0xDD03, 0xD5AD, 0xF81F,
  0xF81F, 0xD5EE, 0xDD65, 0xE544, 0xDD03, 0xED22, 0xF542, 0xF542, 0xFDA3, 0xE5A8, 0xF81F, 0xF81F, 0xF81F, 0xF81F, 0xF81F, 0xF81F,
  0xF81F, 0xF81F, 0xF81F, 0xF81F, 0xF81F, 0xF81F, 0xECE4, 0xF4E2, 0xECA2, 0xE482, 0xDCA2, 0xE523, 0xD548, 0xDE96, 0xF81F, 0xF81F,
  0xF81F, 0xF81F, 0xF81F, 0xD5AA, 0xE585, 0xDCE3, 0xE4C3, 0xECE2, 0xF523, 0xED44, 0xF81F, 0xF81F, 0xF81F, 0xF81F, 0xF81F, 0xF81F,
  0xF81F, 0xF81F, 0xF81F, 0xF81F, 0xF81F, 0xF81F, 0xECC2, 0xDC82, 0xDC82, 0xE503, 0xD4E4, 0xDE11, 0xF81F, 0xF81F, 0xF81F, 0xF81F,
  0xF81F, 0xF81F, 0xF81F, 0xF81F, 0xDE52, 0xD546, 0xE544, 0xDCA3, 0xDCA3, 0xED03, 0xDE75, 0xF81F, 0xF81F, 0xF81F, 0xF81F, 0xF81F,
  0xF81F, 0xF81F, 0xF81F, 0xF81F, 0xF81F, 0xDE13, 0xECE3, 0xDCE3, 0xDD04, 0xDDCC, 0xF81F, 0xF81F, 0xF81F, 0xF81F, 0xF81F, 0xF81F,
  0xF81F, 0xF81F, 0xF81F, 0xF81F, 0xF81F, 0xF81F, 0xD5EE, 0xD4E4, 0xDCC3, 0xE503, 0xDE14, 0xF81F, 0xF81F, 0xF81F, 0xF81F, 0xF81F,
  0xF81F, 0xF81F, 0xF81F, 0xF81F, 0xF81F, 0xF81F, 0xD529, 0xD58B, 0xF81F, 0xF81F, 0xF81F, 0xF81F, 0xF81F, 0xF81F, 0xF81F, 0xF81F,
  0xF81F, 0xF81F, 0xF81F, 0xF81F, 0xF81F, 0xF81F, 0xF81F, 0xF81F, 0xD56B, 0xCD2B, 0xF81F, 0xF81F, 0xF81F, 0xF81F, 0xF81F, 0xF81F,
  0xF81F, 0xF81F, 0xF81F, 0xF81F, 0xF81F, 0xF81F, 0xF81F, 0xF81F, 0xF81F, 0xF81F, 0xF81F, 0xF81F, 0xF81F, 0xF81F, 0xF81F, 0xF81F,
  0xF81F, 0xF81F, 0xF81F, 0xF81F, 0xF81F, 0xF81F, 0xF81F, 0xF81F, 0xF81F, 0xF81F, 0xF81F, 0xF81F, 0xF81F, 0xF81F, 0xF81F, 0xF81F,
};

const uint16_t icon_sparkles[1024] PROGMEM = {
  0xF81F, 0xF81F, 0xF81F, 0xF81F, 0xF81F, 0xF81F, 0xF81F, 0xF81F, 0xF81F, 0xF81F, 0xF81F, 0xF81F, 0xF81F, 0xF81F, 0xF81F, 0xF81F,
  0xF81F, 0xF81F, 0xF81F, 0xF81F, 0xF81F, 0xF81F, 0xF81F, 0xF81F, 0xF81F, 0xF81F, 0xF81F, 0xF81F, 0xF81F, 0xF81F, 0xF81F, 0xF81F,
  0xF81F, 0xF81F, 0xF81F, 0xF81F, 0xF81F, 0xF81F, 0xF81F, 0xF81F, 0xF81F, 0xF81F, 0xF81F, 0xF81F, 0xF81F, 0xF81F, 0xF81F, 0xF81F,
  0xF81F, 0xF81F, 0xF81F, 0xF81F, 0xF81F, 0xF81F, 0xF81F, 0xF81F, 0xF81F, 0xF81F, 0xF81F, 0xF81F, 0xF81F, 0xF81F, 0xF81F, 0xF81F,
  0xF81F, 0xF81F, 0xF81F, 0xF81F, 0xF81F, 0xE655, 0xF81F, 0xF81F, 0xF81F, 0xF81F, 0xF81F, 0xF81F, 0xF81F, 0xF81F, 0xF81F, 0xF81F,
  0xF81F, 0xF81F, 0xF81F, 0xE614, 0xF81F, 0xF81F, 0xF81F, 0xF81F, 0xF81F, 0xF81F, 0xF81F, 0xF81F, 0xF81F, 0xF81F, 0xF81F, 0xF81F,
  0xF81F, 0xF81F, 0xF81F, 0xF81F, 0xEED8, 0xEE31, 0xF81F, 0xF81F, 0xF81F, 0xF81F, 0xF81F, 0xF81F, 0xF81F, 0xF81F, 0xF81F, 0xF81F,
  0xF81F, 0xF81F, 0xF81F, 0xE5B0, 0xF81F, 0xF81F, 0xF81F, 0xF81F, 0xF81F, 0xF81F, 0xF81F, 0xF81F, 0xF81F, 0xF81F, 0xF81F, 0xF81F,
  0xF81F, 0xF81F, 0xF81F, 0xF81F, 0xEED6, 0xEE4E, 0xF81F, 0xF81F, 0xF81F, 0xF81F, 0xF81F, 0xF81F, 0xF81F, 0xF81F, 0xF81F, 0xF81F,
  0xF81F, 0xF81F, 0xF81F, 0xED8D, 0xF81F, 0xF81F, 0xF81F, 0xF81F, 0xF81F, 0xF81F, 0xF81F, 0xF81F, 0xF81F, 0xF81F, 0xF81F, 0xF81F,
  0xF81F, 0xF81F, 0xF81F, 0xF81F, 0xEEB3, 0xFE88, 0xF81F, 0xF81F, 0xF81F, 0xF81F, 0xF81F, 0xF81F, 0xF81F, 0xF81F, 0xF81F, 0xF81F,
  0xF81F, 0xF81F, 0xF81F, 0xF58A, 0xF81F, 0xF81F, 0xF81F, 0xF81F, 0xF81F, 0xF81F, 0xF81F, 0xF81F, 0xF81F, 0xF81F, 0xF81F, 0xF81F,
  0xF81F, 0xF81F, 0xF81F, 0xEED4, 0xFF2E, 0xFF07, 0xF64B, 0xEED7, 0xF81F, 0xF81F, 0xF81F, 0xF81F, 0xF81F, 0xF81F, 0xF81F, 0xF81F,
  0xF81F, 0xF81F, 0xF81F, 0xFE29, 0xEEB8, 0xF81F, 0xF81F, 0xF81F, 0xF81F, 0xF81F, 0xF81F, 0xF81F, 0xF81F, 0xF81F, 0xF81F, 0xF81F,
  0xF81F, 0xF81F, 0xEE0F, 0xFF09, 0xFF07, 0xFF07, 0xFF27, 0xF607, 0xE5F2, 0xF81F, 0xF81F, 0xF81F, 0xF81F, 0xF81F, 0xF81F, 0xF81F,
  0xF81F, 0xF81F, 0xF81F, 0xFEE9, 0xEE95, 0xF81F, 0xF81F, 0xF81F, 0xF81F, 0xF81F, 0xF81F, 0xF81F, 0xF81F, 0xF81F, 0xF81F, 0xF81F,
  0xF81F, 0xF81F, 0xF81F, 0xE675, 0xFE46, 0xFF07, 0xF64B, 0xF81F, 0xF81F, 0xF81F, 0xF81F, 0xF81F, 0xF81F, 0xF81F, 0xF81F, 0xF81F,
  0xF81F, 0xF81F, 0xEE95, 0xFF8B, 0xEE73, 0xF81F, 0xF81F, 0xF81F, 0xF81F, 0xF81F, 0xF81F, 0xF81F, 0xF81F, 0xF81F, 0xF81F, 0xF81F,
  0xF81F, 0xF81F, 0xF81F, 0xF81F, 0xEE0D, 0xFE85, 0xF81F, 0xF81F, 0xF81F, 0xF81F, 0xF81F, 0xF81F, 0xF81F, 0xF81F, 0xF81F, 0xF81F,
  0xF81F, 0xF81F, 0xEE93, 0xFFED, 0xEE92, 0xF81F, 0xF81F, 0xF81F, 0xF81F, 0xF81F, 0xF81F, 0xF81F, 0xF81F, 0xF81F, 0xF81F, 0xF81F,
  0xF81F, 0xF81F, 0xF81F, 0xF81F, 0xEE74, 0xF565, 0xF81F, 0xF81F, 0xF81F, 0xF81F, 0xF81F, 0xF81F, 0xF81F, 0xF81F, 0xF81F, 0xF81F,
  0xF81F, 0xF81F, 0xF66F, 0xFFAA, 0xF6B0, 0xF81F, 0xF81F, 0xF81F, 0xF81F, 0xF81F, 0xF81F, 0xF81F, 0xF81F, 0xF81F, 0xF81F, 0xF81F,
  0xF81F, 0xF81F, 0xF81F, 0xF81F, 0xF81F, 0xED69, 0xF81F, 0xF81F, 0xF81F, 0xF81F, 0xF81F, 0xF81F, 0xF81F, 0xF81F, 0xF81F, 0xF81F,
  0xF81F, 0xF81F, 0xFEED, 0xFF26, 0xFF6F, 0xE6B9, 0xF81F, 0xF81F, 0xF81F, 0xF81F, 0xF81F, 0xF81F, 0xF81F, 0xF81F, 0xF81F, 0xF81F,
  0xF81F, 0xF81F, 0xF81F, 0xF81F, 0xF81F, 0xE58F, 0xF81F, 0xF81F, 0xF81F, 0xF81F, 0xF81F, 0xF81F, 0xF81F, 0xF81F, 0xF81F, 0xF81F,
  0xF81F, 0xF692, 0xFF8D, 0xFF06, 0xFF4A, 0xF6D0, 0xF81F, 0xF81F, 0xF81F, 0xF81F, 0xF81F, 0xF81F, 0xF81F, 0xF81F, 0xF81F, 0xF81F,
  0xF81F, 0xF81F, 0xF81F, 0xF81F, 0xF81F, 0xDE37, 0xF81F, 0xF81F, 0xF81F, 0xF81F, 0xF81F, 0xF81F, 0xF81F, 0xF81F, 0xF81F, 0xEE53,
  0xF66C, 0xFF8C, 0xFF07, 0xFF07, 0xFEE7, 0xFF28, 0xF627, 0xEE10, 0xF81F, 0xF81F, 0xF81F, 0xF81F, 0xF81F, 0xF81F, 0xF81F, 0xF81F,
  0xF81F, 0xF81F, 0xF81F, 0xF81F, 0xF81F, 0xF81F, 0xF81F, 0xF81F, 0xF81F, 0xF81F, 0xE635, 0xE5D2, 0xEDAE, 0xF5CA, 0xFEEB, 0xFF4A,
  0xFF48, 0xFF07, 0xFF07, 0xFF07, 0xFF07, 0xFEE7, 0xFF07, 0xFEE7, 0xFE27, 0xFDA6, 0xF527, 0xED0A, 0xE52F, 0xDDD4, 0xF81F, 0xF81F,
  0xF81F, 0xF81F, 0xF81F, 0xF81F, 0xF81F, 0xF81F, 0xF81F, 0xF81F, 0xF81F, 0xF81F, 0xF81F, 0xF81F, 0xF81F, 0xEE73, 0xF68D, 0xFF6E,
  0xFF4C, 0xFF08, 0xFEE7, 0xFEE7, 0xFEE7, 0xFEC7, 0xF6E7, 0xFF48, 0xFEA6, 0xEDC9, 0xEE31, 0xF81F, 0xF81F, 0xF81F, 0xF81F, 0xF81F,
  0xF81F, 0xF81F, 0xF81F, 0xF81F, 0xF81F, 0xF81F, 0xF81F, 0xF81F, 0xF81F, 0xF81F, 0xF81F, 0xF81F, 0xF81F, 0xF81F, 0xF81F, 0xE674,
  0xF6EE, 0xFFAE, 0xFF29, 0xFEE7, 0xFEC7, 0xF6E7, 0xFF27, 0xF5E9, 0xE635, 0xF81F, 0xF81F, 0xF81F, 0xF81F, 0xF81F, 0xF81F, 0xF81F,
  0xF81F, 0xF81F, 0xF81F, 0xF81F, 0xF81F, 0xF81F, 0xF81F, 0xF81F, 0xF81F, 0xF81F, 0xF81F, 0xF81F, 0xF81F, 0xF81F, 0xF81F, 0xF81F,
  0xF81F, 0xF6CB, 0xFF8C, 0xFEE7, 0xF6C6, 0xFEE6, 0xEDEB, 0xF81F, 0xF81F, 0xF81F, 0xF81F, 0xF81F, 0xF81F, 0xF81F, 0xF81F, 0xF81F,
  0xF81F, 0xF81F, 0xF81F, 0xF81F, 0xF81F, 0xF81F, 0xF81F, 0xF81F, 0xF81F, 0xF81F, 0xF81F, 0xF81F, 0xF81F, 0xF81F, 0xF81F, 0xF81F,
  0xF81F, 0xE632, 0xFF8A, 0xFF29, 0xFEE5, 0xF5A6, 0xF81F, 0xF81F, 0xF81F, 0xF81F, 0xF81F, 0xF81F, 0xF81F, 0xF81F, 0xF81F, 0xF81F,
  0xF81F, 0xF81F, 0xF81F, 0xF81F, 0xF81F, 0xF81F, 0xF81F, 0xF81F, 0xF81F, 0xE5F4, 0xF81F, 0xF81F, 0xF81F, 0xF81F, 0xF81F, 0xF81F,
  0xF81F, 0xF81F, 0xF628, 0xFF6A, 0xFEA5, 0xE611, 0xF81F, 0xF81F, 0xF81F, 0xF81F, 0xF81F, 0xF81F, 0xF81F, 0xF81F, 0xF81F, 0xF81F,
  0xF81F, 0xF81F, 0xF81F, 0xF81F, 0xF81F, 0xF81F, 0xF81F, 0xF81F, 0xF81F, 0xE5AF, 0xEE54, 0xF81F, 0xF81F, 0xF81F, 0xF81F, 0xF81F,
  0xF81F, 0xF81F, 0xEDEB, 0xFF8A, 0xFE04, 0xF81F, 0xF81F, 0xF81F, 0xF81F, 0xF81F, 0xF81F, 0xF81F, 0xF81F, 0xF81F, 0xF81F, 0xF81F,
  0xF81F, 0xF81F, 0xF81F, 0xF81F, 0xF81F, 0xF81F, 0xF81F, 0xF81F, 0xF81F, 0xEDAA, 0xEE30, 0xF81F, 0xF81F, 0xF81F, 0xF81F, 0xF81F,
  0xF81F, 0xF81F, 0xEE0F, 0xFFAA, 0xF5A6, 0xF81F, 0xF81F, 0xF81F, 0xF81F, 0xF81F, 0xF81F, 0xF81F, 0xF81F, 0xF81F, 0xF81F, 0xF81F,
  0xF81F, 0xF81F, 0xF81F, 0xF81F, 0xF81F, 0xF81F, 0xF81F, 0xF81F, 0xF81F, 0xFE26, 0xF649, 0xF81F, 0xF81F, 0xF81F, 0xF81F, 0xF81F,
  0xF81F, 0xF81F, 0xE653, 0xFF8A, 0xEDA9, 0xF81F, 0xF81F, 0xF81F, 0xF81F, 0xF81F, 0xF81F, 0xF81F, 0xF81F, 0xF81F, 0xF81F, 0xF81F,
  0xF81F, 0xF81F, 0xF81F, 0xF81F, 0xF81F, 0xF81F, 0xE636, 0xEE30, 0xF648, 0xFEE8, 0xFF28, 0xFE07, 0xEE0F, 0xE656, 0xF81F, 0xF81F,
  0xF81F, 0xF81F, 0xF81F, 0xFF2A, 0xEDED, 0xF81F, 0xF81F, 0xF81F, 0xF81F, 0xF81F, 0xF81F, 0xF81F, 0xF81F, 0xF81F, 0xF81F, 0xF81F,
  0xF81F, 0xF81F, 0xF81F, 0xF81F, 0xF81F, 0xF81F, 0xF81F, 0xEEB5, 0xF6CB, 0xFF6D, 0xFF8E, 0xF6EC, 0xEE94, 0xF81F, 0xF81F, 0xF81F,
  0xF81F, 0xF81F, 0xF81F, 0xFE88, 0xEE31, 0xF81F, 0xF81F, 0xF81F, 0xF81F, 0xF81F, 0xF81F, 0xF81F, 0xF81F, 0xF81F, 0xF81F, 0xF81F,
  0xF81F, 0xF81F, 0xF81F, 0xF81F, 0xF81F, 0xF81F, 0xF81F, 0xF81F, 0xF81F, 0xFF0B, 0xF6EB, 0xF81F, 0xF81F, 0xF81F, 0xF81F, 0xF81F,
  0xF81F, 0xF81F, 0xF81F, 0xF5C9, 0xEE75, 0xF81F, 0xF81F, 0xF81F, 0xF81F, 0xF81F, 0xF81F, 0xF81F, 0xF81F, 0xF81F, 0xF81F, 0xF81F,
  0xF81F, 0xF81F, 0xF81F, 0xF81F, 0xF81F, 0xF81F, 0xF81F, 0xF81F, 0xF81F, 0xEE2C, 0xEE4E, 0xF81F, 0xF81F, 0xF81F, 0xF81F, 0xF81F,
  0xF81F, 0xF81F, 0xF81F, 0xEDAD, 0xF81F, 0xF81F, 0xF81F, 0xF81F, 0xF81F, 0xF81F, 0xF81F, 0xF81F, 0xF81F, 0xF81F, 0xF81F, 0xF81F,
  0xF81F, 0xF81F, 0xF81F, 0xF81F, 0xF81F, 0xF81F, 0xF81F, 0xF81F, 0xF81F, 0xEE50, 0xEE52, 0xF81F, 0xF81F, 0xF81F, 0xF81F, 0xF81F,
  0xF81F, 0xF81F, 0xF81F, 0xE5D2, 0xF81F, 0xF81F, 0xF81F, 0xF81F, 0xF81F, 0xF81F, 0xF81F, 0xF81F, 0xF81F, 0xF81F, 0xF81F, 0xF81F,
  0xF81F, 0xF81F, 0xF81F, 0xF81F, 0xF81F, 0xF81F, 0xF81F, 0xF81F, 0xF81F, 0xE675, 0xE696, 0xF81F, 0xF81F, 0xF81F, 0xF81F, 0xF81F,
  0xF81F, 0xF81F, 0xF81F, 0xDE37, 0xF81F, 0xF81F, 0xF81F, 0xF81F, 0xF81F, 0xF81F, 0xF81F, 0xF81F, 0xF81F, 0xF81F, 0xF81F, 0xF81F,
  0xF81F, 0xF81F, 0xF81F, 0xF81F, 0xF81F, 0xF81F, 0xF81F, 0xF81F, 0xF81F, 0xF81F, 0xF81F, 0xF81F, 0xF81F, 0xF81F, 0xF81F, 0xF81F,
  0xF81F, 0xF81F, 0xF81F, 0xF81F, 0xF81F, 0xF81F, 0xF81F, 0xF81F, 0xF81F, 0xF81F, 0xF81F, 0xF81F, 0xF81F, 0xF81F, 0xF81F, 0xF81F,
  0xF81F, 0xF81F, 0xF81F, 0xF81F, 0xF81F, 0xF81F, 0xF81F, 0xF81F, 0xF81F, 0xF81F, 0xF81F, 0xF81F, 0xF81F, 0xF81F, 0xF81F, 0xF81F,
  0xF81F, 0xF81F, 0xF81F, 0xF81F, 0xF81F, 0xF81F, 0xF81F, 0xF81F, 0xF81F, 0xF81F, 0xF81F, 0xF81F, 0xF81F, 0xF81F, 0xF81F, 0xF81F,
  0xF81F, 0xF81F, 0xF81F, 0xF81F, 0xF81F, 0xF81F, 0xF81F, 0xF81F, 0xF81F, 0xF81F, 0xF81F, 0xF81F, 0xF81F, 0xF81F, 0xF81F, 0xF81F,
  0xF81F, 0xF81F, 0xF81F, 0xF81F, 0xF81F, 0xF81F, 0xF81F, 0xF81F, 0xF81F, 0xF81F, 0xF81F, 0xF81F, 0xF81F, 0xF81F, 0xF81F, 0xF81F,
};

const uint16_t icon_rainbow[1024] PROGMEM = {
  0xF81F, 0xF81F, 0xF81F, 0xF81F, 0xF81F, 0xF81F, 0xF81F, 0xF81F, 0xF81F, 0xF81F, 0xF81F, 0xF81F, 0xF81F, 0xF81F, 0xF81F, 0xF81F,
  0xF81F, 0xF81F, 0xF81F, 0xF81F, 0xF81F, 0xF81F, 0xF81F, 0xF81F, 0xF81F, 0xF81F, 0xED15, 0xE3F1, 0xEAEE, 0xE22B, 0xE1A9, 0xD9EA,
  0xF81F, 0xF81F, 0xF81F, 0xF81F, 0xF81F, 0xF81F, 0xF81F, 0xF81F, 0xF81F, 0xF81F, 0xF81F, 0xF81F, 0xF81F, 0xF81F, 0xF81F, 0xF81F,
  0xF81F, 0xF81F, 0xF81F, 0xF81F, 0xF81F, 0xF81F, 0xECD5, 0xEACE, 0xF18A, 0xF928, 0xF968, 0xF9A9, 0xF9C9, 0xF1C9, 0xE9A8, 0xD967,
  0xF81F, 0xF81F, 0xF81F, 0xF81F, 0xF81F, 0xF81F, 0xF81F, 0xF81F, 0xF81F, 0xF81F, 0xF81F, 0xF81F, 0xF81F, 0xF81F, 0xF81F, 0xF81F,
  0xF81F, 0xF81F, 0xF81F, 0xF81F, 0xEAEF, 0xF108, 0xF989, 0xFA4B, 0xFA4B, 0xF1C9, 0xE967, 0xE105, 0xD8E3, 0xD0C2, 0xD0C1, 0xC8E1,
  0xF81F, 0xF81F, 0xF81F, 0xF81F, 0xF81F, 0xF81F, 0xF81F, 0xF81F, 0xF81F, 0xF81F, 0xF81F, 0xF81F, 0xF81F, 0xF81F, 0xF81F, 0xF81F,
  0xF81F, 0xF81F, 0xF24D, 0xF8E8, 0xFA2B, 0xFA6B, 0xF9A8, 0xF104, 0xF0E1, 0xF160, 0xF220, 0xF2E0, 0xF380, 0xFBE1, 0xFC21, 0xF442,
  0xF81F, 0xF81F, 0xF81F, 0xF81F, 0xF81F, 0xF81F, 0xF81F, 0xF81F, 0xF81F, 0xF81F, 0xF81F, 0xF81F, 0xF81F, 0xF81F, 0xF81F, 0xF81F,
  0xEAEF, 0xF8A8, 0xFA4C, 0xFA4B, 0xF946, 0xF901, 0xFA20, 0xFBA0, 0xFCC2, 0xFD44, 0xFD85, 0xFD65, 0xFD25, 0xFCE4, 0xFCA3, 0xEC63,
  0xF81F, 0xF81F, 0xF81F, 0xF81F, 0xF81F, 0xF81F, 0xF81F, 0xF81F, 0xF81F, 0xF81F, 0xF81F, 0xF81F, 0xF81F, 0xF81F, 0xECD6, 0xF0C9,
  0xF9EB, 0xFA8B, 0xF946, 0xF921, 0xFB20, 0xFD02, 0xFDE5, 0xFDC6, 0xFD25, 0xFCC3, 0xFC81, 0xFC60, 0xF480, 0xF4A0, 0xF4E0, 0xECE1,
  0xF81F, 0xF81F, 0xF81F, 0xF81F, 0xF81F, 0xF81F, 0xF81F, 0xF81F, 0xF81F, 0xF81F, 0xF81F, 0xF81F, 0xF81F, 0xEAF0, 0xF8C9, 0xFA8C,
  0xF9A8, 0xF902, 0xFB20, 0xFD82, 0xFE26, 0xFD86, 0xFCC3, 0xFC81, 0xFD01, 0xFDC3, 0xFE65, 0xFEC7, 0xFF28, 0xFF49, 0xFF68, 0xFF48,
  0xF81F, 0xF81F, 0xF81F, 0xF81F, 0xF81F, 0xF81F, 0xF81F, 0xF81F, 0xF81F, 0xF81F, 0xF81F, 0xF81F, 0xF18C, 0xF96A, 0xFA6B, 0xF8E5,
  0xFA20, 0xFD40, 0xFE45, 0xFD86, 0xFCA2, 0xFCC1, 0xFDE4, 0xFF08, 0xFF8C, 0xFFAD, 0xFF6C, 0xFF0B, 0xFEA9, 0xEE47, 0xE5E5, 0xD5A4,
  0xF81F, 0xF81F, 0xF81F, 0xF81F, 0xF81F, 0xF81F, 0xF81F, 0xF81F, 0xF81F, 0xF81F, 0xF81F, 0xF0EA, 0xF9CB, 0xFA09, 0xF8E2, 0xFBE0,
  0xFE43, 0xFDE6, 0xFCC3, 0xFCE1, 0xFE46, 0xFF8C, 0xFFEF, 0xFF8E, 0xFECB, 0xE626, 0xADC3, 0x85A1, 0x6580, 0x4D80, 0x3DA1, 0x3DA2,
  0xF81F, 0xF81F, 0xF81F, 0xF81F, 0xF81F, 0xF81F, 0xF81F, 0xF81F, 0xF81F, 0xF81F, 0xF089, 0xF9CB, 0xF9A8, 0xF961, 0xFD20, 0xFE84,
  0xFD65, 0xFCA1, 0xFE05, 0xFFAD, 0xFFF1, 0xFF6F, 0xFE89, 0xB603, 0x6600, 0x3661, 0x2EA4, 0x36E6, 0x3706, 0x3EE6, 0x36C6, 0x3685,
  0xF81F, 0xF81F, 0xF81F, 0xF81F, 0xF81F, 0xF81F, 0xF81F, 0xF81F, 0xF81F, 0xF0A9, 0xF9AA, 0xF967, 0xF9C0, 0xFDE0, 0xFE65, 0xFD03,
  0xFD22, 0xFF2A, 0xFFF1, 0xFFB1, 0xFEAB, 0xB623, 0x4E80, 0x2F24, 0x3F88, 0x4F88, 0x3F26, 0x2E65, 0x15A6, 0x0507, 0x0489, 0x042B,
  0xF81F, 0xF81F, 0xF81F, 0xF81F, 0xF81F, 0xF81F, 0xF81F, 0xF81F, 0xF12A, 0xF969, 0xF967, 0xF9E0, 0xFE20, 0xFE45, 0xFCE2, 0xFDE4,
  0xFFCF, 0xFFF2, 0xFF2E, 0xDE66, 0x5EA0, 0x2763, 0x47E9, 0x57A8, 0x2EC6, 0x0589, 0x0490, 0x0416, 0x0BFB, 0x1BDD, 0x23DE, 0x23DE,
  0xF81F, 0xF81F, 0xF81F, 0xF81F, 0xF81F, 0xF81F, 0xF81F, 0xEA2D, 0xF909, 0xF987, 0xF9A1, 0xFE00, 0xFE25, 0xFCC2, 0xFE26, 0xFFF1,
  0xFFD2, 0xFEEC, 0xA683, 0x2761, 0x3FE8, 0x57C9, 0x2EE6, 0x056B, 0x0477, 0x1C7F, 0x3CBF, 0x4CFF, 0x44DF, 0x347F, 0x2C1D, 0x239B,
  0xF81F, 0xF81F, 0xF81F, 0xF81F, 0xF81F, 0xF81F, 0xEC13, 0xF888, 0xF9C8, 0xF922, 0xFD80, 0xFE24, 0xFCA2, 0xFE26, 0xFFF1, 0xFFB1,
  0xFECA, 0x7702, 0x17E2, 0x57EA, 0x4767, 0x05E9, 0x04B7, 0x24DF, 0x555F, 0x4D3F, 0x2C5E, 0x131D, 0x121B, 0x1959, 0x20F7, 0x30D6,
  0xF81F, 0xF81F, 0xF81F, 0xF81F, 0xF81F, 0xF81F, 0xF847, 0xF9A8, 0xF8E3, 0xFCA0, 0xFE43, 0xFCC2, 0xFDE5, 0xFFF0, 0xFFB0, 0xF6A9,
  0x5F21, 0x1FE4, 0x5FEA, 0x26E5, 0x0550, 0x0CFF, 0x4D9F, 0x557F, 0x241E, 0x123D, 0x30FB, 0x58DA, 0x715A, 0x799A, 0x79B9, 0x7198,
  0xF81F, 0xF81F, 0xF81F, 0xF81F, 0xF81F, 0xF1CB, 0xF928, 0xF925, 0xFB20, 0xFE62, 0xFCE3, 0xFD63, 0xFFEE, 0xFFB0, 0xFEA9, 0x5721,
  0x1FE4, 0x57C9, 0x16A6, 0x0537, 0x2D5F, 0x5DDF, 0x2CBF, 0x127E, 0x40DC, 0x795C, 0x923D, 0x8A5C, 0x71BB, 0x5918, 0x50F5, 0x5995,
  0xF81F, 0xF81F, 0xF81F, 0xF81F, 0xECF6, 0xF847, 0xF987, 0xF981, 0xFDE0, 0xFD64, 0xFCC1, 0xFF8C, 0xFFF0, 0xFEAA, 0x6EE2, 0x17E3,
  0x57A9, 0x0E67, 0x051A, 0x3DBF, 0x559F, 0x13BE, 0x393E, 0x811E, 0xA29E, 0x8A7E, 0x613A, 0x6198, 0x9399, 0xF81F, 0xF81F, 0xF81F,
  0xF81F, 0xF81F, 0xF81F, 0xF81F, 0xF129, 0xF948, 0xF8E4, 0xFC40, 0xFE03, 0xFC82, 0xFEA7, 0xFFEF, 0xFEEB, 0x96A3, 0x0FE1, 0x57A9,
  0x1666, 0x04FA, 0x3D9F, 0x455F, 0x12FE, 0x60DE, 0xA1DF, 0x9ADF, 0x695B, 0x7A39, 0xF81F, 0xF81F, 0xF81F, 0xF81F, 0xF81F, 0xF81F,
  0xF81F, 0xF81F, 0xF81F, 0xECD5, 0xF866, 0xF947, 0xFA21, 0xFE01, 0xFCE3, 0xFD43, 0xFFED, 0xFF4D, 0xCE45, 0x1780, 0x47C8, 0x1E85,
  0x04F8, 0x355F, 0x451F, 0x12BE, 0x70BF, 0xAA5F, 0x927F, 0x719A, 0xF81F, 0xF81F, 0xF81F, 0xF81F, 0xF81F, 0xF81F, 0xF81F, 0xF81F,
  0xF81F, 0xF81F, 0xF81F, 0xF18A, 0xF927, 0xF904, 0xFC60, 0xFDA3, 0xFC61, 0xFF09, 0xFFCE, 0xF668, 0x4700, 0x27C5, 0x36E6, 0x0513,
  0x1D1F, 0x451F, 0x12BE, 0x709E, 0xAA7F, 0x81FE, 0x8B1A, 0xF81F, 0xF81F, 0xF81F, 0xF81F, 0xF81F, 0xF81F, 0xF81F, 0xF81F, 0xF81F,
  0xF81F, 0xF81F, 0xF81F, 0xF825, 0xF926, 0xF9E1, 0xFDA0, 0xFCA3, 0xFD63, 0xFFED, 0xFF0C, 0x9E63, 0x0F81, 0x4747, 0x058B, 0x0CBF,
  0x453F, 0x133E, 0x60BE, 0xA23F, 0x81FD, 0xA43A, 0xF81F, 0xF81F, 0xF81F, 0xF81F, 0xF81F, 0xF81F, 0xF81F, 0xF81F, 0xF81F, 0xF81F,
  0xF81F, 0xF81F, 0xEAEE, 0xF8C6, 0xF105, 0xFBA0, 0xFD82, 0xFC61, 0xFEC7, 0xFFCD, 0xEE68, 0x36E0, 0x2F86, 0x2645, 0x047A, 0x351F,
  0x23FE, 0x411D, 0x999F, 0x823E, 0xA43A, 0xF81F, 0xF81F, 0xF81F, 0xF81F, 0xF81F, 0xF81F, 0xF81F, 0xF81F, 0xF81F, 0xF81F, 0xF81F,
  0xF81F, 0xF81F, 0xE8A6, 0xF926, 0xF142, 0xFD00, 0xFCE3, 0xFCE2, 0xFFAB, 0xFF2C, 0x9E43, 0x0F42, 0x3F06, 0x050E, 0x149F, 0x3CBF,
  0x1A1D, 0x80BD, 0x927F, 0x8B39, 0xF81F, 0xF81F, 0xF81F, 0xF81F, 0xF81F, 0xF81F, 0xF81F, 0xF81F, 0xF81F, 0xF81F, 0xF81F, 0xF81F,
  0xF81F, 0xF81F, 0xF845, 0xF106, 0xF260, 0xFD81, 0xFC42, 0xFDE4, 0xFFCC, 0xFE89, 0x4680, 0x2765, 0x2625, 0x043A, 0x34DF, 0x1B7D,
  0x509C, 0x91FE, 0x7219, 0xF81F, 0xF81F, 0xF81F, 0xF81F, 0xF81F, 0xF81F, 0xF81F, 0xF81F, 0xF81F, 0xF81F, 0xF81F, 0xF81F, 0xF81F,
  0xF81F, 0xDB2F, 0xF8C6, 0xE904, 0xF3A0, 0xFD42, 0xFC41, 0xFEE7, 0xFF6C, 0xCE25, 0x16C0, 0x3705, 0x050B, 0x0C3F, 0x349F, 0x21DB,
  0x80DC, 0x821C, 0xF81F, 0xF81F, 0xF81F, 0xF81F, 0xF81F, 0xF81F, 0xF81F, 0xF81F, 0xF81F, 0xF81F, 0xF81F, 0xF81F, 0xF81F, 0xF81F,
  0xF81F, 0xD968, 0xF906, 0xE102, 0xFC80, 0xFCC3, 0xFCC2, 0xFF69, 0xFEEA, 0x8601, 0x1703, 0x3665, 0x0433, 0x2C7F, 0x23BD, 0x40BA,
  0x89BE, 0x7A99, 0xF81F, 0xF81F, 0xF81F, 0xF81F, 0xF81F, 0xF81F, 0xF81F, 0xF81F, 0xF81F, 0xF81F, 0xF81F, 0xF81F, 0xF81F, 0xF81F,
  0xF81F, 0xD844, 0xE906, 0xE181, 0xFD01, 0xFC42, 0xF563, 0xFFAA, 0xFE88, 0x4600, 0x2704, 0x1D86, 0x03DB, 0x347F, 0x1A7B, 0x689A,
  0x81FC, 0xACDA, 0xF81F, 0xF81F, 0xF81F, 0xF81F, 0xF81F, 0xF81F, 0xF81F, 0xF81F, 0xF81F, 0xF81F, 0xF81F, 0xF81F, 0xF81F, 0xF81F,
  0xD4D4, 0xE044, 0xE0E5, 0xE240, 0xFD21, 0xF402, 0xF604, 0xFF8A, 0xDE05, 0x1E00, 0x2EC4, 0x04C9, 0x0BDE, 0x2C1E, 0x2179, 0x78FB,
  0x69D8, 0xF81F, 0xF81F, 0xF81F, 0xF81F, 0xF81F, 0xF81F, 0xF81F, 0xF81F, 0xF81F, 0xF81F, 0xF81F, 0xF81F, 0xF81F, 0xF81F, 0xF81F,
  0xCB4E, 0xE885, 0xD0C4, 0xE2E0, 0xFCE2, 0xF401, 0xF685, 0xFF49, 0xB5C3, 0x0E21, 0x2E64, 0x040E, 0x1BDF, 0x1B9C, 0x30D8, 0x795B,
  0x82D8, 0xF81F, 0xF81F, 0xF81F, 0xF81F, 0xF81F, 0xF81F, 0xF81F, 0xF81F, 0xF81F, 0xF81F, 0xF81F, 0xF81F, 0xF81F, 0xF81F, 0xF81F,
  0xC1E9, 0xE0A5, 0xC8C3, 0xE380, 0xF4A2, 0xEC21, 0xF6E5, 0xFF08, 0x8561, 0x0E22, 0x25C3, 0x0392, 0x23DF, 0x12FA, 0x4897, 0x715A,
  0x9C19, 0xF81F, 0xF81F, 0xF81F, 0xF81F, 0xF81F, 0xF81F, 0xF81F, 0xF81F, 0xF81F, 0xF81F, 0xF81F, 0xF81F, 0xF81F, 0xF81F, 0xF81F,
  0xB0A4, 0xD8A5, 0xC8C2, 0xEBE0, 0xFC62, 0xF460, 0xF725, 0xFEE7, 0x6D60, 0x0E42, 0x1583, 0x0376, 0x1BDF, 0x1279, 0x5076, 0x6939,
  0xF81F, 0xF81F, 0xF81F, 0xF81F, 0xF81F, 0xF81F, 0xF81F, 0xF81F, 0xF81F, 0xF81F, 0xF81F, 0xF81F, 0xF81F, 0xF81F, 0xF81F, 0xF81F,
  0xA8E5, 0xC106, 0xB964, 0xDC02, 0xE444, 0xDC83, 0xE6A6, 0xEE47, 0x5D03, 0x1DE4, 0x2505, 0x1357, 0x23DC, 0x2277, 0x58D5, 0x6176,
  0xF81F, 0xF81F, 0xF81F, 0xF81F, 0xF81F, 0xF81F, 0xF81F, 0xF81F, 0xF81F, 0xF81F, 0xF81F, 0xF81F, 0xF81F, 0xF81F, 0xF81F, 0xF81F,
};

const uint16_t icon_unicorn[1024] PROGMEM = {
  0xF81F, 0xF81F, 0xF81F, 0xF81F, 0xF81F, 0xF81F, 0xF81F, 0xF81F, 0xF81F, 0xF81F, 0xF81F, 0xF81F, 0xF81F, 0xF81F, 0xF81F, 0xF81F,
  0xF81F, 0xF81F, 0xF81F, 0xF81F, 0xF81F, 0xF81F, 0xF81F, 0xF81F, 0xF81F, 0xF81F, 0xF81F, 0xF81F, 0xF81F, 0xF81F, 0xF81F, 0xF81F,
  0xF81F, 0xF81F, 0xF81F, 0xF81F, 0xF81F, 0xF81F, 0xF81F, 0xF81F, 0xF81F, 0xF81F, 0xF81F, 0xF81F, 0xF81F, 0xF81F, 0xF81F, 0xF81F,
  0xF81F, 0xF81F, 0xF81F, 0xF81F, 0xF81F, 0xF81F, 0xF81F, 0xF81F, 0xF81F, 0xF81F, 0xF81F, 0xF81F, 0xF81F, 0xF81F, 0xF81F, 0xF81F,
  0xF81F, 0xF81F, 0xF81F, 0xF81F, 0xF81F, 0xF81F, 0xF81F, 0xF81F, 0xF81F, 0xF81F, 0xF81F, 0xF81F, 0xF81F, 0xCDB9, 0xF81F, 0xF81F,
  0xF81F, 0xB475, 0xF81F, 0xF81F, 0xF81F, 0xF81F, 0xF81F, 0xF81F, 0xF81F, 0xF81F, 0xF81F, 0xF81F, 0xF81F, 0xF81F, 0xF81F, 0xF81F,
  0xF81F, 0xF81F, 0xF81F, 0xDC71, 0xE534, 0xF81F, 0xF81F, 0xF81F, 0xF81F, 0xF81F, 0xF81F, 0xF81F, 0xF81F, 0xBB14, 0xD69B, 0xF81F,
  0xF81F, 0xA26F, 0xB4D6, 0xF81F, 0xF81F, 0xF81F, 0xF81F, 0xF81F, 0xF81F, 0xF81F, 0xF81F, 0xF81F, 0xF81F, 0xF81F, 0xF81F, 0xF81F,
  0xF81F, 0xF81F, 0xF81F, 0xF81F, 0xE4ED, 0xEE91, 0xC673, 0xF81F, 0xF81F, 0xF81F, 0xF81F, 0xF81F, 0xF81F, 0xCA53, 0xBCF6, 0xF81F,
  0xF81F, 0xB22F, 0xAB52, 0xDEFD, 0xF81F, 0xF81F, 0xF81F, 0xF81F, 0xF81F, 0xF81F, 0xF81F, 0xF81F, 0xF81F, 0xF81F, 0xF81F, 0xF81F,
  0xF81F, 0xF81F, 0xF81F, 0xF81F, 0xF81F, 0xCE4A, 0xFFF4, 0x7E8F, 0xF81F, 0xF81F, 0xF81F, 0xF81F, 0xE5BA, 0xD252, 0xC375, 0xD57E,
  0xD499, 0xCA50, 0xA20E, 0xBD58, 0xCBFC, 0xCBFC, 0xD4DD, 0xF81F, 0xF81F, 0xF81F, 0xF81F, 0xF81F, 0xF81F, 0xF81F, 0xF81F, 0xF81F,
  0xF81F, 0xF81F, 0xF81F, 0xF81F, 0xF81F, 0xF81F, 0x8EE9, 0xCFFE, 0x7F34, 0x5557, 0xF81F, 0xF81F, 0xE579, 0xE2FB, 0xDADE, 0xD21D,
  0xC1F7, 0xD250, 0xA14C, 0xBCB5, 0xCBBC, 0xCA7C, 0xEB7F, 0xDB3F, 0xCB7D, 0xF81F, 0xF81F, 0xF81F, 0xF81F, 0xF81F, 0xF81F, 0xF81F,
  0xF81F, 0xF81F, 0xF81F, 0xF81F, 0xF81F, 0xF81F, 0x9E55, 0x3734, 0xCFFF, 0xB7BF, 0x449A, 0x93B8, 0xC3DB, 0xEADF, 0xCABB, 0x7111,
  0xB1D6, 0xE231, 0xB12C, 0xABD1, 0xD4DC, 0xB9D9, 0xBB39, 0xE3BE, 0xEB5F, 0xCA7C, 0xF81F, 0xF81F, 0xF81F, 0xF81F, 0xF81F, 0xF81F,
  0xF81F, 0xF81F, 0xF81F, 0xF81F, 0xF81F, 0xF81F, 0xF81F, 0x7DF4, 0x2D1A, 0xE7DF, 0xE6DF, 0xB2DE, 0xB19C, 0xDA7E, 0x78F1, 0x8133,
  0xDA9C, 0xE232, 0xB92D, 0xAB71, 0xD5DC, 0xEABF, 0xA1D7, 0x9A15, 0xC2BA, 0xD21D, 0xC31B, 0xF81F, 0xF81F, 0xF81F, 0xF81F, 0xF81F,
  0xF81F, 0xF81F, 0xF81F, 0xF81F, 0xF81F, 0xF81F, 0xF81F, 0xF81F, 0x63F8, 0x3BBE, 0xE59F, 0xFFFF, 0xD2BD, 0xC9DC, 0x82F5, 0x8974,
  0xD23D, 0xE439, 0xC14E, 0xBC13, 0xC57A, 0xE2FD, 0xEB3F, 0xA1B6, 0x99B5, 0xC25A, 0xD1DE, 0xD53C, 0xF81F, 0xF81F, 0xF81F, 0xF81F,
  0xF81F, 0xF81F, 0xF81F, 0xF81F, 0xF81F, 0xF81F, 0xF81F, 0xF81F, 0xF81F, 0x8216, 0xB85E, 0xE4DD, 0xCBFC, 0xC9FC, 0xCEBD, 0xBD9B,
  0xB3DA, 0xC45C, 0xE67B, 0xE6DC, 0xC5DA, 0xB198, 0xD2DC, 0xDA9D, 0xC21B, 0xC21A, 0xC1DB, 0xC23D, 0xF81F, 0xF81F, 0xF81F, 0xF81F,
  0xF81F, 0xF81F, 0xF81F, 0xF81F, 0xF81F, 0xF81F, 0xF81F, 0xF81F, 0xF81F, 0xF81F, 0x89F7, 0xBC5B, 0xDF5D, 0xD39C, 0xEE7E, 0xFFFF,
  0xF7FF, 0xE73D, 0xF7DF, 0xF7DF, 0xD67C, 0xC21A, 0x90F4, 0x68AF, 0x80D3, 0xA116, 0xB99A, 0xC99C, 0xCAFD, 0xF81F, 0xF81F, 0xF81F,
  0xF81F, 0xF81F, 0xF81F, 0xF81F, 0xF81F, 0xF81F, 0xF81F, 0xF81F, 0xF81F, 0xB67B, 0xD79E, 0xEFBE, 0xF7BE, 0xF7DF, 0xEF3E, 0xB5B7,
  0xCE39, 0xFFDF, 0xEF7E, 0xEF7E, 0xE77D, 0xBB9A, 0xD1DC, 0xA177, 0x88F4, 0x88F4, 0xA137, 0xC1BB, 0xC9FD, 0xC35D, 0xF81F, 0xF81F,
  0xF81F, 0xF81F, 0xF81F, 0xF81F, 0xF81F, 0xF81F, 0xF81F, 0xF81F, 0xCEDC, 0xD75F, 0xEF7E, 0xF79E, 0xF79F, 0xFFFF, 0x73AE, 0x4A69,
  0x39E7, 0xB5B7, 0xFFFF, 0xE73D, 0xEF7E, 0xC67B, 0xB2FA, 0xE25D, 0xDABD, 0xD25C, 0xCA1B, 0xC1FB, 0xB179, 0xD25E, 0xCCBC, 0xF81F,
  0xF81F, 0xF81F, 0xF81F, 0xF81F, 0xF81F, 0xF81F, 0xF81F, 0xF81F, 0xB69C, 0xEF9F, 0xF79E, 0xF7DF, 0xF7BF, 0xFFFF, 0x632C, 0x10A2,
  0x1082, 0xAD55, 0xFFFF, 0xE75D, 0xE73D, 0xEF5D, 0xCE9B, 0xB43A, 0xB219, 0xC25A, 0xB9F9, 0xA958, 0xC19B, 0xB15A, 0xBABC, 0xF81F,
  0xF81F, 0xF81F, 0xF81F, 0xF81F, 0xF81F, 0xF81F, 0xF81F, 0xC6BC, 0xE79F, 0xF79F, 0xF7DF, 0xFFDF, 0xFFDF, 0xFFFF, 0xE73C, 0x7BCF,
  0x94D3, 0xF79E, 0xEF7E, 0xEF5E, 0xE75D, 0xE73D, 0xE73D, 0xD77C, 0x9296, 0xB9F9, 0xD25C, 0x9936, 0xC21B, 0xB95A, 0xA9BA, 0xD5DD,
  0xF81F, 0xF81F, 0xF81F, 0xF81F, 0xF81F, 0xF81F, 0xF81F, 0xC6BD, 0xF7BF, 0xF7BF, 0xFFDF, 0xFFFF, 0xFFFF, 0xFFDF, 0xFFFF, 0xFFFF,
  0xFFFF, 0xF79E, 0xEF7E, 0xEF5D, 0xE73D, 0xE71D, 0xDEFC, 0xDF3C, 0xAAF8, 0xD27C, 0xC23A, 0x9955, 0xBA19, 0xCA1B, 0xB17A, 0xC4FB,
  0xF81F, 0xF81F, 0xF81F, 0xF81F, 0xF81F, 0xF81F, 0xB61C, 0xEF9F, 0xF79F, 0xF7DF, 0xFFDF, 0xFFDF, 0xFFDF, 0xFFDF, 0xFFDF, 0xF7BF,
  0xF79E, 0xF79E, 0xEF7E, 0xE73D, 0xE71D, 0xDEDC, 0xDEFC, 0xCD9B, 0xD35C, 0xBAB9, 0xB198, 0xCA7B, 0xB1F8, 0xC1FB, 0xC9BC, 0xCCBB,
  0xF81F, 0xF81F, 0xF81F, 0xF81F, 0xF81F, 0xF81F, 0xABBC, 0xEE9E, 0xF7BF, 0xF7BF, 0xFFDF, 0xFFDF, 0xFFDF, 0xFFDF, 0xF7BF, 0xF7BF,
  0xF7BF, 0xF79E, 0xEF5E, 0xE71D, 0xDEDC, 0xD69B, 0xCE5A, 0xCDDA, 0xE6DD, 0xAC79, 0xB0F9, 0xE31E, 0xB1D8, 0xB199, 0xC15C, 0xC3BB,
  0xF81F, 0xF81F, 0xF81F, 0xF81F, 0xF81F, 0x9C1A, 0xBA7D, 0xD4BD, 0xF7DF, 0xF79F, 0xF7BF, 0xF7BF, 0xF7BF, 0xF79F, 0xF79E, 0xF79E,
  0xEF7E, 0xEF5E, 0xE71D, 0xDEDC, 0xD67B, 0xCE3A, 0xBDB9, 0xCE3A, 0xE73D, 0xD6DD, 0xA998, 0xE2BE, 0xBA39, 0xA156, 0xC15B, 0xC31B,
  0xF81F, 0xF81F, 0xF81F, 0xF81F, 0x9498, 0xAB1B, 0xB25B, 0xBA9B, 0xE67D, 0xF79E, 0xEF5E, 0xEF7E, 0xEF5E, 0xEF5E, 0xEF3E, 0xE73D,
  0xE71D, 0xE6FD, 0xDEBD, 0xD67C, 0xCE1B, 0xBD99, 0xAD38, 0xD67B, 0xEF1D, 0xEF9E, 0xBCDB, 0xC95B, 0xDABD, 0x9955, 0xB95A, 0xC33B,
  0xF81F, 0xF81F, 0xF81F, 0xB5FA, 0x8B19, 0xBABC, 0xBA5C, 0xB1FB, 0xC37B, 0xE6FD, 0xEF3D, 0xE6FD, 0xE6FD, 0xDEDD, 0xDEBD, 0xDEBD,
  0xDE9D, 0xD65D, 0xCE3C, 0xCDFB, 0xBD9A, 0x9C76, 0xB559, 0xE6FD, 0xEF3E, 0xEF3E, 0xE75E, 0xABF9, 0xC1BA, 0xBA19, 0xB97A, 0xCB7C,
  0xF81F, 0xF81F, 0xF81F, 0x9CD9, 0x7A16, 0x50CF, 0xCABE, 0xBA5C, 0xB1FA, 0xBB9B, 0xD63C, 0xDEBD, 0xD65C, 0xD63D, 0xD63D, 0xCE1D,
  0xCDFD, 0xCDDC, 0xC59B, 0xACF9, 0x8394, 0x9416, 0xDE7C, 0xEF1E, 0xEF3E, 0xEF3E, 0xEF3E, 0xBD9B, 0xA9F7, 0xB9F9, 0xC9BC, 0xD4BC,
  0xF81F, 0xF81F, 0xF81F, 0xA4D8, 0x7215, 0x50CE, 0xCADD, 0xBA7C, 0xAA3A, 0xA219, 0xA2D8, 0xBD1B, 0xC5DD, 0xBD7C, 0xB4FB, 0xACBA,
  0xA499, 0x9437, 0x7B54, 0x6250, 0x7B33, 0xCDFC, 0xE6FD, 0xEF1E, 0xF73E, 0xEF1E, 0xEF1E, 0xC49A, 0xDB1C, 0xD2DD, 0xC9BC, 0xD5BC,
  0xF81F, 0xF81F, 0xF81F, 0xF81F, 0x7AB6, 0xA2B9, 0xAA9B, 0xAA7A, 0xA259, 0x9257, 0x8235, 0x82B5, 0x8BF6, 0xA4D8, 0xB599, 0xB579,
  0xB578, 0xF81F, 0x83B3, 0x7B14, 0xB4F9, 0xD63C, 0xE6BD, 0xEEFE, 0xF6FE, 0xEEFD, 0xDE1B, 0xBB1A, 0xF43F, 0xE2DF, 0xC23C, 0xD59C,
  0xF81F, 0xF81F, 0xF81F, 0xF81F, 0x9436, 0x82B6, 0x8A77, 0x9A58, 0x8A57, 0x7A55, 0x6212, 0x9456, 0xF81F, 0xF81F, 0xF81F, 0xF81F,
  0xF81F, 0xF81F, 0xF81F, 0x6AB2, 0xAC77, 0xCD9A, 0xE63C, 0xEE7D, 0xEE5C, 0xE57C, 0xD3BC, 0xDB3E, 0xD35D, 0xCCBC, 0xAA59, 0xCCFC,
  0xF81F, 0xF81F, 0xF81F, 0xF81F, 0xF81F, 0x7314, 0x7215, 0x71F5, 0x61B2, 0x6AB2, 0xF81F, 0xF81F, 0xF81F, 0xF81F, 0xF81F, 0xF81F,
  0xF81F, 0xF81F, 0xF81F, 0x5A0E, 0x9BB4, 0xC4F8, 0xDD9A, 0xE5BB, 0xEDDC, 0xE51B, 0xD53C, 0xF81F, 0xF81F, 0xF81F, 0xCD5C, 0xC47A,
  0xF81F, 0xF81F, 0xF81F, 0xF81F, 0xF81F, 0xF81F, 0xF81F, 0xACF8, 0xF81F, 0xF81F, 0xF81F, 0xF81F, 0xF81F, 0xF81F, 0xF81F, 0xF81F,
  0xF81F, 0xF81F, 0xF81F, 0x7330, 0x82F1, 0xB435, 0xCCD8, 0xE57B, 0xDD5A, 0xDE9C, 0xF81F, 0xF81F, 0xF81F, 0xF81F, 0xF81F, 0xF81F,
  0xF81F, 0xF81F, 0xF81F, 0xF81F, 0xF81F, 0xF81F, 0xF81F, 0xF81F, 0xF81F, 0xF81F, 0xF81F, 0xF81F, 0xF81F, 0xF81F, 0xF81F, 0xF81F,
  0xF81F, 0xF81F, 0xF81F, 0xF81F, 0x72B0, 0xA3B4, 0xBC56, 0xCD79, 0xF81F, 0xF81F, 0xF81F, 0xF81F, 0xF81F, 0xF81F, 0xF81F, 0xF81F,
  0xF81F, 0xF81F, 0xF81F, 0xF81F, 0xF81F, 0xF81F, 0xF81F, 0xF81F, 0xF81F, 0xF81F, 0xF81F, 0xF81F, 0xF81F, 0xF81F, 0xF81F, 0xF81F,
  0xF81F, 0xF81F, 0xF81F, 0xF81F, 0xF81F, 0xCE1A, 0xF81F, 0xF81F, 0xF81F, 0xF81F, 0xF81F, 0xF81F, 0xF81F, 0xF81F, 0xF81F, 0xF81F,
  0xF81F, 0xF81F, 0xF81F, 0xF81F, 0xF81F, 0xF81F, 0xF81F, 0xF81F, 0xF81F, 0xF81F, 0xF81F, 0xF81F, 0xF81F, 0xF81F, 0xF81F, 0xF81F,
  0xF81F, 0xF81F, 0xF81F, 0xF81F, 0xF81F, 0xF81F, 0xF81F, 0xF81F, 0xF81F, 0xF81F, 0xF81F, 0xF81F, 0xF81F, 0xF81F, 0xF81F, 0xF81F,
  0xF81F, 0xF81F, 0xF81F, 0xF81F, 0xF81F, 0xF81F, 0xF81F, 0xF81F, 0xF81F, 0xF81F, 0xF81F, 0xF81F, 0xF81F, 0xF81F, 0xF81F, 0xF81F,
  0xF81F, 0xF81F, 0xF81F, 0xF81F, 0xF81F, 0xF81F, 0xF81F, 0xF81F, 0xF81F, 0xF81F, 0xF81F, 0xF81F, 0xF81F, 0xF81F, 0xF81F, 0xF81F,
};

const uint16_t icon_medal[1024] PROGMEM = {
  0xF81F, 0xF81F, 0xF81F, 0xF81F, 0xF81F, 0xF81F, 0xF81F, 0xF81F, 0x8436, 0x000F, 0x31B1, 0xF7FF, 0xF514, 0xF800, 0xEB2D, 0xF81F,
  0xD6BC, 0x31F4, 0x08B1, 0xB5DB, 0xFFFF, 0xF269, 0xF8E3, 0xEA69, 0xF81F, 0xF81F, 0xF81F, 0xF81F, 0xF81F, 0xF81F, 0xF81F, 0xF81F,
  0xF81F, 0xF81F, 0xF81F, 0xF81F, 0xF81F, 0xF81F, 0xF81F, 0xF81F, 0xF81F, 0x004F, 0x084F, 0xD6FD, 0xFF3B, 0xF882, 0xF145, 0xF81F,
  0xAD7A, 0x1933, 0x2172, 0xEF9F, 0xFF3C, 0xF924, 0xF923, 0xE451, 0xF81F, 0xF81F, 0xF81F, 0xF81F, 0xF81F, 0xF81F, 0xF81F, 0xF81F,
  0xF81F, 0xF81F, 0xF81F, 0xF81F, 0xF81F, 0xF81F, 0xF81F, 0xF81F, 0xF81F, 0x3191, 0x000F, 0x9498, 0xFFFF, 0xFA08, 0xF840, 0xF81F,
  0x6BD7, 0x0091, 0x5B15, 0xFFFF, 0xFD13, 0xF881, 0xF144, 0xF81F, 0xF81F, 0xF81F, 0xF81F, 0xF81F, 0xF81F, 0xF81F, 0xF81F, 0xF81F,
  0xF81F, 0xF81F, 0xF81F, 0xF81F, 0xF81F, 0xF81F, 0xF81F, 0xF81F, 0xF81F, 0x73B5, 0x002F, 0x52B3, 0xFFFF, 0xF410, 0xF800, 0xE3EF,
  0x3275, 0x0070, 0x9CF9, 0xFFFF, 0xF2EB, 0xF8C2, 0xEACA, 0xF81F, 0xF81F, 0xF81F, 0xF81F, 0xF81F, 0xF81F, 0xF81F, 0xF81F, 0xF81F,
  0xF81F, 0xF81F, 0xF81F, 0xF81F, 0xF81F, 0xF81F, 0xF81F, 0xF81F, 0xF81F, 0xF81F, 0x088F, 0x2130, 0xE7BF, 0xFE17, 0xF840, 0xC330,
  0x1153, 0x1931, 0xDF1D, 0xFF9D, 0xF965, 0xF903, 0xE4F4, 0xF81F, 0xF81F, 0xF81F, 0xF81F, 0xF81F, 0xF81F, 0xF81F, 0xF81F, 0xF81F,
  0xF81F, 0xF81F, 0xF81F, 0xF81F, 0xF81F, 0xF81F, 0xF81F, 0xF81F, 0xF81F, 0xF81F, 0x2150, 0x088F, 0xBE3B, 0xFF7C, 0xF9E6, 0x6AD3,
  0x0090, 0x52D4, 0xFFFF, 0xF575, 0xF8A1, 0xF165, 0xF81F, 0xF81F, 0xF81F, 0xF81F, 0xF81F, 0xF81F, 0xF81F, 0xF81F, 0xF81F, 0xF81F,
  0xF81F, 0xF81F, 0xF81F, 0xF81F, 0xF81F, 0xF81F, 0xF81F, 0xF81F, 0xF81F, 0xF81F, 0x52F3, 0x008F, 0x8C97, 0xFFFE, 0xCBF1, 0x2151,
  0x08B0, 0xA539, 0xFFFF, 0xF30B, 0xF8C2, 0xEB6E, 0xF81F, 0xF81F, 0xF81F, 0xF81F, 0xF81F, 0xF81F, 0xF81F, 0xF81F, 0xF81F, 0xF81F,
  0xF81F, 0xF81F, 0xF81F, 0xF81F, 0xF81F, 0xF81F, 0xF81F, 0xF81F, 0xF81F, 0xF81F, 0x94B7, 0x08AF, 0x5B14, 0xFFFD, 0x6B94, 0x0890,
  0x2991, 0xE77E, 0xFF5C, 0xF985, 0xF903, 0xF81F, 0xF81F, 0xF81F, 0xF81F, 0xF81F, 0xF81F, 0xF81F, 0xF81F, 0xF81F, 0xF81F, 0xF81F,
  0xF81F, 0xF81F, 0xF81F, 0xF81F, 0xF81F, 0xF81F, 0xF81F, 0xF81F, 0xF81F, 0xF81F, 0xF81F, 0x08AD, 0x31D0, 0xCE79, 0x2991, 0x088F,
  0x5B14, 0xFFFF, 0xF575, 0xF8E2, 0xEACB, 0xF81F, 0xF81F, 0xF81F, 0xF81F, 0xF81F, 0xF81F, 0xF81F, 0xF81F, 0xF81F, 0xF81F, 0xF81F,
  0xF81F, 0xF81F, 0xF81F, 0xF81F, 0xF81F, 0xF81F, 0xF81F, 0xF81F, 0xF81F, 0xF81F, 0xF81F, 0x73B3, 0x212E, 0x6331, 0x1111, 0x08D0,
  0xA559, 0xFFFF, 0xFB8D, 0xF8A2, 0xF81F, 0xF81F, 0xF81F, 0xF81F, 0xF81F, 0xF81F, 0xF81F, 0xF81F, 0xF81F, 0xF81F, 0xF81F, 0xF81F,
  0xF81F, 0xF81F, 0xF81F, 0xF81F, 0xF81F, 0xF81F, 0xF81F, 0xF81F, 0xF81F, 0xF81F, 0xF81F, 0xF81F, 0x6B52, 0x296D, 0x10F0, 0x29B1,
  0xEF7E, 0xF77D, 0xF9A5, 0xEAAA, 0xF81F, 0xF81F, 0xF81F, 0xF81F, 0xF81F, 0xF81F, 0xF81F, 0xF81F, 0xF81F, 0xF81F, 0xF81F, 0xF81F,
  0xF81F, 0xF81F, 0xF81F, 0xF81F, 0xF81F, 0xF81F, 0xF81F, 0xF81F, 0xF81F, 0xF81F, 0xF81F, 0xF81F, 0x52B0, 0x298E, 0x088F, 0x7C16,
  0xFFFF, 0xFC91, 0xF104, 0xF81F, 0xF81F, 0xF81F, 0xF81F, 0xF81F, 0xF81F, 0xF81F, 0xF81F, 0xF81F, 0xF81F, 0xF81F, 0xF81F, 0xF81F,
  0xF81F, 0xF81F, 0xF81F, 0xF81F, 0xF81F, 0xF81F, 0xF81F, 0xF81F, 0xF81F, 0xF81F, 0xF81F, 0xF81F, 0xF81F, 0x41C8, 0x294D, 0xCE9B,
  0xFF5B, 0xE9E7, 0xF81F, 0xF81F, 0xF81F, 0xF81F, 0xF81F, 0xF81F, 0xF81F, 0xF81F, 0xF81F, 0xF81F, 0xF81F, 0xF81F, 0xF81F, 0xF81F,
  0xF81F, 0xF81F, 0xF81F, 0xF81F, 0xF81F, 0xF81F, 0xF81F, 0xF81F, 0xF81F, 0xF81F, 0xF81F, 0xF81F, 0xF81F, 0xDDCB, 0x6B51, 0xA596,
  0xBC51, 0xD48C, 0xF81F, 0xF81F, 0xF81F, 0xF81F, 0xF81F, 0xF81F, 0xF81F, 0xF81F, 0xF81F, 0xF81F, 0xF81F, 0xF81F, 0xF81F, 0xF81F,
  0xF81F, 0xF81F, 0xF81F, 0xF81F, 0xF81F, 0xF81F, 0xF81F, 0xF81F, 0xF81F, 0xF81F, 0xF81F, 0xF81F, 0xF81F, 0xE5AA, 0xF755, 0xEF15,
  0xE714, 0xE60D, 0xF81F, 0xF81F, 0xF81F, 0xF81F, 0xF81F, 0xF81F, 0xF81F, 0xF81F, 0xF81F, 0xF81F, 0xF81F, 0xF81F, 0xF81F, 0xF81F,
  0xF81F, 0xF81F, 0xF81F, 0xF81F, 0xF81F, 0xF81F, 0xF81F, 0xF81F, 0xF81F, 0xF81F, 0xF81F, 0xF81F, 0xF81F, 0xFE46, 0xFEC7, 0xFEA7,
  0xFEE9, 0xEE4A, 0xF81F, 0xF81F, 0xF81F, 0xF81F, 0xF81F, 0xF81F, 0xF81F, 0xF81F, 0xF81F, 0xF81F, 0xF81F, 0xF81F, 0xF81F, 0xF81F,
  0xF81F, 0xF81F, 0xF81F, 0xF81F, 0xF81F, 0xF81F, 0xF81F, 0xF81F, 0xF81F, 0xF81F, 0xF81F, 0xE6AD, 0xE607, 0xE606, 0xE626, 0xEE26,
  0xE5E7, 0xE5C8, 0xE5EA, 0xEED2, 0xF81F, 0xF81F, 0xF81F, 0xF81F, 0xF81F, 0xF81F, 0xF81F, 0xF81F, 0xF81F, 0xF81F, 0xF81F, 0xF81F,
  0xF81F, 0xF81F, 0xF81F, 0xF81F, 0xF81F, 0xF81F, 0xF81F, 0xF81F, 0xF81F, 0xF81F, 0xE627, 0xF667, 0xF665, 0xF5E3, 0xF5E3, 0xFE44,
  0xFEC4, 0xFF26, 0xF709, 0xF64B, 0xE62C, 0xF81F, 0xF81F, 0xF81F, 0xF81F, 0xF81F, 0xF81F, 0xF81F, 0xF81F, 0xF81F, 0xF81F, 0xF81F,
  0xF81F, 0xF81F, 0xF81F, 0xF81F, 0xF81F, 0xF81F, 0xF81F, 0xF81F, 0xF81F, 0xE607, 0xEE88, 0xF604, 0xECC1, 0xED02, 0xEDC4, 0xF606,
  0xFE43, 0xFF04, 0xFF86, 0xFFEC, 0xF6AE, 0xE5EA, 0xF81F, 0xF81F, 0xF81F, 0xF81F, 0xF81F, 0xF81F, 0xF81F, 0xF81F, 0xF81F, 0xF81F,
  0xF81F, 0xF81F, 0xF81F, 0xF81F, 0xF81F, 0xF81F, 0xF81F, 0xF81F, 0xDE0A, 0xF68A, 0xEDC5, 0xE461, 0xEDA3, 0xF5E3, 0xFEE7, 0xF6C8,
  0xF684, 0xFFA8, 0xFFAC, 0xFFD1, 0xFFF4, 0xFE8C, 0xE64F, 0xF81F, 0xF81F, 0xF81F, 0xF81F, 0xF81F, 0xF81F, 0xF81F, 0xF81F, 0xF81F,
  0xF81F, 0xF81F, 0xF81F, 0xF81F, 0xF81F, 0xF81F, 0xF81F, 0xE6B4, 0xEDE8, 0xF668, 0xE440, 0xED62, 0xF5E3, 0xF644, 0xFF49, 0xFF6A,
  0xEEA7, 0xFF8D, 0xFFD3, 0xFFB8, 0xFFF3, 0xFF6C, 0xDD67, 0xF81F, 0xF81F, 0xF81F, 0xF81F, 0xF81F, 0xF81F, 0xF81F, 0xF81F, 0xF81F,
  0xF81F, 0xF81F, 0xF81F, 0xF81F, 0xF81F, 0xF81F, 0xF81F, 0xDDAB, 0xF627, 0xED64, 0xEDC5, 0xF665, 0xF665, 0xF6E7, 0xFF69, 0xFF6A,
  0xF72C, 0xF750, 0xFF73, 0xFF90, 0xF70A, 0xFF68, 0xEE07, 0xDE31, 0xF81F, 0xF81F, 0xF81F, 0xF81F, 0xF81F, 0xF81F, 0xF81F, 0xF81F,
  0xF81F, 0xF81F, 0xF81F, 0xF81F, 0xF81F, 0xF81F, 0xF81F, 0xD507, 0xF606, 0xE502, 0xD4A4, 0xFF09, 0xFF69, 0xFF49, 0xFF49, 0xFF6B,
  0xFF8D, 0xFF6C, 0xFFAB, 0xEE67, 0xD584, 0xFF66, 0xF647, 0xD54B, 0xF81F, 0xF81F, 0xF81F, 0xF81F, 0xF81F, 0xF81F, 0xF81F, 0xF81F,
  0xF81F, 0xF81F, 0xF81F, 0xF81F, 0xF81F, 0xF81F, 0xF81F, 0xD4C6, 0xF626, 0xF5C2, 0xE542, 0xCCE3, 0xF6C7, 0xFF49, 0xFF4B, 0xFF6D,
  0xFF4C, 0xFF6A, 0xE626, 0xCD43, 0xEEE4, 0xFF65, 0xEE27, 0xCCE8, 0xF81F, 0xF81F, 0xF81F, 0xF81F, 0xF81F, 0xF81F, 0xF81F, 0xF81F,
  0xF81F, 0xF81F, 0xF81F, 0xF81F, 0xF81F, 0xF81F, 0xF81F, 0xCCA6, 0xF647, 0xFE43, 0xFEA4, 0xE645, 0xDE08, 0xFF4C, 0xFF4C, 0xFF4B,
  0xFF49, 0xEE66, 0xCD23, 0xEEE4, 0xFF24, 0xFF66, 0xEDE6, 0xCCC9, 0xF81F, 0xF81F, 0xF81F, 0xF81F, 0xF81F, 0xF81F, 0xF81F, 0xF81F,
  0xF81F, 0xF81F, 0xF81F, 0xF81F, 0xF81F, 0xF81F, 0xF81F, 0xCCC9, 0xEDE7, 0xFEE5, 0xFF05, 0xF74B, 0xEEED, 0xFF6D, 0xFF6A, 0xFF28,
  0xFF48, 0xEE86, 0xE623, 0xFF24, 0xFF45, 0xFF48, 0xE545, 0xD56E, 0xF81F, 0xF81F, 0xF81F, 0xF81F, 0xF81F, 0xF81F, 0xF81F, 0xF81F,
  0xF81F, 0xF81F, 0xF81F, 0xF81F, 0xF81F, 0xF81F, 0xF81F, 0xD5B1, 0xDD27, 0xF728, 0xFF8A, 0xF772, 0xF74F, 0xFF6B, 0xDDC6, 0xC4E4,
  0xE646, 0xFF07, 0xE603, 0xFF45, 0xFFC7, 0xEE67, 0xD484, 0xF81F, 0xF81F, 0xF81F, 0xF81F, 0xF81F, 0xF81F, 0xF81F, 0xF81F, 0xF81F,
  0xF81F, 0xF81F, 0xF81F, 0xF81F, 0xF81F, 0xF81F, 0xF81F, 0xF81F, 0xC467, 0xEE6B, 0xFFD2, 0xF754, 0xE62A, 0xD586, 0xD5E4, 0xE664,
  0xCD23, 0xD504, 0xDD43, 0xFFC8, 0xF728, 0xE525, 0xCCC9, 0xF81F, 0xF81F, 0xF81F, 0xF81F, 0xF81F, 0xF81F, 0xF81F, 0xF81F, 0xF81F,
  0xF81F, 0xF81F, 0xF81F, 0xF81F, 0xF81F, 0xF81F, 0xF81F, 0xF81F, 0xD5F4, 0xDD08, 0xEEAF, 0xF72E, 0xD5C6, 0xE685, 0xF704, 0xF704,
  0xFF25, 0xE604, 0xDDE5, 0xF729, 0xDD25, 0xCC64, 0xF81F, 0xF81F, 0xF81F, 0xF81F, 0xF81F, 0xF81F, 0xF81F, 0xF81F, 0xF81F, 0xF81F,
  0xF81F, 0xF81F, 0xF81F, 0xF81F, 0xF81F, 0xF81F, 0xF81F, 0xF81F, 0xF81F, 0xCD71, 0xD487, 0xDD88, 0xEE67, 0xF6C5, 0xF705, 0xFF46,
  0xFF46, 0xFF48, 0xEE48, 0xDCE5, 0xCC64, 0xDE35, 0xF81F, 0xF81F, 0xF81F, 0xF81F, 0xF81F, 0xF81F, 0xF81F, 0xF81F, 0xF81F, 0xF81F,
  0xF81F, 0xF81F, 0xF81F, 0xF81F, 0xF81F, 0xF81F, 0xF81F, 0xF81F, 0xF81F, 0xF81F, 0xD5D4, 0xC448, 0xD466, 0xDCE6, 0xDD46, 0xDD45,
  0xDD05, 0xD4A5, 0xD464, 0xCCEA, 0xF81F, 0xF81F, 0xF81F, 0xF81F, 0xF81F, 0xF81F, 0xF81F, 0xF81F, 0xF81F, 0xF81F, 0xF81F, 0xF81F,
  0xF81F, 0xF81F, 0xF81F, 0xF81F, 0xF81F, 0xF81F, 0xF81F, 0xF81F, 0xF81F, 0xF81F, 0xF81F, 0xF81F, 0xD5B2, 0xCC8A, 0xC406, 0xBBE5,
  0xC447, 0xCD0C, 0xDE56, 0xF81F, 0xF81F, 0xF81F, 0xF81F, 0xF81F, 0xF81F, 0xF81F, 0xF81F, 0xF81F, 0xF81F, 0xF81F, 0xF81F, 0xF81F,
};

const uint16_t icon_smile[1024] PROGMEM = {
  0xF81F, 0xF81F, 0xF81F, 0xF81F, 0xF81F, 0xF81F, 0xF81F, 0xF81F, 0xF81F, 0xF81F, 0xF81F, 0xF81F, 0xF81F, 0xF81F, 0xF81F, 0xF81F,
  0xF81F, 0xF81F, 0xF81F, 0xF81F, 0xF81F, 0xF81F, 0xF81F, 0xF81F, 0xF81F, 0xF81F, 0xF81F, 0xF81F, 0xF81F, 0xF81F, 0xF81F, 0xF81F,
  0xF81F, 0xF81F, 0xF81F, 0xF81F, 0xF81F, 0xF81F, 0xF81F, 0xF81F, 0xF81F, 0xF81F, 0xF81F, 0xF81F, 0xF81F, 0xE676, 0xE631, 0xEE0F,
  0xEE0F, 0xE631, 0xE675, 0xF81F, 0xF81F, 0xF81F, 0xF81F, 0xF81F, 0xF81F, 0xF81F, 0xF81F, 0xF81F, 0xF81F, 0xF81F, 0xF81F, 0xF81F,
  0xF81F, 0xF81F, 0xF81F, 0xF81F, 0xF81F, 0xF81F, 0xF81F, 0xF81F, 0xF81F, 0xF81F, 0xEE11, 0xF5A6, 0xF5C1, 0xFEA3, 0xFF26, 0xFF67,
  0xFF67, 0xFF26, 0xFEA3, 0xF5C1, 0xF5A6, 0xE611, 0xF81F, 0xF81F, 0xF81F, 0xF81F, 0xF81F, 0xF81F, 0xF81F, 0xF81F, 0xF81F, 0xF81F,
  0xF81F, 0xF81F, 0xF81F, 0xF81F, 0xF81F, 0xF81F, 0xF81F, 0xF81F, 0xE5F1, 0xF563, 0xFE82, 0xFF4A, 0xFFB2, 0xFFF8, 0xFFFB, 0xFFFD,
  0xFFFD, 0xFFFB, 0xFFF8, 0xFFB3, 0xFF6B, 0xFE82, 0xF542, 0xE5F1, 0xF81F, 0xF81F, 0xF81F, 0xF81F, 0xF81F, 0xF81F, 0xF81F, 0xF81F,
  0xF81F, 0xF81F, 0xF81F, 0xF81F, 0xF81F, 0xF81F, 0xF81F, 0xED48, 0xFE00, 0xFF29, 0xFFD5, 0xFFFB, 0xFFFB, 0xFFFB, 0xFFFB, 0xFFFB,
  0xFFFB, 0xFFFB, 0xFFFB, 0xFFFB, 0xFFFB, 0xFFD6, 0xFF2B, 0xFE01, 0xED27, 0xF81F, 0xF81F, 0xF81F, 0xF81F, 0xF81F, 0xF81F, 0xF81F,
  0xF81F, 0xF81F, 0xF81F, 0xF81F, 0xF81F, 0xF81F, 0xF504, 0xFE42, 0xFF6F, 0xFFF8, 0xFFF8, 0xFFD7, 0xFFD8, 0xFFF8, 0xFFF9, 0xFFF9,
  0xFFF9, 0xFFF9, 0xFFF8, 0xFFD8, 0xFFD7, 0xFFF7, 0xFFF8, 0xFF91, 0xFE63, 0xF503, 0xF81F, 0xF81F, 0xF81F, 0xF81F, 0xF81F, 0xF81F,
  0xF81F, 0xF81F, 0xF81F, 0xF81F, 0xF81F, 0xF4E3, 0xFE22, 0xFF71, 0xFFF5, 0xFFD4, 0xFFD4, 0xFFD5, 0xFFD6, 0xFFD6, 0xFFD7, 0xFFD7,
  0xFFD7, 0xFFD7, 0xFFD6, 0xFFD6, 0xFFD5, 0xFFD4, 0xFFD4, 0xFFD5, 0xFF72, 0xFE43, 0xF4C3, 0xF81F, 0xF81F, 0xF81F, 0xF81F, 0xF81F,
  0xF81F, 0xF81F, 0xF81F, 0xF81F, 0xECE7, 0xFDE1, 0xFF2E, 0xFFB2, 0xFFB1, 0xFFD2, 0xFFD2, 0xFFD3, 0xFFD3, 0xFFD4, 0xFFD4, 0xFFD4,
  0xFFD4, 0xFFD4, 0xFFD4, 0xFFD3, 0xFFD3, 0xFFD2, 0xFFD2, 0xFFB1, 0xFF92, 0xFF30, 0xFE02, 0xECC6, 0xF81F, 0xF81F, 0xF81F, 0xF81F,
  0xF81F, 0xF81F, 0xF81F, 0xE5D1, 0xFD40, 0xFEAA, 0xFF50, 0xFF6F, 0xFFAF, 0xFFD0, 0xFFD0, 0xFFB0, 0xFFB1, 0xFFD1, 0xFFD2, 0xFFD2,
  0xFFD2, 0xFFD2, 0xFFD1, 0xFFB1, 0xFFB0, 0xFFD0, 0xFFD0, 0xFFAF, 0xFF6F, 0xFF4F, 0xFECB, 0xFD60, 0xE590, 0xF81F, 0xF81F, 0xF81F,
  0xF81F, 0xF81F, 0xF81F, 0xF482, 0xFDE4, 0xFEED, 0xFF2C, 0xFF4D, 0xFF8D, 0xFF8D, 0xFFCE, 0xFFEF, 0xFFEF, 0xFFAF, 0xFFCF, 0xFFCF,
  0xFFCF, 0xFFCF, 0xFFAF, 0xFFEF, 0xFFEF, 0xFFCE, 0xFF8D, 0xFF8D, 0xFF4D, 0xFF2C, 0xFEED, 0xFE05, 0xF481, 0xF81F, 0xF81F, 0xF81F,
  0xF81F, 0xF81F, 0xE5B1, 0xFD20, 0xFE48, 0xFECA, 0xFEEA, 0xFF2B, 0xFF4B, 0xFFAC, 0xFF4A, 0xCD87, 0xEEEA, 0xFFED, 0xFFAC, 0xFFAC,
  0xFFAC, 0xFFAC, 0xFFEC, 0xEECA, 0xCD87, 0xFF2A, 0xFF8C, 0xFF4B, 0xFF2B, 0xFEEA, 0xFECA, 0xFE69, 0xFD21, 0xE590, 0xF81F, 0xF81F,
  0xF81F, 0xF81F, 0xE486, 0xFD82, 0xFE48, 0xFEA8, 0xFEC9, 0xFF09, 0xFF49, 0xF709, 0x8AE2, 0x71A0, 0x7A20, 0xE668, 0xFFEB, 0xFFAA,
  0xFFAA, 0xFFEB, 0xE668, 0x7A20, 0x6980, 0x8AE2, 0xF709, 0xFF49, 0xFF09, 0xFEC9, 0xFEA8, 0xFE48, 0xFD83, 0xE485, 0xF81F, 0xF81F,
  0xF81F, 0xF81F, 0xEC20, 0xFD83, 0xFE26, 0xFE67, 0xFEA7, 0xFEC7, 0xFF68, 0xBC84, 0x8220, 0xAB61, 0x8A60, 0x9B62, 0xFFA9, 0xFF88,
  0xFF68, 0xFFA9, 0x9B62, 0x8A80, 0xAB61, 0x8220, 0xC4A4, 0xFF48, 0xFEC7, 0xFEA7, 0xFE67, 0xFE27, 0xFD84, 0xEC40, 0xF81F, 0xF81F,
  0xF81F, 0xDE15, 0xFC80, 0xFD63, 0xFDC5, 0xFE05, 0xFE25, 0xFE66, 0xFEC6, 0x9B42, 0x92A0, 0xA382, 0x9AE0, 0x8AA0, 0xF6C6, 0xFF67,
  0xFF67, 0xF6C6, 0x8AA0, 0x9AE0, 0xA362, 0x92A0, 0xA362, 0xFEC6, 0xFE45, 0xFE25, 0xFE05, 0xFDE5, 0xFD84, 0xFCA0, 0xDDF4, 0xF81F,
  0xF81F, 0xDD91, 0xFCA0, 0xFD43, 0xFD63, 0xFD84, 0xFD84, 0xFDC4, 0xFE24, 0x8A80, 0xBCA3, 0xF747, 0xD5C5, 0x8220, 0xEE45, 0xFF46,
  0xFF46, 0xEE45, 0x8220, 0xD5C5, 0xF747, 0xBCA3, 0x8A80, 0xFE04, 0xFDC4, 0xFD84, 0xFD84, 0xFD64, 0xFD43, 0xFCC0, 0xDD70, 0xF81F,
  0xF81F, 0xD52E, 0xFCA0, 0xFD02, 0xFD02, 0xFD02, 0xFD02, 0xFD43, 0xFDA3, 0xB3E3, 0xFE65, 0xFEC5, 0xFF46, 0xB463, 0xEE45, 0xFF26,
  0xFF26, 0xEE45, 0xB463, 0xFF46, 0xFEC5, 0xFE65, 0xB3C2, 0xFD83, 0xFD23, 0xFD02, 0xFD03, 0xFD03, 0xFD02, 0xFCA0, 0xD52E, 0xF81F,
  0xF81F, 0xD50D, 0xFC80, 0xFCC2, 0xFCC2, 0xFCA2, 0xFCA2, 0xFCC2, 0xFD23, 0xFDE4, 0xFE25, 0xFE85, 0xFEC6, 0xFF06, 0xFEE6, 0xFEE6,
  0xFEE6, 0xFEE6, 0xFF06, 0xFEC6, 0xFE65, 0xFE04, 0xFDC4, 0xFD03, 0xFCC2, 0xFCA2, 0xFCA2, 0xFCC2, 0xFCE2, 0xFCA0, 0xD50D, 0xF81F,
  0xF81F, 0xCD0E, 0xFC60, 0xFCA1, 0xFC81, 0xFC61, 0xFC41, 0xFC82, 0xFCE2, 0xFD63, 0xFDE4, 0xFE65, 0xFEA6, 0xFEA6, 0xFEC6, 0xFEC6,
  0xFEC6, 0xFEC6, 0xFEA6, 0xFEA6, 0xFE45, 0xFDC4, 0xFD43, 0xFCC2, 0xFC61, 0xFC41, 0xFC61, 0xFCA2, 0xFCA1, 0xFC80, 0xD50E, 0xF81F,
  0xF81F, 0xCD72, 0xF440, 0xF481, 0xFC81, 0xFC61, 0xFC41, 0xFC82, 0xFD03, 0xFD64, 0xFDC5, 0xFE46, 0xFE86, 0xFEA6, 0xFEA6, 0xFEA6,
  0xFEA6, 0xFEA6, 0xFEA6, 0xFE86, 0xFE45, 0xFDA4, 0xFD63, 0xFCE2, 0xFC61, 0xFC41, 0xFC61, 0xFCA1, 0xF4A1, 0xF440, 0xD592, 0xF81F,
  0xF81F, 0xF81F, 0xDBC0, 0xF481, 0xFCA1, 0xFC81, 0xFC82, 0xFCE3, 0xEC83, 0xFD44, 0xFE25, 0xFE46, 0xFE66, 0xFE86, 0xFE86, 0xFE86,
  0xFE86, 0xFE86, 0xFE86, 0xFE66, 0xFE26, 0xFE25, 0xF4E3, 0xF4A3, 0xFCC2, 0xFC82, 0xFCA2, 0xFCA1, 0xF481, 0xDBC0, 0xF81F, 0xF81F,
  0xF81F, 0xF81F, 0xCC05, 0xF461, 0xF4A1, 0xFCC1, 0xFCC2, 0xFD43, 0xD443, 0x8221, 0xED44, 0xFE87, 0xFEA7, 0xFE87, 0xFE67, 0xFE66,
  0xFE66, 0xFE67, 0xFE87, 0xFEA7, 0xFE66, 0xD483, 0x7A21, 0xECE4, 0xFD23, 0xFCE2, 0xFCC1, 0xF4A1, 0xF481, 0xD3E5, 0xF81F, 0xF81F,
  0xF81F, 0xF81F, 0xD530, 0xEC20, 0xECA2, 0xFCE2, 0xFD02, 0xFD23, 0xFDE5, 0xA383, 0x6980, 0xAB62, 0xDCE5, 0xF5E6, 0xFE46, 0xFE67,
  0xFE67, 0xFE46, 0xF5C6, 0xD4A4, 0x9AE1, 0x6980, 0xCC85, 0xFDC5, 0xFD23, 0xFD02, 0xFCE2, 0xECA2, 0xEC20, 0xD52F, 0xF81F, 0xF81F,
  0xF81F, 0xF81F, 0xF81F, 0xCBA2, 0xE461, 0xECE2, 0xFD22, 0xFD62, 0xFD84, 0xFE26, 0xBC44, 0x7A00, 0x71A0, 0x8220, 0x92A1, 0x9AE1,
  0x9AE1, 0x8A81, 0x7A00, 0x71A0, 0x8261, 0xD505, 0xFE26, 0xFD84, 0xFD62, 0xFD22, 0xECE2, 0xE461, 0xCBA2, 0xF81F, 0xF81F, 0xF81F,
  0xF81F, 0xF81F, 0xF81F, 0xD551, 0xE400, 0xE482, 0xED02, 0xFD42, 0xFD83, 0xFD83, 0xFE25, 0xEDA6, 0xBC44, 0x9B21, 0x8A80, 0x8240,
  0x8240, 0x8A81, 0x9B42, 0xC484, 0xF5E6, 0xFE05, 0xFD83, 0xFD83, 0xFD42, 0xF502, 0xE482, 0xE400, 0xD530, 0xF81F, 0xF81F, 0xF81F,
  0xF81F, 0xF81F, 0xF81F, 0xF81F, 0xCC07, 0xE420, 0xE4A2, 0xED02, 0xF542, 0xFD62, 0xFD63, 0xFDC4, 0xFE05, 0xFE06, 0xEDA5, 0xE565,
  0xE565, 0xEDA6, 0xFE06, 0xFE05, 0xFDA3, 0xFD63, 0xFD62, 0xF542, 0xF502, 0xE4A2, 0xE421, 0xCC06, 0xF81F, 0xF81F, 0xF81F, 0xF81F,
  0xF81F, 0xF81F, 0xF81F, 0xF81F, 0xF81F, 0xCBC3, 0xE421, 0xE482, 0xECE2, 0xF522, 0xFD42, 0xFD42, 0xFD62, 0xFD83, 0xFDA3, 0xFDA4,
  0xFDA4, 0xFDA3, 0xFD63, 0xFD62, 0xFD62, 0xFD42, 0xF522, 0xECE2, 0xE4A2, 0xE441, 0xCBA3, 0xF81F, 0xF81F, 0xF81F, 0xF81F, 0xF81F,
  0xF81F, 0xF81F, 0xF81F, 0xF81F, 0xF81F, 0xF81F, 0xCBC3, 0xE420, 0xE482, 0xECC2, 0xF502, 0xF522, 0xFD42, 0xFD42, 0xFD42, 0xFD42,
  0xFD42, 0xFD42, 0xFD42, 0xFD42, 0xF522, 0xF502, 0xECC2, 0xE482, 0xE421, 0xCBC3, 0xF81F, 0xF81F, 0xF81F, 0xF81F, 0xF81F, 0xF81F,
  0xF81F, 0xF81F, 0xF81F, 0xF81F, 0xF81F, 0xF81F, 0xF81F, 0xCC27, 0xE400, 0xE441, 0xE4A2, 0xECC2, 0xECE2, 0xF502, 0xF502, 0xF502,
  0xF502, 0xF502, 0xF502, 0xECE2, 0xECC2, 0xE4A2, 0xE441, 0xE400, 0xCC27, 0xF81F, 0xF81F, 0xF81F, 0xF81F, 0xF81F, 0xF81F, 0xF81F,
  0xF81F, 0xF81F, 0xF81F, 0xF81F, 0xF81F, 0xF81F, 0xF81F, 0xF81F, 0xD550, 0xCBC3, 0xE400, 0xE441, 0xE461, 0xE4A2, 0xECA2, 0xECC2,
  0xECC2, 0xECA2, 0xE4A2, 0xE461, 0xE441, 0xE400, 0xCBA2, 0xD530, 0xF81F, 0xF81F, 0xF81F, 0xF81F, 0xF81F, 0xF81F, 0xF81F, 0xF81F,
  0xF81F, 0xF81F, 0xF81F, 0xF81F, 0xF81F, 0xF81F, 0xF81F, 0xF81F, 0xF81F, 0xF81F, 0xD550, 0xCC06, 0xCB80, 0xDBE0, 0xE420, 0xEC20,
  0xEC20, 0xE420, 0xDBE0, 0xCB80, 0xCC06, 0xCD30, 0xF81F, 0xF81F, 0xF81F, 0xF81F, 0xF81F, 0xF81F, 0xF81F, 0xF81F, 0xF81F, 0xF81F,
  0xF81F, 0xF81F, 0xF81F, 0xF81F, 0xF81F, 0xF81F, 0xF81F, 0xF81F, 0xF81F, 0xF81F, 0xF81F, 0xF81F, 0xF81F, 0xD5D4, 0xCD30, 0xCCEE,
  0xCD0E, 0xCD30, 0xD5D4, 0xF81F, 0xF81F, 0xF81F, 0xF81F, 0xF81F, 0xF81F, 0xF81F, 0xF81F, 0xF81F, 0xF81F, 0xF81F, 0xF81F, 0xF81F,
  0xF81F, 0xF81F, 0xF81F, 0xF81F, 0xF81F, 0xF81F, 0xF81F, 0xF81F, 0xF81F, 0xF81F, 0xF81F, 0xF81F, 0xF81F, 0xF81F, 0xF81F, 0xF81F,
  0xF81F, 0xF81F, 0xF81F, 0xF81F, 0xF81F, 0xF81F, 0xF81F, 0xF81F, 0xF81F, 0xF81F, 0xF81F, 0xF81F, 0xF81F, 0xF81F, 0xF81F, 0xF81F,
};

struct IconEntry { const char* name; const uint16_t* data; };
const IconEntry ICON_TABLE[] = {
  { "heart", icon_heart },
  { "flower", icon_flower },
  { "toothbrush", icon_toothbrush },
  { "shirt", icon_shirt },
  { "cereal", icon_cereal },
  { "soccer", icon_soccer },
  { "books", icon_books },
  { "hairbrush", icon_hairbrush },
  { "backpack", icon_backpack },
  { "vitamin", icon_vitamin },
  { "pencil", icon_pencil },
  { "homework", icon_homework },
  { "shower", icon_shower },
  { "bath", icon_bath },
  { "bed", icon_bed },
  { "moon", icon_moon },
  { "sun", icon_sun },
  { "clock", icon_clock },
  { "socks", icon_socks },
  { "shoes", icon_shoes },
  { "coat", icon_coat },
  { "pajamas", icon_pajamas },
  { "laundry", icon_laundry },
  { "trash", icon_trash },
  { "dishes", icon_dishes },
  { "toys", icon_toys },
  { "plant", icon_plant },
  { "water", icon_water },
  { "milk", icon_milk },
  { "apple", icon_apple },
  { "lunch", icon_lunch },
  { "banana", icon_banana },
  { "dog", icon_dog },
  { "cat", icon_cat },
  { "fish", icon_fish },
  { "ballet", icon_ballet },
  { "swim", icon_swim },
  { "bike", icon_bike },
  { "piano", icon_piano },
  { "music", icon_music },
  { "basketball", icon_basketball },
  { "tennis", icon_tennis },
  { "gymnastics", icon_gymnastics },
  { "dance", icon_dance },
  { "art", icon_art },
  { "game", icon_game },
  { "tv", icon_tv },
  { "tablet", icon_tablet },
  { "school", icon_school },
  { "bus", icon_bus },
  { "car", icon_car },
  { "doctor", icon_doctor },
  { "dentist", icon_dentist },
  { "gift", icon_gift },
  { "cake", icon_cake },
  { "party", icon_party },
  { "umbrella", icon_umbrella },
  { "star", icon_star },
  { "sparkles", icon_sparkles },
  { "rainbow", icon_rainbow },
  { "unicorn", icon_unicorn },
  { "medal", icon_medal },
  { "smile", icon_smile },
};
const int ICON_COUNT = sizeof(ICON_TABLE) / sizeof(ICON_TABLE[0]);
